label,leg,n,mean_bps,ann_ret_arith_pct,ann_ret_geom_pct,ann_vol_pct,sharpe,t,p,win_rate,start,end,period,universe,n_names
SPY,overnight,8460,4.010645720822532,10.10682721647278,10.012027898551338,10.582194723266225,0.9550785523017932,5.5338069387915025,3.1335387618014465e-08,0.5647754137115839,1993-02-01,2026-09-10,full,SPY,
SPY,intraday,8460,0.7460087330102588,1.879942007185852,0.7304392948715297,15.181402626155776,0.12383190496159642,0.7174926641046775,0.4730701612819854,0.5237588652482269,1993-02-01,2026-09-10,full,SPY,
SPY,total,8460,4.758396057564951,11.991158065063678,10.815598979407401,18.53941303767714,0.6467927566365977,3.747572632648437,0.00017855414164724692,0.5405437352245863,1993-02-01,2026-09-10,full,SPY,
QQQ,overnight,6918,5.558129995031362,14.006487587479032,13.86210686152605,14.277138152151764,0.9810430800775057,5.140177156220852,2.7447955464054985e-07,0.559410234171726,1999-03-11,2026-09-10,full,QQQ,
QQQ,intraday,6918,-0.0514395001566402,-0.12962754039473331,-2.738333722686293,23.03650777943381,-0.005627048232999113,-0.02948293033363006,0.9764794326443895,0.5235617230413414,1999-03-11,2026-09-10,full,QQQ,
QQQ,total,6918,5.484244522500126,13.820296196700319,10.744182391975784,26.90684548755538,0.5136349485149537,2.6911913274844728,0.0071197349938176835,0.5448106389129806,1999-03-11,2026-09-10,full,QQQ,
IWM,overnight,6610,5.32567168218502,13.420692639106251,13.36052971709767,13.240402486822624,1.0136166670509494,5.191276994644735,2.088566368740885e-07,0.5574886535552194,2000-05-30,2026-09-10,full,IWM,
IWM,intraday,6610,-0.8791427053874107,-2.215439617576275,-4.1487764927710575,20.10022686537993,-0.11021963246554627,-0.5644941139743784,0.5724179048227043,0.5110438729198185,2000-05-30,2026-09-10,full,IWM,
IWM,total,6610,4.426207438747611,11.15404274564398,8.65745470811398,23.838937621882817,0.4678917711251189,2.3963258166347,0.01656036239777503,0.5308623298033283,2000-05-30,2026-09-10,full,IWM,
RSP,overnight,5877,4.73213069824376,11.924969359574275,11.918005303823463,11.4782890155446,1.0389152375780706,5.01715699475079,5.244171337182024e-07,0.5684873234643526,2003-05-02,2026-09-10,full,RSP,
RSP,intraday,5877,0.2507286303078012,0.631836148375659,-0.6203632533011797,15.840307229225687,0.039887872074217644,0.19262756877973622,0.8472506525022341,0.5220350518972264,2003-05-02,2026-09-10,full,RSP,
RSP,total,5877,4.995700903482478,12.589166276775845,11.223707125090922,19.72613438505599,0.6381973290374151,3.0819994525017496,0.0020561521563229324,0.5456865747830526,2003-05-02,2026-09-10,full,RSP,
DIA,overnight,7204,3.0315774294050293,7.639575122100674,7.327333916160461,10.622771096200664,0.7191697018523765,3.845191417144703,0.00012045836858565195,0.5505274847307051,1998-01-21,2026-09-10,full,DIA,
DIA,intraday,7204,1.0763521562890552,2.712407433848419,1.6295462602913233,14.807832506892774,0.1831738326717191,0.979377256050441,0.3273936106893718,0.5267906718489728,1998-01-21,2026-09-10,full,DIA,
DIA,total,7204,4.127513754417061,10.401334661130994,9.07628247226161,18.505644761111768,0.5620628081540086,3.0051865091692633,0.002654180422905661,0.5378956135480288,1998-01-21,2026-09-10,full,DIA,
MDY,overnight,7889,5.447137444521147,13.726786360193291,13.8922967858646,11.933360718307979,1.1502867200799407,6.436011531841936,1.2265366500230357e-10,0.5659779439726201,1995-05-05,2026-09-10,full,MDY,
MDY,intraday,7889,-0.35549339364472404,-0.8958433519847046,-2.444872819123906,17.76150726475775,-0.05043734963654973,-0.28220386989586227,0.7777871911247218,0.5175560907592851,1995-05-05,2026-09-10,full,MDY,
MDY,total,7889,5.0978185892291865,12.846502844857548,11.107774978671056,21.46643003017242,0.5984461704531673,3.3483881774759223,0.000812830750534399,0.539231841805045,1995-05-05,2026-09-10,full,MDY,
XLK,overnight,6970,6.048672217689224,15.242653988576842,14.967878238616555,16.01211147446098,0.9519452829746154,5.00642950019638,5.544895724796106e-07,0.5543758967001434,1998-12-23,2026-09-10,full,XLK,
XLK,intraday,6970,-0.6855448933864491,-1.7275731313338514,-3.946482927742713,21.47109576336497,-0.08046040827974515,-0.42315390266007835,0.6721829769973293,0.5156384505021521,1998-12-23,2026-09-10,full,XLK,
XLK,total,6970,5.277067939443915,13.298211207398666,10.430690551541568,26.012391185682247,0.5112260196486001,2.6886177932823223,0.007174851680024741,0.5400286944045911,1998-12-23,2026-09-10,full,XLK,
XLF,overnight,6970,4.130574043810321,10.409046590402008,9.355345693060654,17.147775465441047,0.6070202290308729,3.1924145601519442,0.0014108867802953284,0.5423242467718795,1998-12-23,2026-09-10,full,XLF,
XLF,intraday,6970,-0.15054634318868879,-0.37937678483549575,-2.998266006208492,23.100828037023057,-0.01642264875646358,-0.08636928474376936,0.9311728628907088,0.5071736011477762,1998-12-23,2026-09-10,full,XLF,
XLF,total,6970,3.9188855992134997,9.87559171001802,6.076581537173864,28.21931670944545,0.3499585695748793,1.8404869879616002,0.06569677287601872,0.5139167862266858,1998-12-23,2026-09-10,full,XLF,
LARGECAP30,overnight,9239,3.528212694259623,8.89109598953425,8.721401270267032,10.253243796489574,0.8671495739307706,5.250567284463773,1.5163150379748913e-07,0.5496265829635242,1990-01-03,2026-09-10,full,LARGECAP30,29.996319948046324
LARGECAP30,intraday,9239,3.3709433172452936,8.49477715945814,7.644707050170502,15.019611633113097,0.5655790154207495,3.424565685578598,0.0006157829662036818,0.5309016127286503,1990-01-03,2026-09-10,full,LARGECAP30,29.996319948046324
LARGECAP30,total,9239,6.881096783009737,17.340363893184538,16.953437876748463,18.305060242667185,0.9472989251773105,5.735869444757142,9.701337067014038e-09,0.5471371360536854,1990-01-03,2026-09-10,full,LARGECAP30,29.996319948046324
MODERN10,overnight,9239,8.110250516510376,20.437831301606145,20.68017254308895,18.027615614291648,1.1336957553834113,6.8644972248199565,6.672440377997191e-12,0.562939712090053,1990-01-03,2026-09-10,full,MODERN10,7.24797055958437
MODERN10,intraday,9239,5.429094161145225,13.681317286085967,9.914042927813583,29.13332244824322,0.46961060862150217,2.8434795705291234,0.004462387006659796,0.5221344301331313,1990-01-03,2026-09-10,full,MODERN10,7.24797055958437
MODERN10,total,9239,13.368627312974688,33.68894082869621,32.35890529629869,33.61356279986361,1.0022424885240944,6.068551239078726,1.2906924418132348e-09,0.5371793484143306,1990-01-03,2026-09-10,full,MODERN10,7.24797055958437
ALL40,overnight,9239,4.440986778868567,11.191286682748789,11.175165350866289,10.887737722039862,1.0278798928168944,6.2237850306703635,4.85302020791778e-10,0.5636973698452213,1990-01-03,2026-09-10,full,ALL40,37.244290507630694
ALL40,intraday,9239,3.7705255688095414,9.501724433400044,8.542361419516237,16.153231625920345,0.5882243660861687,3.5616826731475175,0.00036848559117808044,0.5337157701049897,1990-01-03,2026-09-10,full,ALL40,37.244290507630694
ALL40,total,9239,8.171912990309409,20.59322073557971,20.56108135374522,19.43031928083183,1.059849837665565,6.417362184548943,1.386557535454358e-10,0.5537395822058664,1990-01-03,2026-09-10,full,ALL40,37.244290507630694
SPY,overnight,1428,3.2765091267836035,8.256802999494681,8.070208092645496,9.943531822316789,0.8303692437493394,1.97667417449972,0.04807847181555913,0.5623249299719888,2021-01-04,2026-09-10,2021_2026,SPY,
SPY,intraday,1428,2.7672147293050666,6.973381117848768,6.199934005003375,13.885162481710694,0.5022181862858279,1.1955184109576134,0.23188454737563124,0.5357142857142857,2021-01-04,2026-09-10,2021_2026,SPY,
SPY,total,1428,6.020247929361105,15.171024781989983,14.770489673459322,16.700502672104477,0.9084172542501227,2.1624656014935546,0.03058230575647114,0.5434173669467787,2021-01-04,2026-09-10,2021_2026,SPY,
QQQ,overnight,1428,4.179653910946465,10.532727855585094,10.128842676953306,13.286816824288836,0.7927201823337282,1.887051481999253,0.05915340155238047,0.5518207282913166,2021-01-04,2026-09-10,2021_2026,QQQ,
QQQ,intraday,1428,2.783810716675494,7.0152030060222454,5.4461625181279585,18.545223023457797,0.3782754727267899,0.9004757382505277,0.36786713103279567,0.5364145658263305,2021-01-04,2026-09-10,2021_2026,QQQ,
QQQ,total,1428,6.934038634168379,17.473777358104314,16.12663842847357,22.466089030628957,0.777784568301211,1.8514976091160653,0.06409799838482488,0.5455182072829131,2021-01-04,2026-09-10,2021_2026,QQQ,
IWM,overnight,1428,5.342150062347281,13.46221815711515,13.379213260960373,13.433439237600457,1.0021423344391316,2.38557591886997,0.01705240231957328,0.5483193277310925,2021-01-04,2026-09-10,2021_2026,IWM,
IWM,intraday,1428,-1.1397909094523186,-2.8722730918198427,-4.5256302041387055,18.773136614703215,-0.15299910455934487,-0.3642107182805685,0.7157006638268322,0.4964985994397759,2021-01-04,2026-09-10,2021_2026,IWM,
IWM,total,1428,4.142756839761455,10.439747236198867,8.248089340407526,22.43743615201125,0.46528253787423335,1.1075939810932052,0.26803720400960973,0.5189075630252101,2021-01-04,2026-09-10,2021_2026,IWM,
RSP,overnight,1428,3.976345379964108,10.020390357509552,10.101458616310941,8.895517372062173,1.1264539136284786,2.681496667409923,0.007329364446302833,0.5714285714285714,2021-01-04,2026-09-10,2021_2026,RSP,
RSP,intraday,1428,0.760316526728329,1.915997647355389,1.0473373219502455,13.249060473502055,0.14461385025657925,0.34424982046112457,0.7306584179820435,0.5140056022408963,2021-01-04,2026-09-10,2021_2026,RSP,
RSP,total,1428,4.7309732609983755,11.922052617715908,11.254592284411284,15.850798878193494,0.7521420661085731,1.7904562444035732,0.07338059539200614,0.5322128851540616,2021-01-04,2026-09-10,2021_2026,RSP,
DIA,overnight,1428,2.182619098718507,5.500200128770637,5.2480126279443144,8.7742072690787,0.6268600638320873,1.492225426856218,0.1356400587346367,0.5448179271708683,2021-01-04,2026-09-10,2021_2026,DIA,
DIA,intraday,1428,2.6699250829980885,6.728211209155183,6.174144406221604,12.169139948400538,0.5528912673931005,1.316144471618058,0.18812555698144928,0.5315126050420168,2021-01-04,2026-09-10,2021_2026,DIA,
DIA,total,1428,4.825845818509326,12.161131462643501,11.746176912271903,14.521551535300823,0.8374540029748672,1.9935392748139085,0.04620242733706981,0.542016806722689,2021-01-04,2026-09-10,2021_2026,DIA,
MDY,overnight,1428,2.9253897197028196,7.371982093651106,6.964155875794564,11.296137977637729,0.6526108399388327,1.553524535038136,0.12029787242047885,0.5483193277310925,2021-01-04,2026-09-10,2021_2026,MDY,
MDY,intraday,1428,1.6041759809647664,4.0425234720312115,2.7501050831190708,16.342944665884914,0.24735588075934556,0.5888247729406818,0.5559788257937053,0.5140056022408963,2021-01-04,2026-09-10,2021_2026,MDY,
MDY,total,1428,4.504787885854289,11.352065472352809,9.90578256365021,19.53655926294709,0.5810677980478919,1.3832180306300033,0.16659802273567892,0.5154061624649859,2021-01-04,2026-09-10,2021_2026,MDY,
XLK,overnight,1428,4.526711123016465,11.407312030001492,10.784506755569975,15.251663802721454,0.7479388594945302,1.7804506113353846,0.07500224521981447,0.5469187675070029,2021-01-04,2026-09-10,2021_2026,XLK,
XLK,intraday,1428,4.3879493476805065,11.057632356154876,9.381092646877464,20.49393118659263,0.5395564304123803,1.2844012103166915,0.19900160969795655,0.5294117647058824,2021-01-04,2026-09-10,2021_2026,XLK,
XLK,total,1428,8.881523042364067,22.38143806675745,21.177303972696333,25.20015350308003,0.8881468941854633,2.114212492952702,0.03449712232250124,0.5497198879551821,2021-01-04,2026-09-10,2021_2026,XLK,
XLF,overnight,1428,3.0807740139313875,7.763550515107097,7.389922190745009,11.256329060592357,0.6897053624957322,1.641827161015158,0.10062582847455559,0.5329131652661064,2021-01-04,2026-09-10,2021_2026,XLF,
XLF,intraday,1428,2.8870920116417755,7.275471869337275,6.3354909694985455,15.071281294048486,0.4827374479574138,1.1491449781217666,0.2504962044537806,0.5427170868347339,2021-01-04,2026-09-10,2021_2026,XLF,
XLF,total,1428,5.94461105538452,14.980419859568991,14.193601013291183,18.467762522688876,0.8111659352974975,1.9309611568663663,0.05348785616728913,0.5273109243697479,2021-01-04,2026-09-10,2021_2026,XLF,
LARGECAP30,overnight,1428,3.1103621316292713,7.838112571705764,7.794425488441345,8.1424409163212,0.9626244331714556,2.29150449768686,0.02193425203995103,0.5525210084033614,2021-01-04,2026-09-10,2021_2026,LARGECAP30,30.0
LARGECAP30,intraday,1428,2.712957587233289,6.836653119827889,6.342391476650057,11.749680349358279,0.5818586477717481,1.3851006295302208,0.16602169945639256,0.5196078431372549,2021-01-04,2026-09-10,2021_2026,LARGECAP30,30.0
LARGECAP30,total,1428,5.802706751860871,14.622821014689395,14.614779665651456,13.997772169135114,1.0446534518494668,2.486772619671067,0.012890776036021734,0.5350140056022409,2021-01-04,2026-09-10,2021_2026,LARGECAP30,30.0
MODERN10,overnight,1428,5.232083939725919,13.184851528109315,12.494661144207326,16.781139264560668,0.7856946611457907,1.8703273964202969,0.06143836733898178,0.5546218487394958,2021-01-04,2026-09-10,2021_2026,MODERN10,10.0
MODERN10,intraday,1428,4.253601550668662,10.71907590768503,8.271485330563486,23.591530723773825,0.4543611872070313,1.0815959663822576,0.2794320976217721,0.5413165266106442,2021-01-04,2026-09-10,2021_2026,MODERN10,10.0
MODERN10,total,1428,9.445066754798457,23.80156822209211,21.757115198921515,28.69115153165838,0.8295787011486448,1.9747923066988617,0.04829172246472169,0.542016806722689,2021-01-04,2026-09-10,2021_2026,MODERN10,10.0
ALL40,overnight,1428,3.6407925836534334,9.174797310806653,9.115489578979359,9.482514603994293,0.9675489776669555,2.303227258372789,0.021266059916514424,0.5574229691876751,2021-01-04,2026-09-10,2021_2026,ALL40,40.0
ALL40,intraday,1428,3.098118578092132,7.807258816792173,7.168713944319356,13.325426801425658,0.5858918391984932,1.3947015455011251,0.16310585865663207,0.5294117647058824,2021-01-04,2026-09-10,2021_2026,ALL40,40.0
ALL40,total,1428,6.713296752595267,16.917507816540073,16.927803908777143,15.975100578853057,1.0589922569210313,2.5209058030608693,0.011705318219076943,0.5497198879551821,2021-01-04,2026-09-10,2021_2026,ALL40,40.0
SPY,overnight,753,5.670672474936062,14.290094636838877,14.829768092292936,9.568936921766925,1.4933837221073645,2.581479204755775,0.00983779181242328,0.5949535192563081,2023-09-11,2026-09-10,last3y,SPY,
SPY,intraday,753,2.3857028431433607,6.011971164721269,5.335057577088813,12.855788289536079,0.4676470263293531,0.8083796922143699,0.4188720388356517,0.5351925630810093,2023-09-11,2026-09-10,last3y,SPY,
SPY,total,753,8.015432823305845,20.19889071473073,20.956002335654357,15.324243372079504,1.3181003606046058,2.2784824960327574,0.022697846221696683,0.5670650730411687,2023-09-11,2026-09-10,last3y,SPY,
QQQ,overnight,753,7.915764282395099,19.947725991635647,21.042230733270557,12.980989075342547,1.5366876804115377,2.6563348940143174,0.00789951225103147,0.5883134130146083,2023-09-11,2026-09-10,last3y,QQQ,
QQQ,intraday,753,1.731027186112173,4.362188509002676,3.045422348047174,16.591547971458084,0.2629163063330083,0.45447996207706426,0.6494834110477208,0.5325365205843293,2023-09-11,2026-09-10,last3y,QQQ,
QQQ,total,753,9.598028146109746,24.18703092819656,24.728477878596184,20.45783157775096,1.182287127365997,2.0437142766220275,0.04098178199196667,0.5737051792828686,2023-09-11,2026-09-10,last3y,QQQ,
IWM,overnight,753,7.158908882199345,18.04045038314235,18.604461784885583,13.944283336985434,1.2937524250738908,2.2363943921376785,0.0253259481622663,0.5524568393094289,2023-09-11,2026-09-10,last3y,IWM,
IWM,intraday,753,0.23620881093100116,0.5952462035461229,-0.9011950244637381,17.36975644356146,0.03426911629303622,0.05923796393802548,0.952762571870946,0.4940239043824701,2023-09-11,2026-09-10,last3y,IWM,
IWM,total,753,7.298137313799817,18.39130603077554,17.535604276488282,21.15500636638368,0.8693595129330809,1.5027842281061183,0.13289469432831513,0.5338645418326693,2023-09-11,2026-09-10,last3y,IWM,
RSP,overnight,753,5.6787683313402875,14.310496194977523,15.021516912845406,7.903195683227489,1.810722746666629,3.1300348643830387,0.001747855574047552,0.5869853917662683,2023-09-11,2026-09-10,last3y,RSP,
RSP,intraday,753,0.2554690529512588,0.6437820134371721,-0.059947227784499936,11.921858320018623,0.05400013958865488,0.09334522356069962,0.9256293056879188,0.5046480743691899,2023-09-11,2026-09-10,last3y,RSP,
RSP,total,753,5.917260353567514,14.911496090990134,14.952564702100576,13.971653114181649,1.0672678436207752,1.8448907025206573,0.06505343942605446,0.5391766268260292,2023-09-11,2026-09-10,last3y,RSP,
DIA,overnight,753,3.6927160906803858,9.305644548514572,9.352298249144585,8.535567273274216,1.0902198120623514,1.8845657226531454,0.05948849375542142,0.5630810092961488,2023-09-11,2026-09-10,last3y,DIA,
DIA,intraday,753,2.765762280203708,6.969720946113343,6.51539170518517,11.526617210875735,0.6046631738180035,1.045227282168395,0.2959179370397238,0.5272244355909694,2023-09-11,2026-09-10,last3y,DIA,
DIA,total,753,6.424152902782314,16.18886531501143,16.477028818698628,13.681835358559303,1.1832378398621601,2.0453576884941507,0.04081960714056221,0.5577689243027888,2023-09-11,2026-09-10,last3y,DIA,
MDY,overnight,753,4.568477005076866,11.512562052793703,11.48416403038244,11.295064507059921,1.0192559808399357,1.761896878819789,0.07808672206892453,0.5630810092961488,2023-09-11,2026-09-10,last3y,MDY,
MDY,intraday,753,1.3541000144427604,3.4123320363957563,2.3128626773997585,15.07901738966957,0.22629671073484534,0.391178934267664,0.6956649782391313,0.5099601593625498,2023-09-11,2026-09-10,last3y,MDY,
MDY,total,753,5.8589068634883175,14.76444529599056,14.062639651452274,17.943636643161494,0.8228234660345423,1.4223415156526875,0.1549271323205632,0.5205843293492696,2023-09-11,2026-09-10,last3y,MDY,
XLK,overnight,753,9.503783373274402,23.949534100651494,25.37706645038085,16.26014106269346,1.472898298256479,2.5460678801987857,0.010894400122538173,0.5790172642762285,2023-09-11,2026-09-10,last3y,XLK,
XLK,intraday,753,2.206587816033041,5.560601296403263,3.6338643764653416,20.038332086322395,0.2774982105521035,0.47968639894261117,0.6314504005666157,0.5365205843293492,2023-09-11,2026-09-10,last3y,XLK,
XLK,total,753,11.639873257313251,29.332480608429396,29.933099004378544,25.095834049136357,1.1688187191148103,2.0204326408931097,0.04333853053231995,0.5936254980079682,2023-09-11,2026-09-10,last3y,XLK,
XLF,overnight,753,3.4435398640306665,8.67772045735728,8.570107417193658,9.539372488033509,0.909674139283573,1.5724725259164334,0.11584100595367319,0.549800796812749,2023-09-11,2026-09-10,last3y,XLF,
XLF,intraday,753,4.442102936215893,11.19409939926405,10.833570236208121,13.511100873943985,0.8285112740777291,1.432173521966115,0.15209416743395088,0.5577689243027888,2023-09-11,2026-09-10,last3y,XLF,
XLF,total,753,7.863525927138616,19.81608533638931,20.33212625976202,16.13371617225846,1.2282406064922973,2.123149956142709,0.033741287954892174,0.5511288180610889,2023-09-11,2026-09-10,last3y,XLF,
LARGECAP30,overnight,753,4.4214289964183004,11.142001070974118,11.461974853156853,7.595756753288647,1.466871759176608,2.535650339762908,0.011223873994490097,0.5710491367861886,2023-09-11,2026-09-10,last3y,LARGECAP30,30.0
LARGECAP30,intraday,753,3.0921231642878264,7.792150374005323,7.447727030626468,11.088955782105991,0.7026946925498023,1.214685622493449,0.2244860181912931,0.5192563081009296,2023-09-11,2026-09-10,last3y,LARGECAP30,30.0
LARGECAP30,total,753,7.495861224890629,18.889570286724386,19.78990913033956,12.875862674037872,1.4670527921062875,2.5359632752371772,0.011213849339037019,0.549800796812749,2023-09-11,2026-09-10,last3y,LARGECAP30,30.0
MODERN10,overnight,753,7.914870746463606,19.945474281088288,20.59735078284249,15.535126658371187,1.2838951828140108,2.2193550568794826,0.026462578691205607,0.5723771580345286,2023-09-11,2026-09-10,last3y,MODERN10,10.0
MODERN10,intraday,753,3.6444193201269264,9.183936686719854,7.525607924563859,19.725340079934973,0.46559079080527216,0.8048252613156559,0.4209205221063441,0.5431606905710491,2023-09-11,2026-09-10,last3y,MODERN10,10.0
MODERN10,total,753,11.468401341339607,28.90037138017581,29.65340279030823,24.230564119893156,1.1927238357793237,2.061755283321286,0.03923104032538083,0.548472775564409,2023-09-11,2026-09-10,last3y,MODERN10,10.0
ALL40,overnight,753,5.294789433929628,13.342869373502664,13.823694015292794,8.845520938290862,1.508432286417806,2.607492315287083,0.009120811778243976,0.5803452855245684,2023-09-11,2026-09-10,last3y,ALL40,40.0
ALL40,intraday,753,3.2301972032476027,8.140096952183958,7.724603872633455,11.895024617649689,0.6843278777335009,1.1829365483579843,0.23683429545028067,0.5312084993359893,2023-09-11,2026-09-10,last3y,ALL40,40.0
ALL40,total,753,8.488996254002874,21.392270560087244,22.634448871420933,14.037516348547433,1.5239355758471378,2.634291468562073,0.008431307651541875,0.5710491367861886,2023-09-11,2026-09-10,last3y,ALL40,40.0
SPY,overnight,5521,4.228847294753728,10.656695182779394,10.670189955180014,10.145992881896737,1.0503353695224735,4.916279818817701,8.820429897582471e-07,0.5656583952182576,1993-02-01,2014-12-31,pre2015,SPY,
SPY,intraday,5521,0.027373039299684702,0.06898005903520546,-1.2224250096431437,16.11408069676988,0.004280731884942884,0.020036720067117434,0.9840140800614232,0.5172975910161203,1993-02-01,2014-12-31,pre2015,SPY,
SPY,total,5521,4.254813431209013,10.722129846646713,9.317329874948346,19.04275388482219,0.5630556332082128,2.635481129871567,0.008401809723511455,0.5374026444484695,1993-02-01,2014-12-31,pre2015,SPY,
QQQ,overnight,3979,5.973811946107481,15.054006104190854,14.984318974750552,14.755457003060277,1.0202331314488366,4.054022195111448,5.034443660845156e-05,0.5546619753706962,1999-03-11,2014-12-31,pre2015,QQQ,
QQQ,intraday,3979,-2.1618725404782495,-5.447918802005189,-8.567207688640815,26.52663711739511,-0.2053754035196818,-0.8160844992520352,0.4144518087881526,0.5129429504900729,1999-03-11,2014-12-31,pre2015,QQQ,
QQQ,total,3979,3.773988152491911,9.510450144279616,5.133373558814459,30.06648795392589,0.31631396918900206,1.2569125743789087,0.20878529474134844,0.5340537823573762,1999-03-11,2014-12-31,pre2015,QQQ,
IWM,overnight,3671,5.280726287832219,13.30743024533719,13.31091088346482,12.717616215755442,1.046377718872429,3.9937456756361036,6.503762346588005e-05,0.5592481612639608,2000-05-30,2014-12-31,pre2015,IWM,
IWM,intraday,3671,-0.8642430344475711,-2.177892446807879,-4.4845259783157365,21.94390602403593,-0.09924816686793853,-0.3788038775049303,0.7048335077639452,0.5129392536093708,2000-05-30,2014-12-31,pre2015,IWM,
IWM,total,3671,4.379665210183234,11.036756329661749,8.229453648629672,24.990241120210595,0.4416426506879875,1.6856326301197309,0.09186658028287376,0.5317352220103514,2000-05-30,2014-12-31,pre2015,IWM,
RSP,overnight,2938,6.080833814630399,15.323701212868606,15.754706253746686,11.723505565374506,1.3070920747568302,4.463050559509963,8.080097753104809e-06,0.5738597685500341,2003-05-02,2014-12-31,pre2015,RSP,
RSP,intraday,2938,-0.7125287075767591,-1.795572343093433,-3.3646463319658197,18.038097589630816,-0.09954333233708727,-0.3398895408077311,0.733939713471339,0.5234853641933288,2003-05-02,2014-12-31,pre2015,RSP,
RSP,total,2938,5.355155103628978,13.494990861145025,11.859969775702202,21.37069132293238,0.631471890975463,2.1561533657505842,0.03107169159545009,0.5530973451327433,2003-05-02,2014-12-31,pre2015,RSP,
DIA,overnight,4265,2.8372845546240515,7.14995707765261,6.854155622842857,10.182622292777177,0.7021724730695628,2.8887040305352487,0.003868329825233996,0.5498241500586166,1998-01-21,2014-12-31,pre2015,DIA,
DIA,intraday,4265,0.6467115405254754,1.629713082124198,0.32790103979086105,16.139117232523045,0.10097907206721637,0.41542308146189505,0.6778322127290937,0.5235638921453692,1998-01-21,2014-12-31,pre2015,DIA,
DIA,total,4265,3.50383707909436,8.829669439317787,7.204531510189861,19.373277042042012,0.4557654040747207,1.8749971128514205,0.0607931207239949,0.5317702227432591,1998-01-21,2014-12-31,pre2015,DIA,
MDY,overnight,4950,6.922974684649204,17.445896205315993,18.26062313032827,11.54779082573084,1.5107561670101413,6.695711068308539,2.1462387422843676e-11,0.5745454545454546,1995-05-05,2014-12-31,pre2015,MDY,
MDY,intraday,4950,-1.4616350876095667,-3.683320420776108,-5.335883036750071,18.94934380263156,-0.19437720161394684,-0.8614848700893025,0.38897105061595827,0.5151515151515151,1995-05-05,2014-12-31,pre2015,MDY,
MDY,total,4950,5.445799906923248,13.723415765446584,11.95037460156214,22.034147273498018,0.6228249087702468,2.760376377297425,0.00577348040101322,0.547070707070707,1995-05-05,2014-12-31,pre2015,MDY,
XLK,overnight,4031,6.99693205942142,17.63226878974198,17.6559412034421,16.51474762123653,1.0676680742652351,4.270142666960676,1.9534796825038114e-05,0.5502356735301414,1998-12-23,2014-12-31,pre2015,XLK,
XLK,intraday,4031,-4.331870670915349,-10.916314090706681,-12.753493278263688,23.378467181825794,-0.46693882904320283,-1.8675236853272286,0.06182849239109878,0.4993798064996279,1998-12-23,2014-12-31,pre2015,XLK,
XLK,total,4031,2.5166772522180585,6.342026675589507,2.650698650583235,27.360104999828078,0.23179833102356,0.9270783376333162,0.3538858624431058,0.5269163979161499,1998-12-23,2014-12-31,pre2015,XLK,
XLF,overnight,4031,4.745984145327449,11.959880046225171,10.782958676788134,18.653365176985933,0.6411647406646486,2.5643409048707206,0.010337195791567444,0.5467625899280576,1998-12-23,2014-12-31,pre2015,XLF,
XLF,intraday,4031,-1.6544461090664384,-4.169204194847425,-7.58087017352273,27.272545763173017,-0.15287183789337458,-0.6114115175865293,0.5409271796115203,0.49367402629620444,1998-12-23,2014-12-31,pre2015,XLF,
XLF,total,4031,2.9872097596327714,7.527768594274583,2.3846464051135534,32.208845308628405,0.23371743141186052,0.9347537871927707,0.3499152004544954,0.5075663607045399,1998-12-23,2014-12-31,pre2015,XLF,
LARGECAP30,overnight,6300,3.4867126586185053,8.786515899718633,8.64911189213396,9.893998342604204,0.8880652285823945,4.440326142911972,8.982264557921837e-06,0.5485714285714286,1990-01-03,2014-12-31,pre2015,LARGECAP30,29.994603174603174
LARGECAP30,intraday,6300,3.962487458421494,9.985468395222165,9.070441287580648,16.138791691954484,0.6187246595542915,3.0936232977714573,0.001977283724536427,0.5303174603174603,1990-01-03,2014-12-31,pre2015,LARGECAP30,29.994603174603174
LARGECAP30,total,6300,7.418837932905176,18.695471590921045,18.401138879221186,18.980543066435363,0.9849808577912385,4.924904288956192,8.440165542022982e-07,0.5474603174603174,1990-01-03,2014-12-31,pre2015,LARGECAP30,29.994603174603174
MODERN10,overnight,6300,7.971168314124393,20.08734415159347,20.128994214825312,18.6172427427447,1.078964507750305,5.394822538751524,6.859131018721598e-08,0.5541269841269841,1990-01-03,2014-12-31,pre2015,MODERN10,5.964126984126984
MODERN10,intraday,6300,5.611198359240416,14.140219865285847,9.512482543456334,31.863593171865034,0.4437735502401344,2.2188677512006714,0.026495723051583875,0.5103174603174603,1990-01-03,2014-12-31,pre2015,MODERN10,5.964126984126984
MODERN10,total,6300,13.33577525713123,33.6061536479707,31.13064676819805,36.08056892003088,0.9314197268467557,4.657098634233778,3.2069682245339237e-06,0.5246031746031746,1990-01-03,2014-12-31,pre2015,MODERN10,5.964126984126984
ALL40,overnight,6300,4.266518303885193,10.751626125790686,10.733172213760904,10.522160128007625,1.0218078792749288,5.109039396374644,3.2380083858640774e-07,0.5619047619047619,1990-01-03,2014-12-31,pre2015,ALL40,35.958730158730155
ALL40,intraday,6300,4.206082090055464,10.599326866939771,9.534441860308338,17.274900628999283,0.6135680369209614,3.067840184604807,0.0021561189426719807,0.5303174603174603,1990-01-03,2014-12-31,pre2015,ALL40,35.958730158730155
ALL40,total,6300,8.412560723906948,21.199653024245507,21.13300231771942,20.11418028064299,1.0539655471143974,5.269827735571987,1.3655185160388328e-07,0.5503174603174603,1990-01-03,2014-12-31,pre2015,ALL40,35.958730158730155
