symbol,period,n_days,round_trips_per_yr,round_trip_cost_bps,gross_mean_bps,net_mean_bps,net_ann_ret_geom_pct,net_sharpe,net_t,net_p
SPY,full,8460,252,0,4.010645720822532,4.010645720822532,10.01202789855134,0.9550785523017932,5.5338069387915025,3.1335387618014465e-08
SPY,full,8460,252,1,4.010645720822532,3.0106457208225317,7.275191800499223,0.7169426961868535,4.154027391059077,3.266740448681915e-05
SPY,full,8460,252,2,4.010645720822532,2.010645720822532,4.606178153064817,0.4788068400719137,2.77424784332665,0.005532950821471427
SPY,full,8460,252,3,4.010645720822532,1.01064572082253,2.0033127562126603,0.2406709839569735,1.394468295594222,0.16317623699623907
SPY,full,8460,252,5,4.010645720822532,-0.989354279177472,-3.0104652618858094,-0.2356007282729064,-1.3650907998706328,0.17222451328912358
SPY,full,8460,252,8,4.010645720822532,-3.98935427917747,-10.074561597713965,-0.9500082966177252,-5.504429443067909,3.703657514009251e-08
SPY,full,8460,252,10,4.010645720822532,-5.989354279177472,-14.496830841650663,-1.426280008847605,-8.263988538532763,0.0
SPY,full,8460,252,20,4.010645720822532,-15.989354279177473,-33.56228832696683,-3.807638569997003,-22.061784015857025,0.0
SPY,2021_2026,1428,252,0,3.2765091267836035,3.2765091267836035,8.070208092645496,0.8303692437493394,1.97667417449972,0.04807847181555913
SPY,2021_2026,1428,252,1,3.2765091267836035,2.276509126783605,5.38149973864484,0.5769381646287165,1.3733875367969506,0.16963190222047686
SPY,2021_2026,1428,252,2,3.2765091267836035,1.276509126783605,2.7594256306378013,0.32350708550809343,0.7701008990941803,0.4412400427261365
SPY,2021_2026,1428,252,3,3.2765091267836035,0.27650912678360134,0.20234078919244636,0.0700760063874693,0.16681426139140787,0.8675161969538638
SPY,2021_2026,1428,252,5,3.2765091267836035,-1.7234908732164005,-4.723239749198123,-0.4367861518537775,-1.0397590140141337,0.29845187533754713
SPY,2021_2026,1428,252,8,3.2765091267836035,-4.723490873216398,-11.663041965579495,-1.1970793892156464,-2.849618927122443,0.004377163805100892
SPY,2021_2026,1428,252,10,3.2765091267836035,-6.723490873216402,-16.007481944246795,-1.703941547456894,-4.056192202527986,4.987921883614632e-05
SPY,2021_2026,1428,252,20,3.2765091267836035,-16.723490873216402,-34.73721352980655,-4.238252338663126,-10.089058579555688,0.0
SPY,last3y,753,252,0,5.670672474936062,5.670672474936062,14.829768092292936,1.4933837221073645,2.581479204755775,0.00983779181242328
SPY,last3y,753,252,1,5.670672474936062,4.6706724749360635,11.973569917560827,1.2300315837661,2.1262458587697894,0.03348279350200278
SPY,last3y,753,252,2,5.670672474936062,3.6706724749360626,9.188139961436901,0.9666794454248351,1.6710125127838036,0.0947192063028961
SPY,last3y,753,252,3,5.670672474936062,2.670672474936061,6.4717316081496685,0.7033273070835696,1.2157791667978168,0.2240690570045878
SPY,last3y,753,252,5,5.670672474936062,0.6706724749360589,1.2392068938502148,0.17662303040103947,0.30531247482584434,0.7601281757105856
SPY,last3y,753,252,8,5.670672474936062,-2.32932752506394,-6.133170062255799,-0.6134333846227547,-1.0603875631321127,0.2889683178579858
SPY,last3y,753,252,10,5.670672474936062,-4.329327525063941,-10.74848004851704,-1.1401376613052847,-1.9708542551040846,0.048740548798367866
SPY,last3y,753,252,20,5.670672474936062,-14.329327525063945,-30.64668814745362,-3.773659044717934,-6.523187714963945,6.88284984562415e-11
SPY,pre2015,5521,252,0,4.228847294753728,4.228847294753728,10.670189955180016,1.0503353695224735,4.916279818817701,8.820429897582471e-07
SPY,pre2015,5521,252,1,4.228847294753728,3.2288472947537286,7.917049955627873,0.8019614519242879,3.753721921558844,0.0001742281410439528
SPY,pre2015,5521,252,2,4.228847294753728,2.2288472947537294,5.232134715379603,0.5535875343261023,2.591164024299988,0.009565188934328006
SPY,pre2015,5521,252,3,4.228847294753728,1.2288472947537274,2.6137601459207223,0.30521361672791586,1.4286061270411283,0.15311747213542937
SPY,pre2015,5521,252,5,4.228847294753728,-0.7711527052462752,-2.4298973060898508,-0.19153421846845645,-0.8965096674765889,0.36998061938022375
SPY,pre2015,5521,252,8,4.228847294753728,-3.7711527052462737,-9.53610324433525,-0.9366559712630136,-4.384183359253159,1.1642168448844359e-05
SPY,pre2015,5521,252,10,4.228847294753728,-5.771152705246275,-13.984741143736763,-1.433403806459386,-6.709299153770876,1.9556134489562282e-11
SPY,pre2015,5521,252,20,4.228847294753728,-15.771152705246276,-33.16395177768746,-3.9171429824412445,-18.33487812635945,0.0
QQQ,full,6918,252,0,5.558129995031362,5.558129995031362,13.86210686152605,0.9810430800775057,5.140177156220852,2.7447955464054985e-07
QQQ,full,6918,252,1,5.558129995031362,4.5581299950313605,11.029821018101307,0.8045371183683515,4.215373821139472,2.4936478482562308e-05
QQQ,full,6918,252,2,5.558129995031362,3.5581299950313636,8.267714784741846,0.628031156659198,3.2905704860580953,0.0009998444908096982
QQQ,full,6918,252,3,5.558129995031362,2.558129995031359,5.57405597780194,0.45152519495004334,2.3657671509767124,0.017992756779399155
QQQ,full,6918,252,5,5.558129995031362,0.5581299950313583,0.38536380165731515,0.09851327153173521,0.5161604808139536,0.6057423291367434
QQQ,full,6918,252,8,5.558129995031362,-2.4418700049686386,-6.925229681454089,-0.4310046135957261,-2.258249524430181,0.02393010724007416
QQQ,full,6918,252,10,5.558129995031362,-4.441870004968643,-11.501845397192554,-0.7840165370140348,-4.107856194592943,3.993486119657774e-05
QQQ,full,6918,252,20,5.558129995031362,-14.441870004968644,-31.233068224984308,-2.549076154105575,-13.355889545406734,0.0
QQQ,2021_2026,1428,252,0,4.179653910946465,4.179653910946465,10.128842676953306,0.7927201823337282,1.887051481999253,0.05915340155238047
QQQ,2021_2026,1428,252,1,4.179653910946465,3.179653910946466,7.38907785626658,0.603058502389941,1.4355663776806669,0.15112576777122766
QQQ,2021_2026,1428,252,2,4.179653910946465,2.1796539109464677,4.717208618637551,0.4133968224461537,0.9840812733620811,0.325075553700064
QQQ,2021_2026,1428,252,3,4.179653910946465,1.1796539109464623,2.1115589452195866,0.22373514250236515,0.532596169043492,0.5943131546125446
QQQ,2021_2026,1428,252,5,4.179653910946465,-0.8203460890535391,-2.907580736224755,-0.15558821738521014,-0.37037403959368154,0.7111038140455164
QQQ,2021_2026,1428,252,8,4.179653910946465,-3.820346089053537,-9.979227653397082,-0.7245732572165723,-1.72482935254944,0.08455823029882126
QQQ,2021_2026,1428,252,10,4.179653910946465,-5.82034608905354,-14.406221400820282,-1.1038966171041478,-2.6277995611866145,0.008593913710214673
QQQ,2021_2026,1428,252,20,4.179653910946465,-15.82034608905354,-33.49202423202656,-3.0005134165420233,-7.142650604372478,9.15489906105904e-13
QQQ,last3y,753,252,0,7.915764282395099,7.915764282395099,21.042230733270554,1.5366876804115377,2.6563348940143174,0.00789951225103147
QQQ,last3y,753,252,1,7.915764282395099,6.915764282395098,18.03208391422057,1.3425576348985377,2.320759604092902,0.020299821833449805
QQQ,last3y,753,252,2,7.915764282395099,5.9157642823950995,15.096505431716603,1.1484275893855385,1.9851843141714876,0.04712396883139003
QQQ,last3y,753,252,3,7.915764282395099,4.915764282395095,12.233655232647427,0.9542975438725378,1.649609024250071,0.09902292807545177
QQQ,last3y,753,252,5,7.915764282395099,2.9157642823950933,6.719004505579465,0.5660374528465383,0.9784584444072403,0.3278476345304524
QQQ,last3y,753,252,8,7.915764282395099,-0.08423571760490406,-1.0509686625685033,-0.016352683692460214,-0.02826742535700413,0.9774488610119094
QQQ,last3y,753,252,10,7.915764282395099,-2.084235717604908,-5.9152442399074046,-0.40461277471846036,-0.6994180051998357,0.48429083880298496
QQQ,last3y,753,252,20,7.915764282395099,-12.084235717604907,-26.887422486322787,-2.3459132298484566,-4.055170904413986,5.0097660265979727e-05
QQQ,pre2015,3979,252,0,5.973811946107481,5.973811946107481,14.984318974750552,1.0202331314488366,4.054022195111448,5.034443660845156e-05
QQQ,pre2015,3979,252,1,5.973811946107481,4.97381194610748,12.124221290710938,0.8494488582489381,3.3753898190533027,0.0007371120087036331
QQQ,pre2015,3979,252,2,5.973811946107481,3.9738119461074817,9.33498980068194,0.6786645850490401,2.6967574429951595,0.007001825134818063
QQQ,pre2015,3979,252,3,5.973811946107481,2.973811946107478,6.6148754376243,0.5078803118491411,2.0181250669370128,0.043578237641917816
QQQ,pre2015,3979,252,5,5.973811946107481,0.973811946107477,1.3752157749525797,0.16631176544934412,0.6608603148207229,0.5087018983493161
QQQ,pre2015,3979,252,8,5.973811946107481,-2.0261880538925197,-6.007205022878929,-0.3460410541503506,-1.3750368133537085,0.16912003194880887
QQQ,pre2015,3979,252,10,5.973811946107481,-4.026188053892525,-10.628797067475444,-0.6876096005501483,-2.7323015654700016,0.006289354475739195
QQQ,pre2015,3979,252,20,5.973811946107481,-14.026188053892527,-30.5540327925806,-2.395452332549133,-9.518625326051447,0.0
IWM,full,6610,252,0,5.32567168218502,5.32567168218502,13.360529717097666,1.0136166670509494,5.191276994644735,2.088566368740885e-07
IWM,full,6610,252,1,5.32567168218502,4.325671682185019,10.540687755792385,0.8232901265618664,4.21651225050736,2.481098148487959e-05
IWM,full,6610,252,2,5.32567168218502,3.3256716821850207,7.790717878127955,0.6329635860727839,3.2417475063699883,0.0011879922545445787
IWM,full,6610,252,3,5.32567168218502,2.3256716821850167,5.108895470712595,0.44263704558370015,2.2669827622326117,0.02339127876364433
IWM,full,6610,252,5,5.32567168218502,0.3256716821850154,-0.05699441746256462,0.06198396460553408,0.3174532739578644,0.7508996891651929
IWM,full,6610,252,8,5.32567168218502,-2.674328317814982,-7.335455317419995,-0.5089956568617141,-2.6068409584542516,0.00913817939621131
IWM,full,6610,252,10,5.32567168218502,-4.674328317814986,-11.89195184036239,-0.8896487378398807,-4.556370446729002,5.2045114573573414e-06
IWM,full,6610,252,20,5.32567168218502,-14.674328317814986,-31.536400790609154,-2.7929141427307096,-14.30401788810273,0.0
IWM,2021_2026,1428,252,0,5.342150062347281,5.342150062347281,13.379213260960373,1.0021423344391316,2.38557591886997,0.01705240231957328
IWM,2021_2026,1428,252,1,5.342150062347281,4.342150062347281,10.558905661355416,0.8145507612441993,1.9390186542801817,0.0524990667381009
IWM,2021_2026,1428,252,2,5.342150062347281,3.3421500623472844,7.8084817047450015,0.6269591880492679,1.4924613896903947,0.13557823183515771
IWM,2021_2026,1428,252,3,5.342150062347281,2.3421500623472777,5.126216491907855,0.4393676148543344,1.0459041251006032,0.2956052996345109
IWM,2021_2026,1428,252,5,5.342150062347281,0.342150062347277,-0.0405262948297612,0.06418446846446985,0.15278959592102564,0.8785642026505922
IWM,2021_2026,1428,252,8,5.342150062347281,-2.657849937652721,-7.320188741268402,-0.4985902511203264,-1.186882197848339,0.23527409021251744
IWM,2021_2026,1428,252,10,5.342150062347281,-4.657849937652725,-11.877437372400879,-0.8737733975101915,-2.079996727027918,0.03752583307494195
IWM,2021_2026,1428,252,20,5.342150062347281,-14.657849937652724,-31.525127994811065,-2.7496891294595134,-6.545569372925803,5.926903412500906e-11
IWM,last3y,753,252,0,7.158908882199345,7.158908882199345,18.604461784885583,1.2937524250738908,2.2363943921376785,0.0253259481622663
IWM,last3y,753,252,1,7.158908882199345,6.158908882199345,15.654688816588875,1.1130332056561367,1.9240012008095309,0.054354432951848386
IWM,last3y,753,252,2,7.158908882199345,5.158908882199348,12.777994774753152,0.9323139862383834,1.611608009481383,0.1070472666661555
IWM,last3y,753,252,3,7.158908882199345,4.158908882199342,9.972576206330482,0.7515947668206286,1.299214818153234,0.1938702175511593
IWM,last3y,753,252,5,7.158908882199345,2.1589088821993405,4.568572253240552,0.39015632798512045,0.6744284354969369,0.5000389695556839
IWM,last3y,753,252,8,7.158908882199345,-0.8410911178006572,-3.04546218618441,-0.15200133026814086,-0.2627511384875066,0.7927423983471116
IWM,last3y,753,252,10,7.158908882199345,-2.8410911178006613,-7.812088865127883,-0.5134397691036494,-0.8875375211438039,0.37478957456001005
IWM,last3y,753,252,20,7.158908882199345,-12.841091117800662,-28.362999710956327,-2.3206319632811887,-4.011469434425286,6.034199038551513e-05
IWM,pre2015,3671,252,0,5.280726287832219,5.280726287832219,13.31091088346482,1.046377718872429,3.9937456756361036,6.503762346588005e-05
IWM,pre2015,3671,252,1,5.280726287832219,4.280726287832218,10.492306204674477,0.8482273770750365,3.2374584799072808,0.0012059948727465297
IWM,pre2015,3671,252,2,5.280726287832219,3.280726287832221,7.74354287810779,0.6500770352776448,2.4811712841784606,0.013095143037894053
IWM,pre2015,3671,252,3,5.280726287832219,2.280726287832216,5.06289705066593,0.45192669348025144,1.724884088449634,0.08454836362202478
IWM,pre2015,3671,252,5,5.280726287832219,0.28072628783221465,-0.10072664297901099,0.05562600988546648,0.2123096969919879,0.831865430768026
IWM,pre2015,3671,252,8,5.280726287832219,-2.7192737121677824,-7.375995080231388,-0.5388250155067099,-2.0565518901944775,0.03972935002567124
IWM,pre2015,3671,252,10,5.280726287832219,-4.7192737121677855,-11.930493348295471,-0.9351256991014953,-3.5691262816521254,0.0003581737571887178
IWM,pre2015,3671,252,20,5.280726287832219,-14.719273712167787,-31.566330267030846,-2.916629117075419,-11.131998238940351,0.0
RSP,full,5877,252,0,4.73213069824376,4.73213069824376,11.918005303823458,1.0389152375780706,5.01715699475079,5.244171337182024e-07
RSP,full,5877,252,1,4.73213069824376,3.73213069824376,9.133929435745818,0.8193703213813044,3.9569248678966424,7.592079635543314e-05
RSP,full,5877,252,2,4.73213069824376,2.7321306982437608,6.418842309343903,0.5998254051845384,2.896692741042493,0.0037711890807572424
RSP,full,5877,252,3,4.73213069824376,1.7321306982437583,3.7710410426558467,0.3802804889877719,1.8364606141883422,0.06628956200662461
RSP,full,5877,252,5,4.73213069824376,-0.26786930175624407,-1.3293071195946413,-0.05880934340576086,-0.28400363951995844,0.776407591506513
RSP,full,5877,252,8,4.73213069824376,-3.2678693017562415,-8.515404157697768,-0.7174440919960586,-3.4647000200824034,0.000530823230801003
RSP,full,5877,252,10,4.73213069824376,-5.267869301756245,-13.014066559067578,-1.1565339243895916,-5.585164273790703,2.3347941136009354e-08
RSP,full,5877,252,20,4.73213069824376,-15.267869301756244,-32.40905473597302,-3.3519830863572526,-16.18748554233219,0.0
RSP,2021_2026,1428,252,0,3.976345379964108,3.976345379964108,10.101458616310941,1.1264539136284786,2.681496667409923,0.007329364446302833
RSP,2021_2026,1428,252,1,3.976345379964108,2.976345379964109,7.362424806020086,0.8431651632838982,2.0071345556775353,0.044735337682833
RSP,2021_2026,1428,252,2,3.976345379964108,1.9763453799641095,4.6912672403737155,0.5598764129393179,1.332772443945147,0.1826064912762022
RSP,2021_2026,1428,252,3,3.976345379964108,0.9763453799641059,2.086310407834396,0.27658766259473627,0.6584103322127558,0.5102744979581002
RSP,2021_2026,1428,252,5,3.976345379964108,-1.023654620035896,-2.931498121607332,-0.2899898380944254,-0.6903138912520227,0.4899968140336779
RSP,2021_2026,1428,252,8,3.976345379964108,-4.023654620035893,-10.001277602555168,-1.1398560891281666,-2.713400226449187,0.006659661947663098
RSP,2021_2026,1428,252,10,3.976345379964108,-6.023654620035898,-14.427107397704894,-1.7064335898173288,-4.062124449913967,4.8628139573958507e-05
RSP,2021_2026,1428,252,20,3.976345379964108,-16.0236546200359,-33.50794305842493,-4.539321093263135,-10.805745567237853,0.0
RSP,last3y,753,252,0,5.6787683313402875,5.6787683313402875,15.021516912845406,1.810722746666629,3.1300348643830387,0.001747855574047552
RSP,last3y,753,252,1,5.6787683313402875,4.678768331340288,12.160584584896275,1.4918643884776683,2.578852868260951,0.00991289981196486
RSP,last3y,753,252,2,5.6787683313402875,3.678768331340288,9.370536903106402,1.1730060302887075,2.027670872138863,0.04259385037769747
RSP,last3y,753,252,3,5.6787683313402875,2.678768331340286,6.6496243995955435,0.854147672099746,1.476488876016774,0.13981269933245555
RSP,last3y,753,252,5,5.6787683313402875,0.6787683313402837,1.4084210490150162,0.21643095572182347,0.37412488377259645,0.7083114062283684
RSP,last3y,753,252,8,5.6787683313402875,-2.3212316686597143,-5.976189436161775,-0.7401441188450586,-1.2794211045936668,0.2007488058857343
RSP,last3y,753,252,10,5.6787683313402875,-4.321231668659715,-10.599161576587065,-1.3778608352229806,-2.3817850968378433,0.017228948632570962
RSP,last3y,753,252,20,5.6787683313402875,-14.321231668659715,-30.53044009211726,-4.5664444171125895,-7.893605058058724,2.886579864025407e-15
RSP,pre2015,2938,252,0,6.080833814630399,6.080833814630399,15.754706253746686,1.3070920747568302,4.463050559509963,8.080097753104809e-06
RSP,pre2015,2938,252,1,6.080833814630399,5.080833814630399,12.875566080319825,1.0921393043634038,3.7290968459958833,0.00019216729109583497
RSP,pre2015,2938,252,2,6.080833814630399,4.080833814630401,10.067760962804233,0.8771865339699779,2.995143132481806,0.0027431608529435714
RSP,pre2015,2938,252,3,6.080833814630399,3.0808338146303984,7.32953033500875,0.6622337635765513,2.2611894189677257,0.02374753004526209
RSP,pre2015,2938,252,5,6.080833814630399,1.0808338146303955,2.0549656322535403,0.23232822278969836,0.7932819919395663,0.4276135463090709
RSP,pre2015,2938,252,8,6.080833814630399,-1.919166185369602,-5.376654192208572,-0.41253008839057964,-1.4085791486026682,0.15895964805386553
RSP,pre2015,2938,252,10,6.080833814630399,-3.919166185369605,-10.029058490567067,-0.8424356291774326,-2.8764865756308278,0.00402129299989995
RSP,pre2015,2938,252,20,6.080833814630399,-13.919166185369608,-30.087259382784993,-2.9919633331116953,-10.216023710771617,0.0
DIA,full,7204,252,0,3.0315774294050293,3.0315774294050293,7.32733391616046,0.7191697018523765,3.845191417144703,0.00012045836858565195
DIA,full,7204,252,1,3.0315774294050293,2.0315774294050297,4.657027633017628,0.48194346613867456,2.5768116687510263,0.009971626421267255
DIA,full,7204,252,2,3.0315774294050293,1.0315774294050304,2.052901521187313,0.24471723042497262,1.3084319203573491,0.19072685177358895
DIA,full,7204,252,3,3.0315774294050293,0.0315774294050279,-0.4866782380972009,0.007490994711269935,0.0400521719636684,0.9680515324218866
DIA,full,7204,252,5,3.0315774294050293,-1.9684225705949743,-5.37853407110143,-0.4669614767161348,-2.4967073248236895,0.012535236839679165
DIA,full,7204,252,8,3.0315774294050293,-4.968422570594971,-12.270807427339598,-1.1786401838572402,-6.301846570004718,2.9412028368369647e-10
DIA,full,7204,252,10,3.0315774294050293,-6.968422570594975,-16.585485228232333,-1.6530926552846454,-8.838606066792078,0.0
DIA,full,7204,252,20,3.0315774294050293,-16.968422570594978,-35.18682385202319,-4.0253550124216675,-21.52240355072886,0.0
DIA,2021_2026,1428,252,0,2.182619098718507,2.182619098718507,5.2480126279443144,0.6268600638320873,1.492225426856218,0.1356400587346367
DIA,2021_2026,1428,252,1,2.182619098718507,1.1826190987185086,2.6292582256850396,0.3396546305981629,0.808539744946647,0.4187799357518056
DIA,2021_2026,1428,252,2,2.182619098718507,0.18261909871850796,0.0754108535894396,0.05244919736423796,0.12485406303707458,0.9006390860928577
DIA,2021_2026,1428,252,3,2.182619098718507,-0.8173809012814945,-2.4151319879009208,-0.2347562358696876,-0.5588316188724992,0.576276641216876
DIA,2021_2026,1428,252,5,2.182619098718507,-2.817380901281497,-7.212517992736942,-0.809167102337538,-1.9262029826916451,0.054079033548430466
DIA,2021_2026,1428,252,8,2.182619098718507,-5.817380901281495,-13.971660428998705,-1.6707834020393117,-3.9772600284203596,6.971391838561658e-05
DIA,2021_2026,1428,252,10,2.182619098718507,-7.8173809012814965,-18.202977289275708,-2.245194268507162,-5.3446313922395055,9.060123584703206e-08
DIA,2021_2026,1428,252,20,2.182619098718507,-17.8173809012815,-36.4447450780303,-5.117248600846411,-12.181488211335228,0.0
DIA,last3y,753,252,0,3.6927160906803858,3.6927160906803858,9.352298249144585,1.0902198120623514,1.8845657226531454,0.05948849375542142
DIA,last3y,753,252,1,3.6927160906803858,2.6927160906803866,6.631832187233394,0.7949846016399122,1.374218954481777,0.16937371801838186
DIA,last3y,753,252,2,3.6927160906803858,1.6927160906803869,3.978783961231991,0.499749391217473,0.8638721863104087,0.3876581074876606
DIA,last3y,753,252,3,3.6927160906803858,0.6927160906803845,1.39148933284353,0.20451418079503295,0.353525418139039,0.7236945764977103
DIA,last3y,753,252,5,3.6927160906803858,-1.307283909319617,-3.592292475812325,-0.3859562400498463,-0.667168118203699,0.50466475326547
DIA,last3y,753,252,8,3.6927160906803858,-4.307283909319616,-10.614119083289976,-1.2716618713171641,-2.1982084227178045,0.027934256739511554
DIA,last3y,753,252,10,3.6927160906803858,-6.307283909319618,-15.00992221206615,-1.8621322921620436,-3.2189019590605428,0.0012868247433241997
DIA,last3y,753,252,20,3.6927160906803858,-16.307283909319622,-33.9612341424509,-4.814484396386438,-8.32236964077423,0.0
DIA,pre2015,4265,252,0,2.8372845546240515,2.8372845546240515,6.854155622842857,0.7021724730695628,2.8887040305352487,0.003868329825233996
DIA,pre2015,4265,252,1,2.8372845546240515,1.8372845546240524,4.195581167886407,0.45469201788391705,1.8705812533089057,0.06140314503066335
DIA,pre2015,4265,252,2,2.8372845546240515,0.8372845546240528,1.602897139459143,0.20721156269827135,0.8524584760825629,0.39395967638237983
DIA,pre2015,4265,252,3,2.8372845546240515,-0.16271544537594923,-0.925523153206096,-0.04026889248737501,-0.16566430114378283,0.8684211413471565
DIA,pre2015,4265,252,5,2.8372845546240515,-2.1627154453759516,-5.795880260404524,-0.5352298028586673,-2.2019098555964725,0.02767167668112247
DIA,pre2015,4265,252,8,2.8372845546240515,-5.162715445375949,-12.65785677206087,-1.2776711684156044,-5.256278187275501,1.4699988115651763e-07
DIA,pre2015,4265,252,10,2.8372845546240515,-7.1627154453759525,-16.953564022499574,-1.7726320787868968,-7.292523741728192,3.042011087472929e-13
DIA,pre2015,4265,252,20,2.8372845546240515,-17.16271544537595,-35.473075171703215,-4.247436630643355,-17.473751513991626,0.0
MDY,full,7889,252,0,5.447137444521147,5.447137444521147,13.892296785864596,1.1502867200799407,6.436011531841936,1.2265366500230357e-10
MDY,full,7889,252,1,5.447137444521147,4.447137444521147,11.059296839640048,0.9391140203279039,5.254471393119088,1.484502165638446e-07
MDY,full,7889,252,2,5.447137444521147,3.4471374445211493,8.296493290960377,0.7279413205758678,4.072931254396242,4.642513061625664e-05
MDY,full,7889,252,3,5.447137444521147,2.447137444521145,5.602153564051183,0.5167686208238302,2.89139111567339,0.003835404712708934
MDY,full,7889,252,5,5.447137444521147,0.44713744452114346,0.41214721078836414,0.09442322131975639,0.5283108382276916,0.5972836103560104
MDY,full,7889,252,8,5.447137444521147,-2.5528625554788538,-6.900303864008622,-0.5390948779363532,-3.0163095779408495,0.002558718750756528
MDY,full,7889,252,10,5.447137444521147,-4.552862555478858,-11.478086260878168,-0.9614402774404274,-5.37938985538655,7.473870411445205e-08
MDY,full,7889,252,20,5.447137444521147,-14.552862555478859,-31.214376752794003,-3.073167274960795,-17.19479124261503,0.0
MDY,2021_2026,1428,252,0,2.9253897197028196,2.9253897197028196,6.964155875794564,0.6526108399388327,1.553524535038136,0.12029787242047885
MDY,2021_2026,1428,252,1,2.9253897197028196,1.925389719702821,4.302842902554753,0.42952574616707767,1.0224757914895493,0.3065557647389334
MDY,2021_2026,1428,252,2,2.9253897197028196,0.9253897197028216,1.7074882665315458,0.20644065239532242,0.4914270479409627,0.623124437723586
MDY,2021_2026,1428,252,3,2.9253897197028196,-0.0746102802971835,-0.8235364005102883,-0.016644441376434137,-0.039621695607627204,0.9683947304250371
MDY,2021_2026,1428,252,5,2.9253897197028196,-2.074610280297185,-5.698910061326796,-0.4628146289199453,-1.1017191827048025,0.27058377469474015
MDY,2021_2026,1428,252,8,2.9253897197028196,-5.074610280297182,-12.5679542712435,-1.1320699102352108,-2.6948654133505623,0.00704170674707294
MDY,2021_2026,1428,252,10,2.9253897197028196,-7.074610280297185,-16.86808585023303,-1.5782400977787225,-3.7569629004477383,0.00017198798223705403
MDY,2021_2026,1428,252,20,2.9253897197028196,-17.07461028029719,-35.406669373005045,-3.8090910354962775,-9.06745033593361,0.0
MDY,last3y,753,252,0,4.568477005076866,4.568477005076866,11.484164030382438,1.0192559808399357,1.761896878819789,0.07808672206892453
MDY,last3y,753,252,1,4.568477005076866,3.568477005076867,8.710841083257767,0.7961496853048473,1.3762329306677412,0.16874952986524994
MDY,last3y,753,252,2,4.568477005076866,2.5684770050768675,6.006241398257518,0.5730433897697588,0.9905689825156931,0.32189608967662564
MDY,last3y,753,252,3,4.568477005076866,1.5684770050768644,3.368668622286312,0.3499370942346695,0.6049050343636437,0.5452420979107369
MDY,last3y,753,252,5,4.568477005076866,-0.43152299492313834,-1.7119740908843943,-0.09627549683550822,-0.1664228619404538,0.8678241835986009
MDY,last3y,753,252,8,4.568477005076866,-3.431522994923136,-8.870300853881332,-0.7655943834407734,-1.3234147063965975,0.1856975037802444
MDY,last3y,753,252,10,4.568477005076866,-5.431522994923139,-13.351574361100397,-1.2118069745109512,-2.0947426027006952,0.036193879881118995
MDY,last3y,753,252,20,4.568477005076866,-15.431522994923139,-32.67155367775597,-3.442869929861837,-5.951382084221177,2.6588753421208366e-09
MDY,pre2015,4950,252,0,6.922974684649204,6.922974684649204,18.26062313032827,1.5107561670101413,6.695711068308539,2.1462387422843676e-11
MDY,pre2015,4950,252,1,6.922974684649204,5.922974684649206,15.319403224427667,1.2925326090994003,5.728538519901653,1.0129955319015949e-08
MDY,pre2015,4950,252,2,6.922974684649204,4.922974684649207,12.451050315894713,1.0743090511886593,4.761365971494766,1.922869834913854e-06
MDY,pre2015,4950,252,3,6.922974684649204,3.9229746846492035,9.653766182319082,0.8560854932779174,3.7941934230878758,0.00014812417452070292
MDY,pre2015,4950,252,5,6.922974684649204,1.9229746846492017,4.265431286305687,0.41963837745643445,1.859848326274099,0.06290698790672367
MDY,pre2015,4950,252,8,6.922974684649204,-1.0770253153507952,-3.3265262675781377,-0.23503229627578862,-1.0416693189465602,0.2975650182675831
MDY,pre2015,4950,252,10,6.922974684649204,-3.077025315350799,-8.079332254707658,-0.671479412097272,-2.9760144157603388,0.0029202113463326906
MDY,pre2015,4950,252,20,6.922974684649204,-13.0770253153508,-28.57065775562554,-2.8537149912046846,-12.647739899829215,0.0
XLK,full,6970,252,0,6.048672217689224,6.048672217689224,14.967878238616553,0.9519452829746154,5.00642950019638,5.544895724796106e-07
XLK,full,6970,252,1,6.048672217689224,5.048672217689222,12.108163986239783,0.7945644151222179,4.178738840161078,2.9313005415421145e-05
XLK,full,6970,252,2,6.048672217689224,4.048672217689225,9.319307054660616,0.6371835472698207,3.351048180125779,0.0008050629417115651
XLK,full,6970,252,3,6.048672217689224,3.048672217689221,6.59955858047929,0.4798026794174228,2.5233575200904754,0.01162401547102121
XLK,full,6970,252,5,6.048672217689224,1.0486722176892196,1.3606054783433594,0.1650409437126276,0.8679762000198726,0.3854073618271032
XLK,full,6970,252,8,6.048672217689224,-1.9513277823107769,-6.0208156703058116,-0.3071016598445641,-1.6150957800860264,0.10628995467699887
XLK,full,6970,252,10,6.048672217689224,-3.951327782310782,-10.64177929168137,-0.6218633955493598,-3.270477100156632,0.0010736623473113216
XLK,full,6970,252,20,6.048672217689224,-13.951327782310786,-30.564279566469104,-2.1956720740733346,-11.547383700509643,0.0
XLK,2021_2026,1428,252,0,4.526711123016465,4.526711123016465,10.784506755569973,0.7479388594945302,1.7804506113353846,0.07500224521981447
XLK,2021_2026,1428,252,1,4.526711123016465,3.526711123016465,8.028464152695722,0.5827109845166973,1.3871295968172448,0.16540224853878271
XLK,2021_2026,1428,252,2,4.526711123016465,2.526711123016467,5.340719680017288,0.4174831095388647,0.9938085822991055,0.32031606707917715
XLK,2021_2026,1428,252,3,4.526711123016465,1.5267111230164623,2.7195874026317415,0.25225523456103094,0.6004875677809637,0.5481813438769549
XLK,2021_2026,1428,252,5,4.526711123016465,-0.47328887698353894,-2.3293780471378702,-0.07820051539463513,-0.18615446125531668,0.8523236343301428
XLK,2021_2026,1428,252,8,4.526711123016465,-3.473288876983537,-9.44305310903738,-0.5738841403281336,-1.3661175048097358,0.17190208485566627
XLK,2021_2026,1428,252,10,4.526711123016465,-5.473288876983541,-13.896360823629584,-0.9043398902838001,-2.1527595338460173,0.03133758194800684
XLK,2021_2026,1428,252,20,4.526711123016465,-15.473288876983542,-33.09564416639477,-2.55661864006213,-6.085969679027417,1.157883566804685e-09
XLK,last3y,753,252,0,9.503783373274402,9.503783373274402,25.37706645038085,1.472898298256479,2.5460678801987857,0.010894400122538173
XLK,last3y,753,252,1,9.503783373274402,8.503783373274404,22.259489473958354,1.3179180929628256,2.278167426221837,0.02271660422654742
XLK,last3y,753,252,2,9.503783373274402,7.503783373274404,19.219132927137135,1.162937887669172,2.0102669722448896,0.044402940509065125
XLK,last3y,753,252,3,9.503783373274402,6.503783373274398,16.25409154092912,1.0079576823755176,1.7423665182679393,0.08144433070862744
XLK,last3y,753,252,5,9.503783373274402,4.5037833732743975,10.542566155625257,0.6979972717882101,1.206565610314043,0.22759947738521813
XLK,last3y,753,252,8,9.503783373274402,1.5037833732744008,2.4951419736821414,0.23305665590724964,0.4028642483831986,0.6870480933954632
XLK,last3y,753,252,10,9.503783373274402,-0.4962166267256048,-2.542865985779742,-0.07690375468005854,-0.13293665957069942,0.8942434740458638
XLK,last3y,753,252,20,9.503783373274402,-10.496216626725603,-24.26446817917651,-1.626705807616595,-2.811941199340182,0.004924350451750659
XLK,pre2015,4031,252,0,6.99693205942142,6.99693205942142,17.655941203442104,1.0676680742652351,4.270142666960676,1.9534796825038114e-05
XLK,pre2015,4031,252,1,6.99693205942142,5.996932059421417,14.729620769383637,0.9150771865450071,3.6598548106978863,0.00025235819443669705
XLK,pre2015,4031,252,2,6.99693205942142,4.99693205942142,11.875801644463834,0.7624862988247798,3.0495669544350994,0.0022917154431001396
XLK,pre2015,4031,252,3,6.99693205942142,3.9969320594214164,9.092694546328056,0.6098954111045517,2.439279098172309,0.014716597198596748
XLK,pre2015,4031,252,5,6.99693205942142,1.9969320594214148,3.7316781536947703,0.30471363566409615,1.2187033856467306,0.22295679248872258
XLK,pre2015,4031,252,8,6.99693205942142,-1.0030679405785807,-3.8217659936400277,-0.1530590274965862,-0.6121601831416322,0.5404317823291591
XLK,pre2015,4031,252,10,6.99693205942142,-3.003067940578587,-8.550447038910173,-0.4582408029370425,-1.832735895667213,0.06684185638571383
XLK,pre2015,4031,252,20,6.99693205942142,-13.003067940578589,-28.93761693848881,-1.9841496801393195,-7.9356144582951,2.220446049250313e-15
XLF,full,6970,252,0,4.130574043810321,4.130574043810321,9.355345693060654,0.6070202290308729,3.1924145601519442,0.0014108867802953284
XLF,full,6970,252,1,4.130574043810321,3.13057404381032,6.634686976253403,0.4600623915505123,2.419540251086891,0.015540140761481247
XLF,full,6970,252,2,4.130574043810321,2.130574043810321,3.9814537427145984,0.3131045540701518,1.6466659420218381,0.09962672829039576
XLF,full,6970,252,3,4.130574043810321,1.130574043810319,1.3939814950018246,0.16614671658979094,0.8737916329567833,0.38223173784157627
XLF,full,6970,252,5,4.130574043810321,-0.8694259561896834,-3.590134384041605,-0.1277689583709306,-0.6719569851733247,0.5016110807871557
XLF,full,6970,252,8,4.130574043810321,-3.869425956189679,-10.612412711677147,-0.5686424708120118,-2.990579912368481,0.0027844826164877823
XLF,full,6970,252,10,4.130574043810321,-5.869425956189684,-15.008486643814479,-0.8625581457727337,-4.536328530498591,5.724198832712801e-06
XLF,full,6970,252,20,4.130574043810321,-15.869425956189687,-33.96084650067713,-2.33213652057634,-12.265071621149124,0.0
XLF,2021_2026,1428,252,0,3.0807740139313875,3.0807740139313875,7.389922190745008,0.6897053624957322,1.641827161015158,0.10062582847455559
XLF,2021_2026,1428,252,1,3.0807740139313875,2.080774013931388,4.718058310588353,0.46583131026831937,1.1089003206851802,0.2674731854881798
XLF,2021_2026,1428,252,2,3.0807740139313875,1.0807740139313895,2.112413213531231,0.2419572580409067,0.5759734803552031,0.5646331069098263
XLF,2021_2026,1428,252,3,3.0807740139313875,0.08077401393138507,-0.4286478726047652,0.018083205813492688,0.043046640025222675,0.9656643549241277
XLF,2021_2026,1428,252,5,3.0807740139313875,-1.9192259860686167,-5.323357081160701,-0.4296648986413337,-1.0228070406347343,0.30639908846747055
XLF,2021_2026,1428,252,8,3.0807740139313875,-4.919225986068614,-12.219650580212926,-1.1012870553235723,-2.621587561624667,0.008752127636996399
XLF,2021_2026,1428,252,10,3.0807740139313875,-6.919225986068619,-16.536845020281373,-1.5490351597783991,-3.687441242284625,0.0002265203764011403
XLF,2021_2026,1428,252,20,3.0807740139313875,-16.91922598606862,-35.14903294419645,-3.7877756820525295,-9.016709645584406,0.0
XLF,last3y,753,252,0,3.4435398640306665,3.4435398640306665,8.570107417193658,0.909674139283573,1.5724725259164334,0.11584100595367319
XLF,last3y,753,252,1,3.4435398640306665,2.4435398640306674,5.8690152030137295,0.6455058197047784,1.1158283202426094,0.26449562886618105
XLF,last3y,753,252,2,3.4435398640306665,1.443539864030667,3.2348628245062474,0.3813375001259834,0.6591841145687845,0.5097775464844754
XLF,last3y,753,252,3,3.4435398640306665,0.4435398640306654,0.6659977907935869,0.11716918054718807,0.20253990889495935,0.8394946620718813
XLF,last3y,753,252,5,3.4435398640306665,-1.5564601359693366,-4.282278028153775,-0.4111674586104024,-0.7107485024526907,0.4772400977704012
XLF,last3y,753,252,8,3.4435398640306665,-4.556460135969335,-11.254065026905023,-1.2036724173467868,-2.0806811194741637,0.03746310336366809
XLF,last3y,753,252,10,3.4435398640306665,-6.5564601359693375,-15.618533546161977,-1.732009056504377,-2.993969530821814,0.0027537344276271636
XLF,last3y,753,252,20,3.4435398640306665,-16.55646013596934,-34.43466688829347,-4.373692252292327,-7.560411587560059,4.0190073491430667e-14
XLF,pre2015,4031,252,0,4.745984145327449,4.745984145327449,10.782958676788136,0.6411647406646486,2.5643409048707206,0.010337195791567444
XLF,pre2015,4031,252,1,4.745984145327449,3.7459841453274483,8.026896660408713,0.5060684737932363,2.0240228535777374,0.0429678003602163
XLF,pre2015,4031,252,2,4.745984145327449,2.74598414532745,5.339134680016309,0.37097220692182414,1.4837048022847554,0.1378872517157992
XLF,pre2015,4031,252,3,4.745984145327449,1.7459841453274463,2.7179867187611286,0.23587594005041135,0.9433867509917702,0.3454831174787465
XLF,pre2015,4031,252,5,4.745984145327449,-0.25401585467255494,-2.3310049407600406,-0.03431659369241336,-0.13724935159419646,0.8908337030411326
XLF,pre2015,4031,252,8,4.745984145327449,-3.254015854672551,-9.444707527083605,-0.43960539430664963,-1.7582035054731433,0.0787128890044666
XLF,pre2015,4031,252,10,4.745984145327449,-5.2540158546725575,-13.898026530840585,-0.7097979280494751,-2.8388396080591125,0.004527790955886513
XLF,pre2015,4031,252,20,4.745984145327449,-15.25401585467256,-33.09729925547285,-2.0607605967635982,-8.242020120988943,2.220446049250313e-16
