date,rate_dir,bs_dir,quad,walcl,walcl_chg,ff,ff_chg
2002-01-31,,,,,,,
2002-02-28,,,,,,,
2002-03-28,,,,,,,
2002-04-30,,,,,,,
2002-05-31,,,,,,,
2002-06-28,,,,,,,
2002-07-31,,,,,,,
2002-08-30,,,,,,,
2002-09-30,,,,,,,
2002-10-31,,,,,,,
2002-11-29,,,,,,,
2002-12-31,,,,,,,
2003-01-31,,,,,,,
2003-02-28,,,,,,,
2003-03-31,,QE,,729923.0,10381.0,1.26,-0.08000000000000007
2003-04-30,,QT,,732222.0,-3731.0,1.25,0.010000000000000009
2003-05-30,,QE,,734699.0,4299.0,1.26,0.020000000000000018
2003-06-30,,QE,,735926.0,6003.0,1.26,0.0
2003-07-31,,QE,,745665.0,13443.0,1.22,-0.030000000000000027
2003-08-29,falling,QE,Q1,750825.0,16126.0,1.01,-0.25
2003-09-30,falling,QE,Q1,743939.0,8013.0,1.03,-0.22999999999999998
2003-10-31,falling,QT,Q3,743578.0,-2087.0,1.01,-0.20999999999999996
2003-11-28,falling,QT,Q3,744521.0,-6304.0,1.01,0.0
2003-12-31,falling,QE,Q1,767012.0,25819.0,1.0,-0.030000000000000027
2004-01-30,falling,QE,Q1,775833.0,32255.0,0.98,-0.030000000000000027
2004-02-27,falling,QE,Q1,758759.0,14238.0,1.0,-0.010000000000000009
2004-03-31,falling,QT,Q3,751510.0,-15502.0,1.01,0.010000000000000009
2004-04-30,falling,QT,Q3,757984.0,-17849.0,1.0,0.020000000000000018
2004-05-28,falling,QT,Q3,756874.0,-1885.0,1.0,0.0
2004-06-30,falling,QE,Q1,775261.0,23751.0,1.0,-0.010000000000000009
2004-07-30,falling,QE,Q1,776764.0,18780.0,1.03,0.030000000000000027
2004-08-31,rising,QE,Q2,767595.0,10721.0,1.26,0.26
2004-09-30,rising,QE,Q2,782124.0,6863.0,1.43,0.42999999999999994
2004-10-29,rising,QE,Q2,784954.0,8190.0,1.61,0.5800000000000001
2004-11-30,rising,QE,Q2,794090.0,26495.0,1.76,0.5
2004-12-31,rising,QE,Q2,811333.0,29209.0,1.93,0.5
2005-01-31,rising,QE,Q2,806960.0,22006.0,2.16,0.55
2005-02-28,rising,QE,Q2,795606.0,1516.0,2.28,0.5199999999999998
2005-03-31,rising,QT,Q4,797094.0,-14239.0,2.5,0.5700000000000001
2005-04-29,rising,QT,Q4,801793.0,-5167.0,2.63,0.46999999999999975
2005-05-31,rising,QE,Q2,801546.0,5940.0,2.79,0.5100000000000002
2005-06-30,rising,QE,Q2,810429.0,13335.0,3.0,0.5
2005-07-29,rising,QE,Q2,816804.0,15011.0,3.04,0.41000000000000014
2005-08-31,rising,QE,Q2,811313.0,1153.0,3.26,0.46999999999999975
2005-09-30,rising,QE,Q2,812926.0,2497.0,3.5,0.5
2005-10-31,rising,QT,Q4,814281.0,-2523.0,3.62,0.5800000000000001
2005-11-30,rising,QE,Q2,833124.0,21811.0,3.78,0.52
2005-12-30,rising,QE,Q2,848317.0,35391.0,4.0,0.5
2006-01-31,rising,QE,Q2,836042.0,21761.0,4.16,0.54
2006-02-28,rising,QE,Q2,835240.0,11977.0,4.29,0.5100000000000002
2006-03-31,rising,QT,Q4,838003.0,-10314.0,4.49,0.4900000000000002
2006-04-28,rising,QE,Q2,836352.0,310.0,4.59,0.4299999999999997
2006-05-31,rising,QT,Q4,840251.0,-304.0,4.79,0.5
2006-06-30,rising,QE,Q2,844773.0,6770.0,4.94,0.4500000000000002
2006-07-31,rising,QE,Q2,849894.0,13542.0,4.99,0.40000000000000036
2006-08-31,rising,QT,Q4,837987.0,-2264.0,5.24,0.4500000000000002
2006-09-29,rising,QT,Q4,838192.0,-6581.0,5.25,0.3099999999999996
2006-10-31,rising,QT,Q4,844200.0,-5694.0,5.25,0.2599999999999998
2006-11-30,rising,QE,Q2,865126.0,27139.0,5.25,0.009999999999999787
2006-12-29,rising,QE,Q2,865010.0,26818.0,5.25,0.0
2007-01-31,rising,QT,Q4,851755.0,-893.0,5.24,-0.009999999999999787
2007-02-28,rising,QE,Q2,869235.0,4109.0,5.25,0.0
2007-03-30,rising,QT,Q4,863067.0,-1943.0,5.26,0.009999999999999787
2007-04-30,rising,QE,Q2,861335.0,1972.0,5.26,0.019999999999999574
2007-05-31,rising,QE,Q2,873935.0,4700.0,5.25,0.0
2007-06-29,rising,QE,Q2,866089.0,3022.0,5.25,-0.009999999999999787
2007-07-31,rising,QE,Q2,872916.0,11581.0,5.25,-0.009999999999999787
2007-08-31,rising,QT,Q4,862775.0,-11160.0,5.26,0.009999999999999787
2007-09-28,falling,QE,Q1,867732.0,1643.0,5.02,-0.23000000000000043
2007-10-31,falling,QE,Q1,881395.0,17505.0,4.94,-0.3099999999999996
2007-11-30,falling,QE,Q1,891028.0,28253.0,4.76,-0.5
2007-12-31,falling,QE,Q1,887983.0,20251.0,4.49,-0.5299999999999994
2008-01-31,falling,QT,Q3,877253.0,-4142.0,4.24,-0.7000000000000002
2008-02-29,falling,QT,Q3,878949.0,-12079.0,3.94,-0.8199999999999998
2008-03-31,falling,QE,Q1,888646.0,663.0,2.98,-1.5100000000000002
2008-04-30,falling,QE,Q1,885781.0,8528.0,2.61,-1.6300000000000003
2008-05-30,falling,QE,Q1,898487.0,19538.0,2.28,-1.6600000000000001
2008-06-30,falling,QE,Q1,902304.0,13658.0,1.98,-1.0
2008-07-31,falling,QE,Q1,899665.0,13884.0,2.0,-0.6099999999999999
2008-08-29,falling,QE,Q1,898611.0,124.0,2.01,-0.27
2008-09-30,falling,QE,Q1,995093.0,92789.0,2.0,0.020000000000000018
2008-10-31,falling,QE,Q1,1802602.0,902937.0,1.81,-0.18999999999999995
2008-11-28,falling,QE,Q1,2187137.0,1288526.0,0.97,-1.0399999999999998
2008-12-31,falling,QE,Q1,2232311.0,1020486.0,0.39,-1.6099999999999999
2009-01-30,falling,QE,Q1,2037112.0,234510.0,0.16,-1.6500000000000001
2009-02-27,falling,QT,Q3,1915562.0,-271575.0,0.15,-0.82
2009-03-31,falling,QT,Q3,2066942.0,-188041.0,0.22,-0.17
2009-04-30,falling,QE,Q1,2196812.0,159700.0,0.18,0.01999999999999999
2009-05-29,falling,QE,Q1,2181632.0,266070.0,0.15,0.0
2009-06-30,falling,QE,Q1,2072527.0,5585.0,0.18,-0.04000000000000001
2009-07-31,falling,QT,Q3,2039001.0,-157811.0,0.21,0.03
2009-08-31,falling,QT,Q3,2060641.0,-120991.0,0.16,0.010000000000000009
2009-09-30,falling,QE,Q1,2158631.0,133060.0,0.16,-0.01999999999999999
2009-10-30,falling,QE,Q1,2201119.0,162118.0,0.15,-0.06
2009-11-30,falling,QE,Q1,2208721.0,148080.0,0.12,-0.04000000000000001
2009-12-31,falling,QE,Q1,2235803.0,77172.0,0.12,-0.04000000000000001
2010-01-29,falling,QE,Q1,2251806.0,50687.0,0.12,-0.03
2010-02-26,falling,QE,Q1,2277574.0,68853.0,0.11,-0.009999999999999995
2010-03-31,falling,QE,Q1,2313149.0,77346.0,0.13,0.010000000000000009
2010-04-30,falling,QE,Q1,2337556.0,85750.0,0.16,0.04000000000000001
2010-05-28,falling,QE,Q1,2350890.0,73316.0,0.2,0.09000000000000001
2010-06-30,falling,QE,Q1,2344497.0,31348.0,0.2,0.07
2010-07-30,falling,QT,Q3,2332322.0,-5234.0,0.18,0.01999999999999999
2010-08-31,falling,QT,Q3,2313662.0,-37228.0,0.18,-0.020000000000000018
2010-09-30,falling,QT,Q3,2307171.0,-37326.0,0.19,-0.010000000000000009
2010-10-29,falling,QT,Q3,2305227.0,-27095.0,0.19,0.010000000000000009
2010-11-30,falling,QE,Q1,2314757.0,1095.0,0.19,0.010000000000000009
2010-12-31,falling,QE,Q1,2427921.0,120750.0,0.19,0.0
2011-01-31,falling,QE,Q1,2425164.0,119937.0,0.18,-0.010000000000000009
2011-02-28,falling,QE,Q1,2508868.0,194111.0,0.17,-0.01999999999999999
2011-03-31,falling,QE,Q1,2601341.0,173420.0,0.16,-0.03
2011-04-29,falling,QE,Q1,2685782.0,260618.0,0.14,-0.03999999999999998
2011-05-31,falling,QE,Q1,2758009.0,249141.0,0.1,-0.07
2011-06-30,falling,QE,Q1,2856403.0,255062.0,0.09,-0.07
2011-07-29,falling,QE,Q1,2871301.0,185519.0,0.09,-0.05000000000000002
2011-08-31,falling,QE,Q1,2859433.0,84437.0,0.07,-0.03
2011-09-30,falling,QE,Q1,2857747.0,1344.0,0.1,0.010000000000000009
2011-10-31,falling,QT,Q3,2852390.0,-18911.0,0.08,-0.009999999999999995
2011-11-30,falling,QT,Q3,2821980.0,-37453.0,0.07,0.0
2011-12-30,falling,QE,Q1,2916085.0,58338.0,0.08,-0.020000000000000004
2012-01-31,falling,QE,Q1,2919423.0,67033.0,0.07,-0.009999999999999995
2012-02-29,falling,QE,Q1,2932813.0,110833.0,0.08,0.009999999999999995
2012-03-30,falling,QT,Q3,2892646.0,-23439.0,0.1,0.020000000000000004
2012-04-30,falling,QT,Q3,2875470.0,-43953.0,0.13,0.06
2012-05-31,falling,QT,Q3,2859495.0,-73318.0,0.14,0.06000000000000001
2012-06-29,falling,QT,Q3,2870846.0,-21800.0,0.16,0.06
2012-07-31,falling,QT,Q3,2855807.0,-19663.0,0.16,0.03
2012-08-31,falling,QT,Q3,2825661.0,-33834.0,0.16,0.01999999999999999
2012-09-28,falling,QT,Q3,2821574.0,-49272.0,0.13,-0.03
2012-10-31,falling,QT,Q3,2840964.0,-5793.0,0.14,-0.01999999999999999
2012-11-30,falling,QE,Q1,2871161.0,45500.0,0.16,0.0
2012-12-31,falling,QE,Q1,2920231.0,98657.0,0.16,0.03
2013-01-31,falling,QE,Q1,3011697.0,170733.0,0.16,0.01999999999999999
2013-02-28,falling,QE,Q1,3095150.0,223989.0,0.14,-0.01999999999999999
2013-03-28,falling,QE,Q1,3206888.0,286657.0,0.15,-0.010000000000000009
2013-04-30,falling,QE,Q1,3295109.0,331297.0,0.14,-0.01999999999999999
2013-05-31,falling,QE,Q1,3398713.0,303563.0,0.15,0.009999999999999981
2013-06-28,falling,QE,Q1,3470530.0,263642.0,0.11,-0.039999999999999994
2013-07-31,falling,QE,Q1,3574574.0,255925.0,0.09,-0.05000000000000002
2013-08-30,falling,QE,Q1,3645668.0,246955.0,0.09,-0.06
2013-09-30,falling,QE,Q1,3722192.0,251662.0,0.08,-0.03
2013-10-31,falling,QE,Q1,3839033.0,264459.0,0.08,-0.009999999999999995
2013-11-29,falling,QE,Q1,3906620.0,260952.0,0.09,0.0
2013-12-31,falling,QE,Q1,4008062.0,285870.0,0.08,0.0
2014-01-31,falling,QE,Q1,4097914.0,258881.0,0.09,0.009999999999999995
2014-02-28,falling,QE,Q1,4149224.0,242604.0,0.07,-0.01999999999999999
2014-03-31,falling,QE,Q1,4222081.0,214019.0,0.07,-0.009999999999999995
2014-04-30,falling,QE,Q1,4296339.0,198425.0,0.08,-0.009999999999999995
2014-05-30,falling,QE,Q1,4327560.0,178336.0,0.09,0.01999999999999999
2014-06-30,falling,QE,Q1,4368168.0,146087.0,0.09,0.01999999999999999
2014-07-31,falling,QE,Q1,4410746.0,114407.0,0.1,0.020000000000000004
2014-08-29,falling,QE,Q1,4412924.0,85364.0,0.09,0.0
2014-09-30,falling,QE,Q1,4449588.0,81420.0,0.09,0.0
2014-10-31,falling,QE,Q1,4481616.0,70870.0,0.09,-0.010000000000000009
2014-11-28,falling,QE,Q1,4492759.0,79835.0,0.09,0.0
2014-12-31,falling,QE,Q1,4509462.0,50412.0,0.09,0.0
2015-01-30,falling,QE,Q1,4512936.0,31320.0,0.12,0.03
2015-02-27,falling,QE,Q1,4496851.0,4092.0,0.11,0.020000000000000004
2015-03-31,falling,QT,Q3,4495888.0,-6359.0,0.11,0.020000000000000004
2015-04-30,falling,QT,Q3,4489695.0,-23241.0,0.11,-0.009999999999999995
2015-05-29,falling,QT,Q3,4480384.0,-16467.0,0.12,0.009999999999999995
2015-06-30,falling,QT,Q3,4487817.0,-8071.0,0.12,0.009999999999999995
2015-07-31,falling,QE,Q1,4500503.0,10808.0,0.13,0.020000000000000004
2015-08-31,falling,QE,Q1,4487208.0,6824.0,0.13,0.010000000000000009
2015-09-30,falling,QE,Q1,4497484.0,2429.0,0.14,0.020000000000000018
2015-10-30,falling,QE,Q1,4501372.0,869.0,0.14,0.010000000000000009
2015-11-30,falling,QT,Q3,4486721.0,-487.0,0.12,-0.010000000000000009
2015-12-31,falling,QT,Q3,4496523.0,-961.0,0.12,-0.020000000000000018
2016-01-29,falling,QT,Q3,4488840.0,-12532.0,0.24,0.09999999999999998
2016-02-29,rising,QT,Q4,4483629.0,-3092.0,0.34,0.22000000000000003
2016-03-31,rising,QT,Q4,4492857.0,-3666.0,0.38,0.26
2016-04-29,rising,QE,Q2,4490131.0,1291.0,0.36,0.12
2016-05-31,rising,QT,Q4,4473741.0,-9888.0,0.37,0.02999999999999997
2016-06-30,rising,QT,Q4,4482009.0,-10848.0,0.37,-0.010000000000000009
2016-07-29,rising,QT,Q4,4480973.0,-9158.0,0.38,0.020000000000000018
2016-08-31,rising,QE,Q2,4473840.0,12729.0,0.39,0.020000000000000018
2016-09-30,rising,QT,Q4,4473032.0,-8977.0,0.4,0.030000000000000027
2016-10-31,rising,QT,Q4,4467382.0,-13591.0,0.4,0.020000000000000018
2016-11-30,rising,QT,Q4,4465782.0,-8058.0,0.4,0.010000000000000009
2016-12-30,rising,QT,Q4,4469089.0,-3943.0,0.41,0.009999999999999953
2017-01-31,rising,QT,Q4,4460758.0,-6624.0,0.54,0.14
2017-02-28,rising,QE,Q2,4454676.0,1043.0,0.65,0.25
2017-03-31,rising,QE,Q2,4478236.0,9147.0,0.66,0.25000000000000006
2017-04-28,rising,QE,Q2,4479270.0,18512.0,0.79,0.25
2017-05-31,rising,QE,Q2,4470852.0,2150.0,0.9,0.25
2017-06-30,rising,QT,Q4,4474257.0,-3979.0,0.91,0.25
2017-07-31,rising,QT,Q4,4476903.0,-2367.0,1.04,0.25
2017-08-31,rising,QT,Q4,4463837.0,-7015.0,1.15,0.2499999999999999
2017-09-29,rising,QT,Q4,4458576.0,-15681.0,1.16,0.2499999999999999
2017-10-31,rising,QT,Q4,4469723.0,-7180.0,1.15,0.10999999999999988
2017-11-30,rising,QT,Q4,4450615.0,-13222.0,1.15,0.0
2017-12-29,rising,QT,Q4,4447470.0,-11106.0,1.16,0.0
2018-01-31,rising,QT,Q4,4441317.0,-19800.0,1.3,0.15000000000000013
2018-02-28,rising,QT,Q4,4411660.0,-38955.0,1.41,0.26
2018-03-29,rising,QT,Q4,4401222.0,-46248.0,1.42,0.26
2018-04-30,rising,QT,Q4,4385903.0,-53242.0,1.51,0.20999999999999996
2018-05-31,rising,QT,Q4,4337301.0,-74359.0,1.69,0.28
2018-06-29,rising,QT,Q4,4315896.0,-85326.0,1.7,0.28
2018-07-31,rising,QT,Q4,4291615.0,-94288.0,1.82,0.31000000000000005
2018-08-31,rising,QT,Q4,4228818.0,-108483.0,1.91,0.21999999999999997
2018-09-28,rising,QT,Q4,4208059.0,-107837.0,1.91,0.20999999999999996
2018-10-31,rising,QT,Q4,4173070.0,-104611.0,1.95,0.1299999999999999
2018-11-30,rising,QT,Q4,4106198.0,-122620.0,2.19,0.28
2018-12-31,rising,QT,Q4,4084274.0,-123785.0,2.2,0.29000000000000026
2019-01-31,rising,QT,Q4,4047052.0,-126018.0,2.27,0.32000000000000006
2019-02-28,rising,QT,Q4,3981420.0,-124778.0,2.4,0.20999999999999996
2019-03-29,rising,QT,Q4,3962748.0,-121526.0,2.4,0.19999999999999973
2019-04-30,rising,QT,Q4,3931827.0,-118217.0,2.41,0.14000000000000012
2019-05-31,rising,QT,Q4,3860435.0,-120985.0,2.42,0.020000000000000018
2019-06-28,rising,QT,Q4,3844016.0,-118732.0,2.39,-0.009999999999999787
2019-07-31,rising,QT,Q4,3803436.0,-124837.0,2.38,-0.03000000000000025
2019-08-30,rising,QT,Q4,3764866.0,-95569.0,2.4,-0.020000000000000018
2019-09-30,falling,QE,Q1,3844695.0,679.0,2.13,-0.26000000000000023
2019-10-31,falling,QE,Q1,3968700.0,165264.0,2.04,-0.33999999999999986
2019-11-29,falling,QE,Q1,4030249.0,265383.0,1.83,-0.5699999999999998
2019-12-31,falling,QE,Q1,4137052.0,292357.0,1.55,-0.5799999999999998
2020-01-31,falling,QE,Q1,4145912.0,177212.0,1.55,-0.49
2020-02-28,falling,QE,Q1,4171570.0,141321.0,1.55,-0.28
2020-03-31,falling,QE,Q1,4668212.0,531160.0,1.58,0.030000000000000027
2020-04-30,falling,QE,Q1,6573136.0,2427224.0,0.65,-0.9
2020-05-29,falling,QE,Q1,7037258.0,2865688.0,0.05,-1.5
2020-06-30,falling,QE,Q1,7094690.0,2426478.0,0.05,-1.53
2020-07-31,falling,QE,Q1,6964755.0,391619.0,0.08,-0.5700000000000001
2020-08-31,falling,QT,Q3,7010637.0,-26621.0,0.09,0.039999999999999994
2020-09-30,falling,QE,Q1,7093161.0,10859.0,0.1,0.05
2020-10-30,falling,QE,Q1,7177265.0,212510.0,0.09,0.009999999999999995
2020-11-30,falling,QE,Q1,7243080.0,232443.0,0.09,0.0
2020-12-31,falling,QE,Q1,7404039.0,310878.0,0.09,-0.010000000000000009
2021-01-29,falling,QE,Q1,7414942.0,237677.0,0.09,0.0
2021-02-26,falling,QE,Q1,7557402.0,314322.0,0.09,0.0
2021-03-31,falling,QE,Q1,7719622.0,315583.0,0.08,-0.009999999999999995
2021-04-30,falling,QE,Q1,7820948.0,406006.0,0.07,-0.01999999999999999
2021-05-28,falling,QE,Q1,7922883.0,365481.0,0.07,-0.01999999999999999
2021-06-30,falling,QE,Q1,8101945.0,382323.0,0.06,-0.020000000000000004
2021-07-30,falling,QE,Q1,8240530.0,419582.0,0.08,0.009999999999999995
2021-08-31,falling,QE,Q1,8342598.0,419715.0,0.1,0.03
2021-09-30,falling,QE,Q1,8489824.0,387879.0,0.09,0.03
2021-10-29,falling,QE,Q1,8564943.0,324413.0,0.08,0.0
2021-11-30,falling,QE,Q1,8674970.0,332372.0,0.08,-0.020000000000000004
2021-12-31,falling,QE,Q1,8790495.0,300671.0,0.08,-0.009999999999999995
2022-01-31,falling,QE,Q1,8867834.0,302891.0,0.08,0.0
2022-02-28,falling,QE,Q1,8911033.0,236063.0,0.08,0.0
2022-03-31,falling,QE,Q1,8962474.0,171979.0,0.08,0.0
2022-04-29,rising,QE,Q2,8955851.0,88017.0,0.2,0.12000000000000001
2022-05-31,rising,QE,Q2,8945898.0,34865.0,0.33,0.25
2022-06-30,rising,QT,Q4,8934346.0,-28128.0,0.77,0.6900000000000001
2022-07-29,rising,QT,Q4,8899213.0,-56638.0,1.21,1.01
2022-08-31,rising,QT,Q4,8851436.0,-62845.0,1.68,1.3499999999999999
2022-09-30,rising,QT,Q4,8816802.0,-117544.0,2.33,1.56
2022-10-31,rising,QT,Q4,8743922.0,-155291.0,2.56,1.35
2022-11-30,rising,QT,Q4,8621390.0,-230046.0,3.08,1.4000000000000001
2022-12-30,rising,QT,Q4,8564411.0,-252391.0,3.78,1.4499999999999997
2023-01-31,rising,QT,Q4,8489039.0,-254883.0,4.1,1.5399999999999996
2023-02-28,rising,QT,Q4,8384767.0,-240853.0,4.33,1.25
2023-03-31,rising,QE,Q2,8733787.0,169376.0,4.57,0.7900000000000005
2023-04-28,rising,QE,Q2,8593263.0,104224.0,4.65,0.5500000000000007
2023-05-31,rising,QE,Q2,8436255.0,54065.0,4.83,0.5
2023-06-30,rising,QT,Q4,8362060.0,-371727.0,5.06,0.4899999999999993
2023-07-31,rising,QT,Q4,8274552.0,-318711.0,5.08,0.4299999999999997
2023-08-31,rising,QT,Q4,8139066.0,-297189.0,5.12,0.29000000000000004
2023-09-29,rising,QT,Q4,8024090.0,-337970.0,5.33,0.27000000000000046
2023-10-31,rising,QT,Q4,7933162.0,-341390.0,5.33,0.25
2023-11-30,rising,QT,Q4,7810814.0,-328252.0,5.33,0.20999999999999996
2023-12-29,rising,QT,Q4,7724063.0,-300027.0,5.33,0.0
2024-01-31,rising,QT,Q4,7677230.0,-230600.0,5.33,0.0
2024-02-29,rising,QT,Q4,7581683.0,-229131.0,5.33,0.0
2024-03-28,rising,QT,Q4,7514348.0,-209715.0,5.33,0.0
2024-04-30,rising,QT,Q4,7405506.0,-268235.0,5.33,0.0
2024-05-31,rising,QT,Q4,7299566.0,-282117.0,5.33,0.0
2024-06-28,rising,QT,Q4,7252542.0,-261806.0,5.33,0.0
2024-07-31,rising,QT,Q4,7205455.0,-196979.0,5.33,0.0
2024-08-30,rising,QT,Q4,7139952.0,-159614.0,5.33,0.0
2024-09-30,rising,QT,Q4,7109137.0,-143405.0,5.33,0.0
2024-10-31,falling,QT,Q3,7029408.0,-176047.0,5.13,-0.20000000000000018
2024-11-29,falling,QT,Q3,6923731.0,-216221.0,4.83,-0.5
2024-12-31,falling,QT,Q3,6889332.0,-219805.0,4.64,-0.6900000000000004
2025-01-31,falling,QT,Q3,6831760.0,-197648.0,4.48,-0.6499999999999995
2025-02-28,falling,QT,Q3,6782332.0,-141399.0,4.33,-0.5
2025-03-31,falling,QT,Q3,6755982.0,-133350.0,4.33,-0.3099999999999996
2025-04-30,falling,QT,Q3,6726930.0,-104830.0,4.33,-0.15000000000000036
2025-05-30,falling,QT,Q3,6688726.0,-93606.0,4.33,0.0
2025-06-30,falling,QT,Q3,6681056.0,-74926.0,4.33,0.0
2025-07-31,falling,QT,Q3,6657715.0,-69215.0,4.33,0.0
2025-08-29,falling,QT,Q3,6618415.0,-70311.0,4.33,0.0
2025-09-30,falling,QT,Q3,6608597.0,-72459.0,4.33,0.0
2025-10-31,falling,QT,Q3,6589533.0,-68182.0,4.22,-0.11000000000000032
2025-11-28,falling,QT,Q3,6555283.0,-63132.0,4.09,-0.2400000000000002
2025-12-31,falling,QT,Q3,6581231.0,-27164.0,3.88,-0.4500000000000002
2026-01-30,falling,QT,Q3,6584580.0,-4953.0,3.72,-0.49999999999999956
2026-02-27,falling,QE,Q1,6613395.0,58112.0,3.64,-0.44999999999999973
2026-03-31,falling,QE,Q1,6655939.0,99078.0,3.64,-0.23999999999999977
2026-04-30,falling,QE,Q1,6707419.0,122839.0,3.64,-0.08000000000000007
2026-05-29,falling,QE,Q1,6713643.0,100248.0,3.64,0.0
2026-06-30,falling,QE,Q1,6736424.0,80485.0,3.63,-0.010000000000000231
2026-07-31,falling,QE,Q1,6747378.0,39959.0,3.63,-0.010000000000000231
2026-08-31,falling,QE,Q1,6745699.0,32056.0,3.63,-0.010000000000000231
2026-09-10,falling,QE,Q1,6737204.0,25709.0,3.63,0.0
