label,n,mean_pct,median_pct,t_naive,p_naive,t_nw,p_nw,n_eff,hit_rate,quad,horizon_m,spec,archetype,preferred
IWO,116,1.438762001131177,2.8899409550646626,1.2819801197503389,0.1998496202072515,0.9054625680621132,0.3652203817273578,57.8677252520385,0.6120689655172413,Q1,3,lagged,D,True
XBI,109,3.5790665425274657,4.791291638150463,2.519239489398029,0.01176086331740489,1.8810959445236695,0.05995886858253452,60.77283294398438,0.6055045871559633,Q1,3,lagged,-,False
ARKK,44,3.0531598062680523,3.4404132883793404,0.841430954299588,0.4001065504323349,0.5638644532762298,0.5728463833408046,19.75900818439256,0.5909090909090909,Q1,3,lagged,-,False
QQQ,116,3.034828712711888,3.7135303606262715,2.9939258198135725,0.0027541289605379493,2.1055366036601115,0.03524462454559929,57.37220076558363,0.7068965517241379,Q1,3,lagged,C,False
IWF,116,2.0506101940224535,3.3359676323250875,2.274083429119814,0.02296097082275983,1.5660029016824002,0.11734793784745623,55.008566422867084,0.6637931034482759,Q1,3,lagged,-,False
SPY,116,1.744169999473267,3.1771627669342495,2.1101572819613184,0.03484481066717504,1.4465042925149552,0.14803580891974732,54.508946554175765,0.6724137931034483,Q1,3,lagged,B,False
IWD,116,1.352146311242421,3.01616729276859,1.5532410051723764,0.12036556842095925,1.0570520160732078,0.29048784866637645,53.724577942057586,0.6551724137931034,Q1,3,lagged,A,False
VTV,113,1.2695042348325134,2.779647121751694,1.4903481854480385,0.13613270889098383,1.0086674432233833,0.31313415054985083,51.760559702037,0.6637168141592921,Q1,3,lagged,-,False
SPLV,75,2.7093329795304086,2.9822374309028676,4.102806627556448,4.0816837823420826e-05,3.103371683646122,0.0019132918348638839,42.9108139904964,0.7333333333333333,Q1,3,lagged,-,False
USMV,70,3.017897384624102,3.133985530781136,4.826824305706127,1.387274047637277e-06,3.7550350667323005,0.00017331721076407902,42.36459433765398,0.7428571428571429,Q1,3,lagged,-,False
IWO,37,3.6288918535899066,3.4815958691863047,3.3217270103021694,0.0008946217510263921,2.7813114213291716,0.005413977441794948,25.940186049314207,0.7297297297297297,Q2,3,lagged,D,False
XBI,22,6.270906190669172,7.1395547875508285,2.8949869817105145,0.0037917425744935507,2.455234661450364,0.014079264829548466,15.823970467167511,0.6818181818181818,Q2,3,lagged,-,False
ARKK,11,12.437959226474444,9.419928207359929,2.9976608712449773,0.002720602289719043,3.4968528133580326,0.00047078150402324326,14.968641684560616,0.7272727272727273,Q2,3,lagged,-,False
QQQ,37,4.110429435624633,3.4969520547182498,3.51774894574518,0.00043522390527384047,2.952046717863959,0.0031567516628214776,26.056644831049216,0.7297297297297297,Q2,3,lagged,C,False
IWF,37,3.3653524900745393,3.5859021405805658,4.358477302621803,1.3097050231891672e-05,3.804436961667007,0.0001421270996895263,28.191159027446858,0.8108108108108109,Q2,3,lagged,-,False
SPY,37,2.9564732020476816,2.807512911527854,4.715675571990881,2.4091004715565134e-06,4.439933245744434,8.998678582283759e-06,32.79946555813927,0.7567567567567568,Q2,3,lagged,B,True
IWD,37,2.727506233076469,2.7912150214785436,4.262567514877879,2.0209141171845246e-05,3.7395036513736843,0.00018438397000730689,28.476532508020664,0.7297297297297297,Q2,3,lagged,A,False
VTV,37,2.790127181494589,3.341372506029372,4.532526752476814,5.828229197479828e-06,4.122362557561797,3.750063621499322e-05,30.606476940238068,0.7837837837837838,Q2,3,lagged,-,False
SPLV,11,1.6174056147952924,1.8296625945616984,1.7607919378330863,0.07827362490689138,2.0101633203895117,0.04441390611806462,14.336372983241821,0.6363636363636364,Q2,3,lagged,-,False
USMV,11,2.399623230114861,2.58437070574975,2.623701112795926,0.008698007685176812,3.4095430230592103,0.0006507181335120293,18.57617595247637,0.8181818181818182,Q2,3,lagged,-,False
IWO,49,4.326093190051875,4.785167530401568,3.0599357781834264,0.002213844577857893,2.2625454162162812,0.023663726166301524,26.789590057787724,0.7346938775510204,Q3,3,lagged,D,False
XBI,44,4.033706096145511,5.397685274930919,1.845416959579113,0.06497690794734212,1.3108142981779491,0.18992051069735094,22.199643558325228,0.6818181818181818,Q3,3,lagged,-,False
ARKK,24,5.072812229974124,1.3037876696230688,1.216505459992479,0.22379243239767344,0.8821046567090605,0.3777202142274392,12.618953681109998,0.5416666666666666,Q3,3,lagged,-,False
QQQ,49,4.636887645977928,3.9281188622793284,3.804785492359851,0.0001419271317606441,2.8038354028417265,0.005049867782174422,26.609747666306713,0.6938775510204082,Q3,3,lagged,C,True
IWF,49,4.0598777535303014,2.942703091343901,3.537696227346243,0.0004036341392639198,2.566545682836867,0.010271709409212626,25.79009849598184,0.7142857142857143,Q3,3,lagged,-,False
SPY,49,4.234655704366449,4.140731837905265,4.577263608267569,4.7109766716513235e-06,3.3860794386009982,0.0007089885684579134,26.81504413983186,0.7551020408163265,Q3,3,lagged,B,False
IWD,49,4.5348243429424295,4.938455958731458,5.110649230424808,3.210535934883296e-07,3.9246085116916944,8.687089534209491e-05,28.895925872872652,0.8163265306122449,Q3,3,lagged,A,False
VTV,47,4.248057720943605,4.0143995829672985,4.7106538600682795,2.4692330384823435e-06,3.603482716365868,0.0003139816348221025,27.503018310228224,0.7872340425531915,Q3,3,lagged,-,False
SPLV,34,1.7587218203146675,1.4758301982757627,3.6075744725829284,0.00030907284055214923,3.149896547481147,0.0016332828660108323,25.92035155645118,0.7058823529411765,Q3,3,lagged,-,False
USMV,34,1.8009385862398655,1.3411392560411572,4.17126075189996,3.029189908021479e-05,3.6064646844933534,0.000310397080286684,25.416023680340174,0.7941176470588235,Q3,3,lagged,-,False
IWO,73,3.539838838079437,4.200773671532088,3.9422739751187255,8.071270105070028e-05,3.183725677513174,0.001453927281554579,47.61025793395829,0.726027397260274,Q4,3,lagged,D,False
XBI,70,2.986991433974861,3.464549031756159,2.155899950094616,0.031091478379287496,1.7454748380080762,0.08090224865200013,45.88471306965475,0.6142857142857143,Q4,3,lagged,-,False
ARKK,62,4.605749519943552,5.64637237100386,2.7302619275002535,0.00632840230878795,2.2252913933642686,0.026061682852011714,41.18668515541829,0.6774193548387096,Q4,3,lagged,-,False
QQQ,73,4.989878516931531,5.83901488947014,6.100516690577859,1.057261389547648e-09,5.084249462984498,3.6908258782553105e-07,50.70412863702763,0.821917808219178,Q4,3,lagged,C,False
IWF,73,4.623856325038091,4.786628848253405,6.54368952345224,6.001932284505074e-11,5.1987901979439455,2.0058977323600402e-07,46.076774784131146,0.8356164383561644,Q4,3,lagged,-,False
SPY,73,3.942766425428034,4.2784410592421995,6.596979428098751,4.1961989438732417e-11,5.358633426007478,8.385379790531999e-08,48.16601295400084,0.821917808219178,Q4,3,lagged,B,False
IWD,73,3.1700470825480394,3.6093715268085136,5.320267688785847,1.0361468083530667e-07,4.315753472478769,1.590594174061266e-05,48.03625578917713,0.7397260273972602,Q4,3,lagged,A,True
VTV,73,3.5016599438606506,4.084098750959764,5.902798223788684,3.573872753293017e-09,4.7666941059908625,1.8727330513002016e-06,47.60379209471682,0.7397260273972602,Q4,3,lagged,-,False
SPLV,62,2.9010964934400993,3.886578557160436,4.903455130018722,9.416546005169835e-07,3.7980681333790915,0.00014582824273201567,37.197416786661236,0.7419354838709677,Q4,3,lagged,-,False
USMV,62,3.351219395435972,3.316862338145421,5.776774584533312,7.614619157436664e-09,4.5473770868352466,5.431862389437825e-06,38.418710615242695,0.8064516129032258,Q4,3,lagged,-,False
IWO,111,9.193160812293188,8.34160502347654,3.8724642473192143,0.00010774048418005222,1.5646840254018424,0.1176570159560113,18.121804567983073,0.6756756756756757,Q1,12,lagged,D,True
XBI,104,13.841239302344826,16.31412540412337,4.4661657932928716,7.963390582954588e-06,1.711083938155753,0.08706561876863805,15.265333145921856,0.6826923076923077,Q1,12,lagged,-,False
ARKK,39,13.198891541527663,-2.355242642790012,1.0745682149078193,0.2825680888070856,0.40293105302339344,0.6869989462910866,5.483503236724171,0.46153846153846156,Q1,12,lagged,-,False
QQQ,111,14.387615834647875,17.977574623269987,6.45521919121499,1.0806244787886499e-10,2.4856221890574983,0.012932518200820642,16.457778991312054,0.7837837837837838,Q1,12,lagged,C,False
IWF,111,10.72552444099803,13.361115507616805,5.407202092280617,6.401689756074802e-08,2.070520751158538,0.03840360484837335,16.275597860351418,0.7837837837837838,Q1,12,lagged,-,False
SPY,111,9.755500042252088,12.869263876493143,5.532163896301287,3.1630413843686256e-08,2.1659778197918484,0.030312881891673138,17.015351013541498,0.7657657657657657,Q1,12,lagged,B,False
IWD,111,8.77484493881115,12.168024447197734,4.90029184169284,9.569439898271526e-07,2.038569656595268,0.04149299618549218,19.210125349592754,0.7387387387387387,Q1,12,lagged,A,False
VTV,108,9.251119149589194,10.86038376623022,5.3104149671415,1.093759074421996e-07,2.1898220683602556,0.028537143603390103,18.36472771121108,0.7592592592592593,Q1,12,lagged,-,False
SPLV,70,11.145011245904596,14.077600627951337,10.439091899156214,0.0,5.105995995390222,3.2905665836580056e-07,16.746865717759007,0.8428571428571429,Q1,12,lagged,-,False
USMV,65,10.879025592635642,13.655053282078722,9.31094830900478,0.0,4.02114173320748,5.7916742745689476e-05,12.123395890841646,0.8461538461538461,Q1,12,lagged,-,False
IWO,37,10.027741974966846,12.44752361524224,6.367474507403323,1.9216583879710925e-10,5.126825004297626,2.946691708416438e-07,23.98635636930112,0.8648648648648649,Q2,12,lagged,D,False
XBI,22,18.877861496247693,17.55922268663902,6.839361991184105,7.954525926834322e-12,5.245093204703147,1.562033420388076e-07,12.938916783402709,0.9545454545454546,Q2,12,lagged,-,False
ARKK,11,34.26457154508727,33.31570019667281,3.4030304496306867,0.0006664285298567663,3.324004856655672,0.0008873465059058283,10.49504522274782,0.8181818181818182,Q2,12,lagged,-,False
QQQ,37,12.559602498610328,10.161283319869142,6.521118491034951,6.978506661425854e-11,3.9250134964510104,8.672487546590446e-05,13.404167611864608,0.8918918918918919,Q2,12,lagged,C,False
IWF,37,11.407040985197158,9.476541885557644,6.674091567849309,2.4876989357380808e-11,4.1797354802204145,2.918483731750854e-05,14.511589943277185,0.8648648648648649,Q2,12,lagged,-,False
SPY,37,9.87285500371049,10.544173748075568,6.389967372897914,1.6592105467339024e-10,4.834867812596599,1.332341404536308e-06,21.182326228137388,0.8648648648648649,Q2,12,lagged,B,True
IWD,37,8.814536726712067,11.40579547724736,5.010066609159041,5.44111996569896e-07,2.819609085785995,0.00480821849651214,11.719053232824178,0.8108108108108109,Q2,12,lagged,A,False
VTV,37,9.603617643469974,12.59821162317396,5.2990623311973275,1.1639889585524088e-07,3.201905954273057,0.0013652156127368364,13.508925654087147,0.8108108108108109,Q2,12,lagged,-,False
SPLV,11,6.719482847524698,8.568047946631419,4.192463975650761,2.7594091116744934e-05,4.8751762903832265,1.0871132762879654e-06,14.8742355785406,0.9090909090909091,Q2,12,lagged,-,False
USMV,11,10.23371602887035,11.071056392365897,6.033606600697318,1.6034014116428352e-09,11.406224607660782,0.0,39.31176504083036,0.9090909090909091,Q2,12,lagged,-,False
IWO,45,16.008305883111344,14.68136644755964,5.165528613193966,2.3976034535522217e-07,4.8188218480978415,1.4440842586171954e-06,39.16198638679502,0.8222222222222222,Q3,12,lagged,D,False
XBI,40,24.217821762726267,25.844717425188,5.0026526034540515,5.654678729705154e-07,2.433824490695182,0.014940237370121512,9.467554510629654,0.75,Q3,12,lagged,-,False
ARKK,20,20.05591096088902,17.03390162246051,3.3486706446681627,0.0008120025943525455,2.5991367181821268,0.009345854244200869,12.048788328300182,0.6,Q3,12,lagged,-,False
QQQ,45,16.00978941737162,17.002830927559298,5.928684629665909,3.0537092854387993e-09,4.864404269923089,1.1480205381886321e-06,30.293896521191915,0.9333333333333333,Q3,12,lagged,C,True
IWF,45,12.75769680365278,13.2772623564275,5.242553144667504,1.5836975597594005e-07,5.2661773353935875,1.392937361011093e-07,45.406475172766775,0.9333333333333333,Q3,12,lagged,-,False
SPY,45,14.464001672423453,16.329785011844635,5.957095583745971,2.5676007986419336e-09,5.984933992845766,2.1647763581711388e-09,45.42156634438703,0.9555555555555556,Q3,12,lagged,B,False
IWD,45,16.23933826023568,16.573300856913974,6.057316047099187,1.3841148227555777e-09,6.574584510846768,4.8789194906362354e-11,53.0137676320272,0.8666666666666667,Q3,12,lagged,A,False
VTV,43,15.722686503015781,16.01690728151779,5.821445530697637,5.834082106304095e-09,6.709967593761429,1.9466650513777495e-11,57.12781642238792,0.9302325581395349,Q3,12,lagged,-,False
SPLV,30,10.456185131134411,10.131378084326881,8.174703480200751,4.440892098500626e-16,3.561236406682433,0.00036911255148042166,5.693493730568464,0.9333333333333333,Q3,12,lagged,-,False
USMV,30,10.950159595060715,9.45606915617816,9.873871091516722,0.0,4.517312942847111,6.262931199874089e-06,6.279234534551316,1.0,Q3,12,lagged,-,False
IWO,73,11.177123127986965,10.868969889438084,7.369815336566483,1.709743457922741e-13,4.255559150290548,2.0852722512954003e-05,24.34013097729034,0.7808219178082192,Q4,12,lagged,D,False
XBI,70,10.744789643503738,10.31356075034483,4.657638003873724,3.1985800283962362e-06,2.2674912515165984,0.023360232731506336,16.590436661204514,0.6428571428571429,Q4,12,lagged,-,False
ARKK,62,30.914152474094575,23.750216555302938,8.458262915130435,0.0,4.540388609359511,5.615063815245236e-06,17.865508394959274,0.8870967741935484,Q4,12,lagged,-,False
QQQ,73,22.69835678126962,23.73874357224537,14.615818062006632,0.0,6.991932707595887,2.7111646261346323e-12,16.70594638656455,0.9726027397260274,Q4,12,lagged,C,False
IWF,73,20.268787071537147,20.2551332507382,14.63250920145964,0.0,6.8516855260713445,7.298606163885779e-12,16.00589973192963,0.958904109589041,Q4,12,lagged,-,False
SPY,73,15.049098669485506,15.86080007909767,13.114138736595226,0.0,6.861835686603078,6.7981176243847585e-12,19.985910624236595,0.9178082191780822,Q4,12,lagged,B,False
IWD,73,9.312090523458304,10.830823466218398,7.829975302226442,4.884981308350689e-15,4.520556305646368,6.1677337324095305e-06,24.332450113948326,0.8493150684931506,Q4,12,lagged,A,True
VTV,73,10.510124668077852,11.048799798787346,8.76259999534925,0.0,4.99632775789117,5.843231680735528e-07,23.73333266116833,0.863013698630137,Q4,12,lagged,-,False
SPLV,62,10.421894310872174,11.119148405111702,9.23395378007315,0.0,4.470594040254925,7.800263597701473e-06,14.532715322898435,0.8387096774193549,Q4,12,lagged,-,False
USMV,62,12.924574204612052,13.749807994789665,13.821600445949905,0.0,7.666793083627309,1.7763568394002505e-14,19.076667307521568,0.9838709677419355,Q4,12,lagged,-,False
