label,n_lag,mean_pct_lag,median_pct_lag,t_naive_lag,p_naive_lag,t_nw_lag,p_nw_lag,n_eff_lag,hit_rate_lag,quad,horizon_m,spec_lag,archetype_lag,preferred_lag,n_nolag,mean_pct_nolag,median_pct_nolag,t_naive_nolag,p_naive_nolag,t_nw_nolag,p_nw_nolag,n_eff_nolag,hit_rate_nolag,spec_nolag,archetype_nolag,preferred_nolag
IWO,116,1.438762001131177,2.8899409550646626,1.2819801197503389,0.1998496202072515,0.9054625680621132,0.3652203817273578,57.8677252520385,0.6120689655172413,Q1,3,lagged,D,True,117,0.9347763034741909,2.5490888862717,0.8499944765658946,0.39532815711499536,0.5986762441043962,0.5493888017520043,58.0413767365836,0.5897435897435898,nolag,D,True
QQQ,116,3.034828712711888,3.7135303606262715,2.9939258198135725,0.0027541289605379493,2.1055366036601115,0.03524462454559929,57.37220076558363,0.7068965517241379,Q1,3,lagged,C,False,117,2.8638865462261465,3.3885542779995337,2.944583876449132,0.0032338927819268726,2.0649366302065046,0.03892899663190663,57.53756241872421,0.7008547008547008,nolag,C,False
SPY,116,1.744169999473267,3.1771627669342495,2.1101572819613184,0.03484481066717504,1.4465042925149552,0.14803580891974732,54.508946554175765,0.6724137931034483,Q1,3,lagged,B,False,117,1.6580551794043619,2.9354262153298727,2.1007034153221595,0.03566700933940181,1.4544889876159826,0.14581078442267215,56.08894271262041,0.6752136752136753,nolag,B,False
IWD,116,1.352146311242421,3.01616729276859,1.5532410051723764,0.12036556842095925,1.0570520160732078,0.29048784866637645,53.724577942057586,0.6551724137931034,Q1,3,lagged,A,False,117,1.2862589624721719,2.5710907790396753,1.5413132781416494,0.1232405587979688,1.0608442602296138,0.2887606840567314,55.425201929155605,0.6752136752136753,nolag,A,False
IWO,37,3.6288918535899066,3.4815958691863047,3.3217270103021694,0.0008946217510263921,2.7813114213291716,0.005413977441794948,25.940186049314207,0.7297297297297297,Q2,3,lagged,D,False,38,3.9883580713131077,4.247648348307886,3.064823678289041,0.002177983581527876,2.7315441559727467,0.006303829310357223,30.184852556925883,0.7631578947368421,nolag,D,False
QQQ,37,4.110429435624633,3.4969520547182498,3.51774894574518,0.00043522390527384047,2.952046717863959,0.0031567516628214776,26.056644831049216,0.7297297297297297,Q2,3,lagged,C,False,38,3.352667414521705,3.795672227566549,2.626033688247345,0.008638626713818542,2.2922011134849374,0.02189404073681578,28.952658552859653,0.7368421052631579,nolag,C,False
SPY,37,2.9564732020476816,2.807512911527854,4.715675571990881,2.4091004715565134e-06,4.439933245744434,8.998678582283759e-06,32.79946555813927,0.7567567567567568,Q2,3,lagged,B,True,38,3.161539725209118,3.0397422314013434,4.1343396536746,3.559766862060165e-05,4.011108342649448,6.043436727987128e-05,35.76844633682405,0.8157894736842105,nolag,B,True
IWD,37,2.727506233076469,2.7912150214785436,4.262567514877879,2.0209141171845246e-05,3.7395036513736843,0.00018438397000730689,28.476532508020664,0.7297297297297297,Q2,3,lagged,A,False,38,3.478943536684418,4.016234826055742,4.896688553330504,9.746512616981562e-07,4.519890210106128,6.187170922489216e-06,32.37683586920989,0.8157894736842105,nolag,A,False
IWO,49,4.326093190051875,4.785167530401568,3.0599357781834264,0.002213844577857893,2.2625454162162812,0.023663726166301524,26.789590057787724,0.7346938775510204,Q3,3,lagged,D,False,49,6.058602587461219,6.236784515599836,4.601504693443387,4.194497041698497e-06,3.454309168726273,0.0005517045092782169,27.61332802662382,0.8163265306122449,nolag,D,False
QQQ,49,4.636887645977928,3.9281188622793284,3.804785492359851,0.0001419271317606441,2.8038354028417265,0.005049867782174422,26.609747666306713,0.6938775510204082,Q3,3,lagged,C,True,49,5.904905862072433,5.3013021953934425,4.822490468571055,1.4177680649485325e-06,3.841747396583658,0.00012216152245381195,31.09645880765088,0.7346938775510204,nolag,C,True
SPY,49,4.234655704366449,4.140731837905265,4.577263608267569,4.7109766716513235e-06,3.3860794386009982,0.0007089885684579134,26.81504413983186,0.7551020408163265,Q3,3,lagged,B,False,49,4.904991187280482,5.341782735964418,5.07311657429259,3.91352584117044e-07,3.877721697471114,0.00010543923190131643,28.628570918674043,0.7755102040816326,nolag,B,False
IWD,49,4.5348243429424295,4.938455958731458,5.110649230424808,3.210535934883296e-07,3.9246085116916944,8.687089534209491e-05,28.895925872872652,0.8163265306122449,Q3,3,lagged,A,False,49,4.873541071334845,5.243484652120167,5.000790729494754,5.709565997769062e-07,3.891390528211372,9.967135749566758e-05,29.670738323146047,0.7551020408163265,nolag,A,False
IWO,73,3.539838838079437,4.200773671532088,3.9422739751187255,8.071270105070028e-05,3.183725677513174,0.001453927281554579,47.61025793395829,0.726027397260274,Q4,3,lagged,D,False,72,3.1243139769390154,4.02571825449095,3.561305351295147,0.00036901562601743265,2.7940812386473444,0.0052047401693000594,44.319222229891494,0.6944444444444444,nolag,D,False
QQQ,73,4.989878516931531,5.83901488947014,6.100516690577859,1.057261389547648e-09,5.084249462984498,3.6908258782553105e-07,50.70412863702763,0.821917808219178,Q4,3,lagged,C,False,72,4.922320468444371,5.824231759119758,5.7726963427781515,7.801295609510817e-09,4.606688638976074,4.091319086629852e-06,45.851419936998866,0.8055555555555556,nolag,C,False
SPY,73,3.942766425428034,4.2784410592421995,6.596979428098751,4.1961989438732417e-11,5.358633426007478,8.385379790531999e-08,48.16601295400084,0.821917808219178,Q4,3,lagged,B,False,72,3.5959830964739528,4.180312206422987,5.791396887658707,6.980340749862535e-09,4.50694867951923,6.576653215351058e-06,43.604475332457085,0.7777777777777778,nolag,B,False
IWD,73,3.1700470825480394,3.6093715268085136,5.320267688785847,1.0361468083530667e-07,4.315753472478769,1.590594174061266e-05,48.03625578917713,0.7397260273972602,Q4,3,lagged,A,True,72,2.732325387263858,3.2814538108456692,4.484446442418559,7.310346396671719e-06,3.477470049566899,0.0005061695967611968,43.295385372201316,0.7083333333333334,nolag,A,True
IWO,111,9.193160812293188,8.34160502347654,3.8724642473192143,0.00010774048418005222,1.5646840254018424,0.1176570159560113,18.121804567983073,0.6756756756756757,Q1,12,lagged,D,True,110,8.207841569605208,6.275881684609075,3.4174351917690764,0.0006321414244954138,1.362249725147763,0.17311908791518116,17.47855672554802,0.6636363636363637,nolag,D,True
QQQ,111,14.387615834647875,17.977574623269987,6.45521919121499,1.0806244787886499e-10,2.4856221890574983,0.012932518200820642,16.457778991312054,0.7837837837837838,Q1,12,lagged,C,False,110,13.562963105860119,15.604991756154774,6.014121625484514,1.8086467878930534e-09,2.308290311613351,0.020982994943451683,16.204257250333747,0.7909090909090909,nolag,C,False
SPY,111,9.755500042252088,12.869263876493143,5.532163896301287,3.1630413843686256e-08,2.1659778197918484,0.030312881891673138,17.015351013541498,0.7657657657657657,Q1,12,lagged,B,False,110,9.162814348312622,11.862675393389965,5.112211147466088,3.184096373232137e-07,1.9806475584087162,0.04763081158381022,16.511613910550885,0.7727272727272727,nolag,B,False
IWD,111,8.77484493881115,12.168024447197734,4.90029184169284,9.569439898271526e-07,2.038569656595268,0.04149299618549218,19.210125349592754,0.7387387387387387,Q1,12,lagged,A,False,110,8.243209563383903,11.58650526315742,4.524000169257807,6.06816754977757e-06,1.8738347346446635,0.060953207276934984,18.87165681757388,0.7454545454545455,nolag,A,False
IWO,37,10.027741974966846,12.44752361524224,6.367474507403323,1.9216583879710925e-10,5.126825004297626,2.946691708416438e-07,23.98635636930112,0.8648648648648649,Q2,12,lagged,D,False,38,12.095241225811897,13.562695912360734,7.164532274276812,7.80486786311485e-13,8.674640410340952,0.0,55.707141219924154,0.8947368421052632,nolag,D,False
QQQ,37,12.559602498610328,10.161283319869142,6.521118491034951,6.978506661425854e-11,3.9250134964510104,8.672487546590446e-05,13.404167611864608,0.8918918918918919,Q2,12,lagged,C,False,38,13.207385980474648,11.417811801861333,6.94291782055218,3.8409275759931916e-12,4.86555042711812,1.1413870359966438e-06,18.662228517813045,0.9210526315789473,nolag,C,False
SPY,37,9.87285500371049,10.544173748075568,6.389967372897914,1.6592105467339024e-10,4.834867812596599,1.332341404536308e-06,21.182326228137388,0.8648648648648649,Q2,12,lagged,B,True,38,11.816149626891988,12.874335701292273,8.683659361035563,0.0,9.114049473429448,0.0,41.86015214193108,0.8947368421052632,nolag,B,True
IWD,37,8.814536726712067,11.40579547724736,5.010066609159041,5.44111996569896e-07,2.819609085785995,0.00480821849651214,11.719053232824178,0.8108108108108109,Q2,12,lagged,A,False,38,11.896672356257199,12.959630912035658,7.882339757504446,3.1086244689504383e-15,4.948981367076173,7.460288773408763e-07,14.979762672415408,0.868421052631579,nolag,A,False
IWO,45,16.008305883111344,14.68136644755964,5.165528613193966,2.3976034535522217e-07,4.8188218480978415,1.4440842586171954e-06,39.16198638679502,0.8222222222222222,Q3,12,lagged,D,False,47,17.81818322624278,16.750981712636314,6.444948951015432,1.1563949797732676e-10,6.183022161915711,6.288587428571191e-10,43.25740879016907,0.851063829787234,nolag,D,False
QQQ,45,16.00978941737162,17.002830927559298,5.928684629665909,3.0537092854387993e-09,4.864404269923089,1.1480205381886321e-06,30.293896521191915,0.9333333333333333,Q3,12,lagged,C,True,47,18.880827177015206,18.473370783857092,7.172818367957705,7.347455976969286e-13,5.862939505791474,4.547439313995483e-09,31.401400419115195,0.9148936170212766,nolag,C,True
SPY,45,14.464001672423453,16.329785011844635,5.957095583745971,2.5676007986419336e-09,5.984933992845766,2.1647763581711388e-09,45.42156634438703,0.9555555555555556,Q3,12,lagged,B,False,47,15.775694555642566,16.80730751501276,7.1254891876237565,1.0371703496048212e-12,6.972393144040871,3.1159519409129643e-12,45.002042084974974,0.9361702127659575,nolag,B,False
IWD,45,16.23933826023568,16.573300856913974,6.057316047099187,1.3841148227555777e-09,6.574584510846768,4.8789194906362354e-11,53.0137676320272,0.8666666666666667,Q3,12,lagged,A,False,47,16.481689854762177,17.310512875999407,6.619996856075768,3.5920599827932165e-11,6.845071597336915,7.643663479939278e-12,50.25025635969519,0.851063829787234,nolag,A,False
IWO,73,11.177123127986965,10.868969889438084,7.369815336566483,1.709743457922741e-13,4.255559150290548,2.0852722512954003e-05,24.34013097729034,0.7808219178082192,Q4,12,lagged,D,False,72,10.264786536210842,9.55928926406795,6.719903284379263,1.8184564964940364e-11,3.78494134551907,0.0001537448352699755,22.841507265766822,0.7638888888888888,nolag,D,False
QQQ,73,22.69835678126962,23.73874357224537,14.615818062006632,0.0,6.991932707595887,2.7111646261346323e-12,16.70594638656455,0.9726027397260274,Q4,12,lagged,C,False,72,21.77368891379733,23.681408377531486,14.232241263452611,0.0,6.800692499101618,1.0411671524934718e-11,16.439635279106824,0.9583333333333334,nolag,C,False
SPY,73,15.049098669485506,15.86080007909767,13.114138736595226,0.0,6.861835686603078,6.7981176243847585e-12,19.985910624236595,0.9178082191780822,Q4,12,lagged,B,False,72,14.062821687793603,15.435845163268414,11.354807311772088,0.0,5.669714950853436,1.4303529471959564e-08,17.951279498122144,0.9027777777777778,nolag,B,False
IWD,73,9.312090523458304,10.830823466218398,7.829975302226442,4.884981308350689e-15,4.520556305646368,6.1677337324095305e-06,24.332450113948326,0.8493150684931506,Q4,12,lagged,A,True,72,8.271959411456102,9.646810719787158,6.638457770991417,3.169819962067777e-11,3.8880201783332047,0.00010106522645791927,24.69762106343622,0.8194444444444444,nolag,A,True
