timestamp,IWO,XBI,ARKK,QQQ,IWF,SPY,IWD,VTV,SPLV,USMV
2002-01-31,47.16896438598633,,,32.449886322021484,9.600862503051758,72.58219146728516,31.658828735351562,,,
2002-02-28,44.04356002807617,,,28.464210510253906,9.253031730651855,71.28038787841797,31.81980323791504,,,
2002-03-28,47.87122344970703,,,30.385417938232422,9.556864738464355,73.65191650390625,33.32463073730469,,,
2002-04-30,46.8462028503418,,,26.73680877685547,8.760298728942871,69.36865234375,32.090187072753906,,,
2002-05-31,43.881256103515625,,,25.312759399414062,8.53133487701416,68.95704650878906,32.10173034667969,,,
2002-06-28,40.4334831237793,,,21.992788314819336,7.745362281799316,63.86748123168945,30.24283790588379,,,
2002-07-31,34.457462310791016,,,20.09684944152832,7.338826656341553,58.833465576171875,27.595142364501953,,,
2002-08-30,34.36423110961914,,,19.793500900268555,7.331120014190674,59.233604431152344,27.693634033203125,,,
2002-09-30,31.708656311035156,,,17.459402084350586,6.616486549377441,53.02281188964844,24.652835845947266,,,
2002-10-31,33.533905029296875,,,20.68670082092285,7.174294948577881,57.38574981689453,26.55771827697754,,,
2002-11-29,36.420372009277344,,,23.357845306396484,7.585408687591553,60.92536544799805,28.252901077270508,,,
2002-12-31,33.887672424316406,,,20.535015106201172,7.03762674331665,57.47881317138672,26.888917922973633,,,
2003-01-31,33.24139404296875,,,20.594005584716797,6.863426685333252,56.065162658691406,26.220495223999023,,,
2003-02-28,32.42499923706055,,,21.200700759887695,6.846010684967041,55.30947494506836,25.65176010131836,,,
2003-03-31,32.55255889892578,,,21.276535034179688,6.953541278839111,55.42782211303711,25.58209991455078,,,
2003-04-30,35.89719009399414,,,23.13033676147461,7.496635913848877,60.11763000488281,27.82790184020996,,,
2003-05-30,40.16094207763672,,,25.102108001708984,7.88844108581543,63.41424560546875,29.690563201904297,,,
2003-06-30,40.259124755859375,,,25.236919403076172,7.97867488861084,64.08971405029297,29.954578399658203,,,
2003-07-31,43.8206672668457,,,26.795793533325195,8.176925659179688,65.2450942993164,30.463991165161133,,,
2003-08-29,46.12119674682617,,,28.135595321655273,8.373237609863281,66.59081268310547,30.908260345458984,,,
2003-09-30,44.83906555175781,,,27.318241119384766,8.298052787780762,65.86457061767578,30.611494064331055,,,
2003-10-31,48.726993560791016,,,29.643892288208008,8.741958618164062,69.39012145996094,32.54668045043945,,,
2003-11-28,50.560115814208984,,,29.81243324279785,8.82373332977295,70.14794921875,32.89798355102539,,,
2003-12-31,50.63425064086914,,,30.73447608947754,9.157865524291992,73.67732238769531,35.15298843383789,,,
2004-01-30,53.060874938964844,,,31.24867820739746,9.359414100646973,75.13385772705078,35.75522232055664,27.449487686157227,,
2004-02-27,53.189029693603516,,,30.82720184326172,9.414202690124512,76.15345001220703,36.520084381103516,28.162887573242188,,
2004-03-31,53.44063949584961,,,30.21185302734375,9.233244895935059,75.1447982788086,36.25443649291992,27.68594741821289,,
2004-04-30,50.661712646484375,,,29.309877395629883,9.12934684753418,73.72296142578125,35.2377815246582,27.215166091918945,,
2004-05-28,51.781837463378906,,,30.810344696044922,9.307737350463867,74.98529052734375,35.58270263671875,27.416927337646484,,
2004-06-30,53.472991943359375,,,31.813474655151367,9.394349098205566,76.3726577758789,36.51579284667969,28.091480255126953,,
2004-07-30,48.741695404052734,,,29.411027908325195,8.901566505432129,73.91202545166016,36.053714752197266,27.66893768310547,,
2004-08-31,47.5695686340332,,,28.677648544311523,8.805365562438965,74.0920639038086,36.49756622314453,28.063323974609375,,
2004-09-30,50.162200927734375,,,29.62175178527832,8.893939971923828,74.83574676513672,37.01021194458008,28.404048919677734,,
2004-10-29,51.360626220703125,,,31.10538101196289,9.015933990478516,75.79994201660156,37.57855224609375,28.846101760864258,,
2004-11-30,55.81188201904297,,,32.976776123046875,9.372090339660645,79.17440795898438,39.47917938232422,30.22323226928711,,
2004-12-31,57.65257263183594,,,33.97343444824219,9.721821784973145,81.5592041015625,40.81936264038086,31.24993324279785,,
2005-01-31,55.16828918457031,,,31.828842163085938,9.391497611999512,79.73059844970703,40.105926513671875,30.6278076171875,,
2005-02-28,55.93070983886719,,,31.675649642944336,9.504243850708008,81.3972396850586,41.477439880371094,31.678009033203125,,
2005-03-31,53.691566467285156,,,31.12246322631836,9.298258781433105,79.90830993652344,40.80005645751953,31.13513946533203,,
2005-04-29,50.44846725463867,,,29.76929473876953,9.127647399902344,78.41120910644531,40.093292236328125,30.641586303710938,,
2005-05-31,53.966129302978516,,,32.40752410888672,9.583929061889648,80.9379653930664,41.04804611206055,31.404895782470703,,
2005-06-30,55.68683624267578,,,31.330114364624023,9.53842544555664,81.06061553955078,41.486045837402344,31.836549758911133,,
2005-07-29,59.78409194946289,,,33.715232849121094,10.023293495178223,84.16205596923828,42.76846694946289,32.650516510009766,,
2005-08-31,58.86503982543945,,,33.20413589477539,9.87624454498291,83.37310028076172,42.55681610107422,32.45425033569336,,
2005-09-30,59.16328430175781,,,33.613014221191406,9.922066688537598,84.0422134399414,43.12381362915039,33.01466751098633,,
2005-10-31,56.49748229980469,,,33.110408782958984,9.784674644470215,82.05453491210938,41.86468505859375,32.142669677734375,,
2005-11-30,60.160823822021484,,,35.12923049926758,10.240657806396484,85.66104125976562,43.462093353271484,33.27627944946289,,
2005-12-30,59.97237777709961,,,34.5052604675293,10.183584213256836,85.49711608886719,43.530433654785156,33.50398635864258,,
2006-01-31,65.34456634521484,,,35.862937927246094,10.321335792541504,87.55023956298828,45.15108871459961,34.5178337097168,,
2006-02-28,65.47370147705078,16.751602172851562,,35.094451904296875,10.34728717803955,88.051513671875,45.61140823364258,34.82257843017578,,
2006-03-31,68.64778900146484,15.843892097473145,,35.82829284667969,10.552153587341309,89.50474548339844,46.35196304321289,35.37316131591797,,
2006-04-28,68.64778900146484,15.062254905700684,,35.75992202758789,10.52414321899414,90.63531494140625,47.41074752807617,36.234031677246094,,
2006-05-31,63.832984924316406,14.160855293273926,,33.17084884643555,10.135994911193848,87.9052963256836,46.256866455078125,35.361351013183594,,
2006-06-30,63.449684143066406,14.457119941711426,,33.15044021606445,10.120819091796875,88.13459777832031,46.488285064697266,35.68141174316406,,
2006-07-31,60.50995635986328,14.176609992980957,,31.722488403320312,9.914188385009766,88.52928161621094,47.60363006591797,36.582637786865234,,
2006-08-31,62.113433837890625,14.655679702758789,,33.23592758178711,10.197053909301758,90.46119689941406,48.323822021484375,37.19331359863281,,
2006-09-29,62.421234130859375,14.362567901611328,,34.7779426574707,10.483741760253906,92.90377044677734,49.380924224853516,37.99404525756836,,
2006-10-31,66.49463653564453,15.97942066192627,,36.429141998291016,10.863903999328613,95.83183288574219,50.905853271484375,39.18692398071289,,
2006-11-30,68.09117889404297,15.919534683227539,,37.678226470947266,11.073095321655273,97.73748779296875,52.09762191772461,39.99811553955078,,
2006-12-29,67.8798599243164,14.542217254638672,,36.9703483581543,11.093624114990234,99.04430389404297,53.3192024230957,41.001094818115234,,
2007-01-31,69.28792572021484,15.059107780456543,,37.749847412109375,11.383918762207031,100.53401184082031,53.938114166259766,41.319580078125,,
2007-02-28,69.02877807617188,15.182024955749512,,37.1159782409668,11.178295135498047,98.56178283691406,53.132205963134766,40.66456604003906,,
2007-03-30,69.7737808227539,15.207232475280762,,37.31077194213867,11.248564720153809,99.70397186279297,53.894859313964844,41.35184860229492,,
2007-04-30,71.50300598144531,16.562503814697266,,39.39358901977539,11.765926361083984,104.12043762207031,55.88494110107422,43.08720397949219,,
2007-05-31,74.83175659179688,16.940706253051758,,40.63643264770508,12.198408126831055,107.65219116210938,57.875057220458984,44.62904357910156,,
2007-06-29,74.32209014892578,16.074827194213867,,40.831172943115234,11.995413780212402,106.0782699584961,56.53300476074219,43.696571350097656,,
2007-07-31,70.51294708251953,15.897863388061523,,40.77116394042969,11.825237274169922,102.7569580078125,53.71775817871094,41.63604736328125,,
2007-08-31,72.14051055908203,17.59478187561035,,41.920589447021484,11.969079971313477,104.07561492919922,54.5192985534668,42.24388885498047,,
2007-09-28,73.88551330566406,18.343698501586914,,44.12233352661133,12.532764434814453,108.10482788085938,56.35382843017578,43.744380950927734,,
2007-10-31,77.62577819824219,19.149490356445312,,47.22916030883789,12.894147872924805,109.5714340209961,56.419376373291016,43.81169128417969,,
2007-11-30,72.45362091064453,19.187408447265625,,44.036521911621094,12.451553344726562,105.32746124267578,53.69841766357422,41.60334014892578,,
2007-12-31,72.53419494628906,18.76384162902832,,44.005069732666016,12.3678560256958,104.14139556884766,52.93132019042969,40.95357131958008,,
2008-01-31,65.90462493896484,17.71438217163086,,38.77292251586914,11.391122817993164,97.84492492675781,50.794254302978516,39.016632080078125,,
2008-02-29,63.680294036865234,16.97154426574707,,36.90000915527344,11.201886177062988,95.31634521484375,48.82212448120117,37.49296188354492,,
2008-03-31,63.035804748535156,16.917802810668945,,37.590911865234375,11.108602523803711,94.46400451660156,48.767574310302734,37.32497787475586,,
2008-04-30,66.6726303100586,17.654319763183594,,40.59162902832031,11.724838256835938,98.96632385253906,50.799285888671875,38.921600341796875,,
2008-05-30,70.35298156738281,18.950347900390625,,42.99909973144531,12.110494613647461,100.4623794555664,50.67316818237305,38.69795227050781,,
2008-06-30,66.26374816894531,18.420305252075195,,38.86470031738281,11.27184772491455,92.066162109375,45.846187591552734,35.011016845703125,,
2008-07-31,67.39897155761719,22.12290382385254,,39.114234924316406,11.04540729522705,91.23883056640625,45.688655853271484,34.94844436645508,,
2008-08-29,69.52510070800781,20.56896209716797,,39.682106018066406,11.188642501831055,92.64881896972656,46.45112991333008,35.51786804199219,,
2008-09-30,61.676063537597656,19.226051330566406,,33.50112533569336,9.963683128356934,83.92375946044922,43.014854431152344,33.084110260009766,,
2008-10-31,48.3202018737793,17.102962493896484,,28.317955017089844,8.196697235107422,70.06067657470703,35.70993423461914,27.71316909790039,,
2008-11-28,42.57133483886719,15.692902565002441,,25.07202911376953,7.505084991455078,65.18399810791016,33.037078857421875,25.8702335357666,,
2008-12-31,44.60619354248047,17.146799087524414,,25.64301300048828,7.6409010887146,65.82255554199219,33.62483596801758,26.25682258605957,,
2009-01-30,41.5716438293457,16.874980926513672,,25.05668830871582,7.249166488647461,60.417564392089844,29.73407745361328,23.341527938842773,,
2009-02-27,37.239078521728516,14.79958438873291,,23.737472534179688,6.704861640930176,53.9257698059082,25.816165924072266,20.177438735961914,,
2009-03-31,40.36942672729492,15.397493362426758,,26.186344146728516,7.263856887817383,58.418373107910156,27.932607650756836,21.834924697875977,,
2009-04-30,46.33968734741211,14.521759986877441,,29.60646629333496,8.001009941101074,64.22203063964844,30.893808364868164,24.240253448486328,,
2009-05-29,48.34149169921875,15.060670852661133,,30.556501388549805,8.417214393615723,67.97602844238281,32.963932037353516,25.962026596069336,,
2009-06-30,49.7725944519043,16.247562408447266,,31.45880126953125,8.495893478393555,67.93148803710938,32.621185302734375,25.682615280151367,,
2009-07-31,53.65939712524414,17.71994972229004,,34.11351013183594,9.111708641052246,72.9996109008789,35.17558670043945,27.72811508178711,,
2009-08-31,54.23088455200195,17.344633102416992,,34.61505889892578,9.288494110107422,75.69615936279297,37.087989807128906,29.176223754882812,,
2009-09-30,57.57863998413086,17.21311378479004,,36.57011795043945,9.663898468017578,78.380126953125,38.48919677734375,30.116409301757812,,
2009-10-30,53.78523635864258,14.970850944519043,,35.453529357910156,9.540780067443848,76.87324523925781,37.254539489746094,29.319063186645508,,
2009-11-30,55.492713928222656,16.093582153320312,,37.70400619506836,10.13551139831543,81.6091537475586,39.390899658203125,31.09675407409668,,
2009-12-31,60.03638458251953,17.20737648010254,,39.665653228759766,10.444219589233398,83.16795349121094,40.055999755859375,31.475818634033203,,
2010-01-29,57.50511169433594,17.733474731445312,,37.09931182861328,9.974912643432617,80.14543914794922,38.918540954589844,30.70457649230957,,
2010-02-26,59.93937683105469,18.063899993896484,,38.80732727050781,10.322705268859863,82.64556884765625,40.11183166503906,31.508777618408203,,
2010-03-31,64.70594787597656,19.23158836364746,,41.799739837646484,10.917137145996094,87.67701721191406,42.80073928833008,33.447017669677734,,
2010-04-30,67.4712905883789,19.359907150268555,,42.73709487915039,11.034817695617676,89.0333480834961,43.915103912353516,34.04344940185547,,
2010-05-28,63.0715217590332,17.364564895629883,,39.57780075073242,10.187926292419434,81.95925903320312,40.3127326965332,31.39923858642578,,
2010-06-30,58.81313705444336,16.607494354248047,,37.212772369384766,9.6310396194458,77.71858978271484,37.99292755126953,29.77635383605957,,
2010-07-30,62.64787292480469,17.605159759521484,,39.91377258300781,10.321494102478027,83.02680969238281,40.58205032348633,31.750762939453125,,
2010-08-31,58.08203125,16.825641632080078,,37.866241455078125,9.838133811950684,79.29222869873047,38.86881637573242,30.40336036682129,,
2010-09-30,66.2282485961914,19.0455322265625,,42.854270935058594,10.87765121459961,86.39325714111328,41.830875396728516,32.705726623535156,,
2010-10-29,69.30305480957031,19.100061416625977,,45.57034683227539,11.411263465881348,89.69364929199219,43.12146759033203,33.59894943237305,,
2010-11-30,72.17403411865234,19.01665687561035,,45.491737365722656,11.54043197631836,89.69364929199219,42.85909652709961,33.3907470703125,,
2010-12-31,77.67938995361328,20.235671997070312,,47.65583038330078,12.168437957763672,95.68985748291016,46.256248474121094,36.05282974243164,,
2011-01-31,77.1728744506836,19.828256607055664,,49.00343322753906,12.463831901550293,97.91947937011719,47.26163864135742,37.080413818359375,,
2011-02-28,81.70463562011719,20.072065353393555,,50.552284240722656,12.890983581542969,101.3208999633789,49.05142593383789,38.57444763183594,,
2011-03-31,84.79037475585938,21.41939926147461,,50.3256721496582,12.891589164733887,101.33309936523438,49.190364837646484,38.561805725097656,,
2011-04-29,87.88531494140625,23.671371459960938,,51.77156448364258,13.315835952758789,104.26783752441406,50.4654541015625,39.70397186279297,,
2011-05-31,86.1777572631836,24.13652992248535,,51.14063262939453,13.168733596801758,103.09852600097656,49.956851959228516,39.160091400146484,17.846208572387695,
2011-06-30,84.35457611083984,23.453237533569336,,50.10478591918945,12.979000091552734,101.3592758178711,48.911014556884766,38.32921600341797,17.63852310180664,
2011-07-29,81.1169662475586,22.82447624206543,,50.93914031982422,12.85641098022461,99.3316421508789,47.24483108520508,36.988887786865234,17.226097106933594,
2011-08-31,73.98553466796875,20.25813102722168,,48.357051849365234,12.167596817016602,93.8708267211914,44.349647521972656,34.80744552612305,17.23822021484375,
2011-09-30,65.55400848388672,19.090435028076172,,46.18541717529297,11.283158302307129,87.35421752929688,40.99900817871094,32.423316955566406,16.86888885498047,
2011-10-31,76.02014923095703,21.207679748535156,,50.98960494995117,12.502021789550781,96.888671875,45.69371032714844,35.75178909301758,17.87263298034668,19.694923400878906
2011-11-30,75.57398986816406,20.93500518798828,,49.61698913574219,12.489151000976562,96.4949722290039,45.37493133544922,35.55194091796875,18.05941390991211,19.725271224975586
2011-12-30,75.35566711425781,21.30070686340332,,49.3122444152832,12.453185081481934,97.5031509399414,46.316680908203125,36.453678131103516,18.622467041015625,20.331466674804688
2012-01-31,81.02767944335938,24.57600975036621,,53.46355056762695,13.205244064331055,102.02483367919922,48.08965301513672,37.71764373779297,18.519723892211914,20.5977840423584
2012-02-29,83.7206039428711,24.65620994567871,,56.890602111816406,13.828011512756348,106.45325469970703,49.84074783325195,39.183021545410156,18.857141494750977,21.0314998626709
2012-03-30,85.48816680908203,25.81106948852539,,59.765289306640625,14.281421661376953,109.8772201538086,51.39243698120117,40.297096252441406,19.3984317779541,21.571855545043945
2012-04-30,83.982421875,26.093364715576172,,59.06635665893555,14.264130592346191,109.14369201660156,50.893680572509766,39.926822662353516,19.605085372924805,21.85460090637207
2012-05-31,78.04003143310547,25.804651260375977,,54.907981872558594,13.34776782989502,102.5890121459961,47.94526290893555,37.565452575683594,19.302425384521484,21.380817413330078
2012-06-29,82.16482543945312,28.3806209564209,,56.896453857421875,13.714789390563965,106.75215911865234,50.32465744018555,39.35902786254883,20.106857299804688,22.15736961364746
2012-07-31,80.646728515625,28.832948684692383,,57.46400833129883,13.866619110107422,108.01498413085938,50.759910583496094,39.82341384887695,20.514596939086914,22.586118698120117
2012-08-31,83.53018188476562,28.399869918823242,,60.44361114501953,14.317782402038574,110.72107696533203,51.918067932128906,40.414424896240234,20.33806800842285,22.547842025756836
2012-09-28,86.09654998779297,29.96534538269043,,60.980613708496094,14.522513389587402,113.52790832519531,53.54856491088867,41.5849609375,20.683109283447266,22.903987884521484
2012-10-31,83.32305145263672,26.888933181762695,,57.761260986328125,14.097931861877441,111.46195983886719,53.266666412353516,41.42208480834961,20.684749603271484,22.64975357055664
2012-11-30,84.20555877685547,28.508941650390625,,58.51719284057617,14.34397029876709,112.0927963256836,53.22956466674805,41.1175651550293,20.644052505493164,22.72679328918457
2012-12-31,86.53401947021484,28.263370513916016,,58.24394989013672,14.347697257995605,113.09428405761719,54.40532302856445,41.98711013793945,20.500459671020508,22.531757354736328
2013-01-31,92.2811508178711,30.571767807006836,,59.79997634887695,14.954554557800293,118.88357543945312,57.871952056884766,44.6577262878418,21.496206283569336,23.656784057617188
2013-02-28,93.22541046142578,30.20525360107422,,60.005645751953125,15.116670608520508,120.40040588378906,58.57426071166992,45.243255615234375,22.104398727416992,24.308536529541016
2013-03-28,97.92144775390625,32.12583541870117,,61.82069778442383,15.686735153198242,124.97212982177734,60.93537521362305,47.07306671142578,23.18560218811035,25.514217376708984
2013-04-30,97.3392333984375,34.03318405151367,,63.389305114746094,16.018625259399414,127.3731460571289,61.851261138916016,48.114681243896484,24.059907913208008,26.222929000854492
2013-05-31,102.33352661132812,35.7218132019043,,65.65705108642578,16.32853126525879,130.38038635253906,63.502830505371094,49.357421875,23.19123649597168,25.607666015625
2013-06-28,101.4420394897461,33.551849365234375,,64.08435821533203,15.987846374511719,128.64059448242188,62.90223693847656,48.850162506103516,23.37311363220215,25.501361846923828
2013-07-31,109.38519287109375,39.44417953491211,,68.13065338134766,16.874515533447266,135.2882537841797,66.30604553222656,51.480167388916016,24.352128982543945,26.440919876098633
2013-08-30,107.14280700683594,38.37900161743164,,67.86091613769531,16.578821182250977,131.23069763183594,63.76948165893555,49.587127685546875,23.124521255493164,25.579660415649414
2013-09-30,114.92845153808594,41.592498779296875,,71.14008331298828,17.314176559448242,135.3836669921875,65.38873291015625,50.720916748046875,23.596355438232422,26.228687286376953
2013-10-31,116.84638977050781,38.3175163269043,,74.66643524169922,18.07804298400879,141.65284729003906,68.25614929199219,53.04656982421875,24.691696166992188,27.4679012298584
2013-11-29,121.67774200439453,42.02078628540039,,77.31796264648438,18.57398796081543,145.85104370117188,70.11463165283203,54.7326545715332,24.965068817138672,27.83098030090332
2013-12-31,124.02934265136719,41.94016647338867,,79.58112335205078,19.102922439575195,149.6325225830078,71.86328887939453,55.87943649291992,25.246299743652344,28.18526268005371
2014-01-31,122.03402709960938,48.38582229614258,,78.05211639404297,18.547285079956055,144.3582000732422,69.2839584350586,53.81663131713867,24.596704483032227,27.327800750732422
2014-02-28,127.8460922241211,52.737667083740234,,82.07369232177734,19.498538970947266,150.92880249023438,72.25251007080078,55.95261764526367,25.53001594543457,28.52667808532715
2014-03-31,124.74068450927734,45.9914436340332,,79.83015441894531,19.297822952270508,152.1808319091797,74.00712585449219,57.456939697265625,26.073984146118164,28.768287658691406
2014-04-30,118.35054016113281,41.55303955078125,,79.57520294189453,19.31121253967285,153.23866271972656,74.68201446533203,57.94977951049805,26.557409286499023,29.151338577270508
2014-05-30,119.50576782226562,42.70541000366211,,83.14463806152344,19.897676467895508,156.79483032226562,75.732666015625,58.75157928466797,26.842126846313477,29.48648452758789
2014-06-30,126.90432739257812,49.907291412353516,,85.7419204711914,20.276762008666992,160.0318145751953,77.66532897949219,59.877925872802734,27.43502426147461,29.853389739990234
2014-07-31,119.20894622802734,47.38258743286133,,86.75537109375,19.971715927124023,157.88137817382812,76.33875274658203,59.160430908203125,26.337799072265625,29.42827796936035
2014-08-29,125.76588439941406,52.48707580566406,,91.10137939453125,20.871479034423828,164.1119384765625,79.12156677246094,61.1945915222168,27.351465225219727,30.59933090209961
2014-09-30,119.2899169921875,50.72755813598633,,90.41205596923828,20.570297241210938,161.8477783203125,77.51931762695312,60.412227630615234,27.115629196166992,30.359540939331055
2014-10-31,126.59325408935547,55.742733001708984,18.39150619506836,92.80072021484375,21.09337043762207,165.65945434570312,79.15354919433594,61.49843978881836,28.440614700317383,31.648696899414062
2014-11-28,127.54978942871094,58.481258392333984,18.58102035522461,97.019775390625,21.78705406188965,170.21046447753906,80.8961410522461,63.016197204589844,29.261220932006836,32.77670669555664
2014-12-31,131.2952423095703,60.80198669433594,18.192974090576172,94.84590148925781,21.545345306396484,169.7787322998047,81.3309326171875,63.2401123046875,29.608678817749023,32.78913497924805
2015-01-30,128.27981567382812,65.10305786132812,18.265169143676758,92.87092590332031,21.229867935180664,164.74826049804688,78.12130737304688,60.65031051635742,29.440547943115234,32.62712478637695
2015-02-27,137.5382080078125,69.98783111572266,19.411252975463867,99.57674407958984,22.629262924194336,174.00787353515625,81.84507751464844,63.86885452270508,29.870784759521484,33.817840576171875
2015-03-31,140.02133178710938,73.60816955566406,18.802114486694336,97.22772979736328,22.363309860229492,171.27499389648438,80.69991302490234,63.02140426635742,29.766374588012695,33.56483840942383
2015-04-30,135.9005889892578,67.35066223144531,18.9104061126709,99.09679412841797,22.48539161682129,172.9593505859375,81.412353515625,63.827030181884766,29.1591854095459,33.36960983276367
2015-05-29,140.80667114257812,77.74392700195312,19.48886489868164,101.32494354248047,22.781551361083984,175.18287658691406,82.4222640991211,64.5799789428711,29.43318748474121,33.71126937866211
2015-06-30,142.82081604003906,82.4804458618164,19.26686668395996,98.80793762207031,22.383665084838867,171.62452697753906,80.75470733642578,63.14057159423828,28.92902183532715,32.95903396606445
2015-07-31,143.4495391845703,83.52681732177734,19.40222930908203,103.31137084960938,23.147069931030273,175.50143432617188,81.1328353881836,63.776832580566406,30.16986846923828,34.283302307128906
2015-08-31,132.56240844726562,72.62163543701172,18.138830184936523,96.26092529296875,21.733694076538086,164.80462646484375,76.29215240478516,60.05020523071289,28.65813446044922,32.73015594482422
2015-09-30,124.21906280517578,61.10404968261719,16.956645965576172,94.1361312866211,21.167373657226562,160.59942626953125,73.94709014892578,58.52653503417969,28.553577423095703,32.526527404785156
2015-10-30,131.24732971191406,65.40341186523438,17.958341598510742,104.83931732177734,23.008710861206055,174.25999450683594,79.50420379638672,63.00272750854492,30.5179386138916,34.47367858886719
2015-11-30,136.08740234375,70.95922088623047,19.131502151489258,105.47758483886719,23.079275131225586,174.89691162109375,79.86093139648438,63.345916748046875,30.843162536621094,34.39973068237305
2015-12-31,129.52664184570312,69.05686950683594,18.876434326171875,103.79549407958984,22.728513717651367,171.874267578125,78.10039520263672,62.62152862548828,30.79465675354004,34.57326126098633
2016-01-29,115.8001937866211,49.726863861083984,15.444355964660645,96.62277221679688,21.437631607055664,163.31723022460938,73.97429656982422,59.641029357910156,30.253808975219727,34.093780517578125
2016-02-29,114.82376098632812,47.12001037597656,15.776494026184082,95.11032104492188,21.437631607055664,163.18234252929688,73.97429656982422,59.70248031616211,30.552915573120117,34.44926452636719
2016-03-31,123.5672607421875,50.879676818847656,17.64937400817871,101.62782287597656,22.8812313079834,174.15896606445312,79.3455810546875,63.70176696777344,32.38343048095703,36.49269104003906
2016-04-29,124.92768859863281,53.11540603637695,17.41872215270996,98.38916015625,22.670257568359375,174.84539794921875,81.0158462524414,64.66822814941406,32.125389099121094,36.359764099121094
2016-05-31,128.38465881347656,57.173160552978516,17.98151206970215,102.68878936767578,23.11513900756836,177.81973266601562,82.20428466796875,65.35636138916016,32.664608001708984,36.93295669555664
2016-06-30,127.82562255859375,53.30782699584961,17.796993255615234,100.34950256347656,23.01423454284668,178.4378204345703,82.8948974609375,66.09186553955078,34.53977966308594,38.590694427490234
2016-07-29,136.02366638183594,61.18374252319336,18.996374130249023,107.52532958984375,24.109025955200195,184.94569396972656,85.2956314086914,67.95044708251953,34.61697769165039,39.158573150634766
2016-08-31,137.5009765625,59.23201370239258,19.018516540527344,108.6544418334961,23.98470115661621,185.1671600341797,85.95000457763672,68.40925598144531,33.95721435546875,38.39025115966797
2016-09-30,139.450927734375,65.37469482421875,20.46331214904785,111.05952453613281,24.05596923828125,185.17794799804688,85.7503890991211,68.08857727050781,33.65441131591797,38.141754150390625
2016-10-31,130.9939727783203,55.37470245361328,18.37546157836914,109.44115447998047,23.494815826416016,181.96743774414062,84.46763610839844,67.3450698852539,32.8723258972168,37.092281341552734
2016-11-30,142.64451599121094,61.804691314697266,18.553524017333984,109.91824340820312,24.009784698486328,188.67088317871094,89.23332977294922,71.38340759277344,33.0452766418457,37.318973541259766
2016-12-30,144.64950561523438,58.38970947265625,18.498167037963867,111.16278076171875,24.321062088012695,192.4955596923828,91.5766372680664,73.33106994628906,33.90193176269531,38.22687530517578
2017-01-31,146.8107452392578,64.02249145507812,20.381196975708008,116.87665557861328,25.120943069458008,195.94020080566406,92.13249969482422,73.69373321533203,34.15918731689453,38.708736419677734
2017-02-28,150.57876586914062,69.26070404052734,21.335168838500977,121.99009704589844,26.145715713500977,203.6389617919922,95.3531723022461,76.33493041992188,35.6458740234375,40.467071533203125
2017-03-31,152.21279907226562,68.421630859375,22.105539321899414,124.46265411376953,26.461992263793945,203.89352416992188,94.43217468261719,75.63397979736328,35.63611602783203,40.516822814941406
2017-04-28,155.08445739746094,70.49381256103516,23.221891403198242,127.85678100585938,27.050291061401367,205.9174346923828,94.25143432617188,75.61017608642578,36.00563430786133,41.085689544677734
2017-05-31,153.78517150878906,66.81319427490234,26.155763626098633,132.8397674560547,27.750198364257812,208.82350158691406,94.09534454345703,75.65776062011719,36.98749542236328,41.9092903137207
2017-06-30,158.90721130371094,76.27505493164062,26.709325790405273,129.76060485839844,27.675798416137695,210.15476989746094,95.65633392333984,77.02044677734375,36.873748779296875,41.76069641113281
2017-07-31,160.48387145996094,77.25344848632812,27.32931137084961,135.0306396484375,28.400266647338867,214.47430419921875,96.88219451904297,78.20893096923828,37.38001251220703,42.605655670166016
2017-08-31,160.38951110839844,82.84708404541016,31.49947166442871,137.83062744140625,28.915996551513672,215.10008239746094,95.7166519165039,77.84202575683594,37.664241790771484,42.92997741699219
2017-09-29,169.1422576904297,85.593017578125,31.634170532226562,137.4236602783203,29.270700454711914,219.43423461914062,98.51564025878906,80.16307067871094,37.957061767578125,43.151756286621094
2017-10-31,171.637451171875,82.69608306884766,32.76158905029297,143.7539825439453,30.41755485534668,224.60501098632812,99.24718475341797,81.6326904296875,38.63965606689453,43.99184036254883
2017-11-30,176.5238494873047,82.25115966796875,34.32079315185547,146.58836364746094,31.313989639282227,231.47023010253906,102.27305603027344,84.50769805908203,40.139671325683594,45.34621810913086
2017-12-29,176.83248901367188,83.94832611083984,34.652061462402344,147.47247314453125,31.60548973083496,234.2775115966797,103.89179992675781,85.90367889404297,39.77735900878906,45.454566955566406
2018-01-31,183.5098419189453,92.35602569580078,38.5396728515625,160.38670349121094,33.80201721191406,247.48114013671875,107.8188705444336,89.95161437988281,40.74808120727539,47.039180755615234
2018-02-28,178.4615478515625,89.37870788574219,38.23128128051758,158.3132781982422,32.92201614379883,238.4827117919922,102.60505676269531,85.9602279663086,38.98389434814453,45.041175842285156
2018-03-29,180.77557373046875,86.83177185058594,36.51176071166992,151.85594177246094,32.02754592895508,231.94573974609375,100.78974151611328,83.8440933227539,39.33056640625,44.92301940917969
2018-04-30,181.17401123046875,86.08943939208984,36.530452728271484,152.6240692138672,32.112274169921875,233.1444854736328,101.10902404785156,84.19348907470703,39.090614318847656,45.018165588378906
2018-05-31,192.45291137695312,93.70069122314453,40.632999420166016,161.28236389160156,33.51961135864258,238.81201171875,101.70555114746094,84.70542907714844,39.34547424316406,45.46800994873047
2018-06-29,193.82835388183594,94.27140808105469,42.03478240966797,163.1290740966797,33.8420295715332,240.1853485107422,101.98280334472656,84.87889099121094,39.915313720703125,46.2390251159668
2018-07-31,197.1839599609375,94.37043762207031,41.632938385009766,167.6908416748047,34.818206787109375,249.08340454101562,105.9182357788086,88.82736206054688,41.32938766479492,47.76118469238281
2018-08-31,209.32568359375,99.17362976074219,46.44572448730469,177.3844757080078,36.7065315246582,257.0340576171875,107.42266082763672,90.51136779785156,42.06072235107422,49.22246170043945
2018-09-28,204.6144561767578,95.01622772216797,44.240257263183594,176.88491821289062,36.92082214355469,258.56231689453125,107.68115997314453,91.07598114013672,41.90937423706055,49.834651947021484
2018-10-31,178.74746704101562,78.40548706054688,39.79193115234375,161.6803741455078,33.630672454833984,240.69456481933594,102.12784576416016,86.54192352294922,40.68752670288086,47.81645202636719
2018-11-30,181.47789001464844,80.92286682128906,41.539485931396484,161.251953125,33.92417907714844,245.15928649902344,105.01080322265625,89.37261199951172,42.59333038330078,49.362857818603516
2018-12-31,160.15191650390625,71.12345886230469,35.87154006958008,147.28636169433594,31.0776309967041,223.57337951660156,95.11640930175781,81.20133972167969,39.698883056640625,46.06142807006836
2019-01-31,178.6837615966797,82.86997985839844,41.5237922668457,160.5579833984375,33.831424713134766,241.4739990234375,102.37969207763672,86.84690856933594,42.341670989990234,48.663368225097656
2019-02-28,190.208984375,88.36161041259766,44.90935516357422,165.360595703125,35.0468864440918,249.30140686035156,105.651611328125,89.33393096923828,44.04451370239258,50.52693176269531
2019-03-29,187.7667999267578,89.74938201904297,45.073333740234375,171.8502960205078,36.03485107421875,253.8138885498047,106.33936309814453,89.84063720703125,45.05146408081055,51.89809799194336
2019-04-30,193.31405639648438,84.45600891113281,45.54595947265625,181.30084228515625,37.63471603393555,264.182861328125,110.0077133178711,92.8623275756836,46.10531997680664,53.02784729003906
2019-05-31,179.0878143310547,78.74632263183594,39.286041259765625,166.3885498046875,35.28254699707031,247.3356475830078,102.96378326416016,86.98590087890625,45.658607482910156,52.17170715332031
2019-06-28,192.1059112548828,86.94409942626953,46.27901840209961,179.01744079589844,37.564109802246094,264.5468444824219,110.16887664794922,93.17607879638672,47.34983444213867,54.771697998046875
2019-07-31,194.61151123046875,84.93182373046875,46.74199676513672,183.1971435546875,38.51432418823242,268.546630859375,111.2253646850586,93.94889068603516,47.88426208496094,55.685604095458984
2019-08-30,186.20501708984375,79.66818237304688,42.7487678527832,179.71730041503906,38.18246841430664,264.05023193359375,107.88269805908203,91.1600112915039,49.008846282958984,56.572879791259766
2019-09-30,184.68251037597656,75.5869140625,41.36946105957031,181.3668670654297,38.212738037109375,269.1880798339844,111.77910614013672,94.31250762939453,50.09961700439453,57.129390716552734
2019-10-31,190.22122192382812,80.92012786865234,42.66196060180664,189.31089782714844,39.2923583984375,275.13836669921875,113.3565444946289,96.10376739501953,49.904319763183594,56.99570083618164
2019-11-29,201.20266723632812,92.83560943603516,48.64215850830078,197.01467895507812,41.037452697753906,285.0979309082031,116.85124206542969,99.4074935913086,49.901947021484375,57.78890609741211
2019-12-31,205.75613403320312,94.28385925292969,48.45439529418945,204.6714324951172,42.22250747680664,293.381591796875,119.96387481689453,102.03436279296875,50.76296615600586,58.81366729736328
2020-01-31,203.6142578125,88.34590911865234,50.14860534667969,210.8902130126953,43.17774200439453,293.26312255859375,117.39724731445312,99.48031616210938,52.2818717956543,60.19434356689453
2020-02-28,189.2453155517578,88.40538787841797,51.155452728271484,198.11572265625,40.31443405151367,270.0467529296875,106.48908233642578,89.81747436523438,47.30742645263672,54.93161392211914
2020-03-31,152.2404327392578,76.76734924316406,42.59727096557617,183.6813201904297,36.26475143432617,236.32568359375,87.9200210571289,76.49962615966797,41.099300384521484,48.723758697509766
2020-04-30,175.50433349609375,92.57881927490234,53.566070556640625,211.185302734375,41.59193420410156,266.3351135253906,97.75094604492188,84.65980529785156,43.84498596191406,53.28850555419922
2020-05-29,191.91517639160156,102.66047668457031,60.81728744506836,225.1253662109375,44.369876861572266,279.02471923828125,101.1638412475586,87.09928894042969,43.988521575927734,55.588924407958984
2020-06-30,199.43649291992188,110.99494171142578,69.03662872314453,239.27822875976562,46.297325134277344,283.9730529785156,100.44654083251953,86.22027587890625,43.8189811706543,54.97132110595703
2020-07-31,206.38742065429688,108.39729309082031,77.80780029296875,256.8569641113281,49.89836502075195,300.69683837890625,104.46903991699219,89.44087219238281,47.07963943481445,57.482784271240234
2020-08-31,218.38035583496094,110.85612487792969,92.29086303710938,284.96923828125,54.97309494018555,321.6845397949219,108.73238372802734,93.18090057373047,48.418853759765625,59.05132293701172
2020-09-30,213.87921142578125,110.56403350830078,89.06702423095703,268.5019226074219,52.419193267822266,309.6394958496094,106.00849914550781,91.11640167236328,47.56404495239258,58.068031311035156
2020-10-30,215.4722442626953,111.89360809326172,87.8956069946289,260.3262939453125,50.6524658203125,301.9190673828125,104.75215148925781,89.45987701416016,46.1965217590332,56.18193054199219
2020-11-30,253.5325469970703,132.1648406982422,108.78762817382812,289.5498962402344,55.88739013671875,334.7608337402344,118.8141860961914,100.87229919433594,49.0587158203125,60.728614807128906
2020-12-31,277.12066650390625,139.852783203125,122.4494857788086,303.744873046875,58.37398147583008,347.1631774902344,123.24259948730469,104.41356658935547,50.059078216552734,62.130130767822266
2021-01-29,290.3532409667969,151.87306213378906,135.18722534179688,304.5387268066406,57.91404342651367,343.62548828125,122.07986450195312,103.5885009765625,49.147212982177734,60.43684387207031
2021-02-26,299.4198303222656,147.02523803710938,128.2232666015625,304.13214111328125,57.897090911865234,353.1800842285156,129.39889526367188,108.76705932617188,48.57469177246094,60.2080078125
2021-03-31,290.9169921875,134.793701171875,117.98390197753906,309.35345458984375,58.921058654785156,369.2143249511719,137.16673278808594,116.01812744140625,51.9898681640625,63.584712982177734
2021-04-30,296.5953063964844,135.75758361816406,118.79045867919922,327.6355895996094,62.96968460083008,388.7496032714844,142.5972137451172,120.00717163085938,54.10988235473633,66.12109375
2021-05-28,288.4020080566406,127.2913589477539,110.2625732421875,323.6999206542969,62.09693908691406,391.3020935058594,145.8374481201172,123.51081848144531,54.71847915649414,66.70006561279297
2021-06-30,301.63751220703125,134.54531860351562,128.6363983154297,343.9704895019531,65.89297485351562,400.0780944824219,144.0885009765625,121.97535705566406,54.67669677734375,67.84478759765625
2021-07-30,290.3729248046875,122.63096618652344,118.03308868408203,353.811279296875,68.12110900878906,409.8449401855469,145.31488037109375,123.2087631225586,56.682579040527344,70.25037384033203
2021-08-31,295.7536315917969,132.0014190673828,120.0298080444336,368.7373962402344,70.60655212402344,422.0418395996094,148.14898681640625,125.78208923339844,57.69525146484375,71.56839752197266
2021-09-30,284.3996887207031,124.91645812988281,108.71830749511719,347.781494140625,66.62059020996094,402.3724365234375,142.89573669433594,120.82329559326172,54.76097106933594,67.99925231933594
2021-10-29,297.7967529296875,124.02214050292969,119.29210662841797,375.131103515625,72.44537353515625,430.604248046875,150.2272186279297,127.40133666992188,57.32916259765625,71.74612426757812
2021-11-30,282.9466552734375,115.53604888916016,103.9576416015625,382.6218566894531,72.90241241455078,427.1444091796875,144.8678436279297,123.52767944335938,56.55714797973633,70.27513885498047
2021-12-31,284.153564453125,111.25325775146484,93.80765533447266,387.0309143066406,74.38827514648438,446.89898681640625,153.99191284179688,132.11903381347656,62.04970932006836,75.0839614868164
2022-01-31,246.02728271484375,92.84021759033203,74.8061294555664,353.17724609375,67.93020629882812,423.3288879394531,150.3422393798828,130.7000732421875,59.17964553833008,70.59193420410156
2022-02-28,247.384765625,89.26294708251953,69.88715362548828,337.369140625,65.1015853881836,410.83349609375,148.5357666015625,129.19125366210938,57.82120132446289,68.429443359375
2022-03-31,248.20509338378906,89.31262969970703,65.7417221069336,353.1171569824219,67.68254089355469,426.2768859863281,152.85464477539062,133.4315185546875,60.964046478271484,72.24853515625
2022-04-29,217.96437072753906,73.36394500732422,46.740196228027344,305.1083068847656,59.42303466796875,388.86297607421875,144.0598602294922,127.03889465332031,59.47965621948242,68.3925552368164
2022-05-31,213.96591186523438,68.3458251953125,43.725337982177734,300.26751708984375,58.06513977050781,389.74066162109375,146.91473388671875,130.0997772216797,59.1666374206543,68.42047882080078
2022-06-30,200.4444580078125,73.80117797851562,39.5501594543457,273.5199890136719,53.4036865234375,357.6025695800781,134.0501251220703,119.84022521972656,56.640869140625,65.59349060058594
2022-07-29,223.08201599121094,80.61786651611328,44.756736755371094,307.8514709472656,59.8673210144043,390.533203125,142.89004516601562,125.90127563476562,59.0418586730957,68.95675659179688
2022-08-31,221.15830993652344,83.17164611816406,41.53361892700195,292.0519104003906,57.06893539428711,374.5987548828125,138.66429138183594,122.52994537353516,57.941864013671875,66.77998352050781
2022-09-30,201.3336944580078,78.81929016113281,37.417938232421875,261.28265380859375,51.515201568603516,339.9685974121094,126.58821105957031,112.95828247070312,53.1153678894043,62.05553436279297
2022-10-31,220.5032196044922,81.63143157958984,37.9633903503418,271.733642578125,54.49740982055664,367.5997619628906,139.38758850097656,126.21359252929688,56.81770706176758,66.8341064453125
2022-11-30,223.631591796875,83.0921401977539,37.17000961303711,286.7989196777344,56.95319366455078,388.0351867675781,147.99806213378906,133.7788848876953,60.04775619506836,70.65508270263672
2022-12-30,209.54266357421875,82.4760513305664,30.981618881225586,260.9478454589844,52.58772277832031,365.6734924316406,142.05532836914062,129.3614501953125,59.02136993408203,68.00393676757812
2023-01-31,230.4852294921875,88.33882141113281,39.59974670410156,288.7203369140625,56.96675491333008,388.669677734375,149.36183166503906,132.96478271484375,59.058006286621094,69.04143524169922
2023-02-28,227.65248107910156,82.32701873779297,39.29230880737305,287.6815490722656,56.28928756713867,378.8974304199219,144.0973663330078,128.6610565185547,57.08291244506836,66.62688446044922
2023-03-31,222.02659606933594,75.72892761230469,40.00635528564453,314.9903564453125,60.10642623901367,392.9461364746094,143.37318420410156,128.06687927246094,57.967811584472656,68.92304992675781
2023-04-28,219.46197509765625,79.6937255859375,35.62290954589844,316.5902404785156,60.721431732177734,399.22344970703125,145.60487365722656,130.33872985839844,59.50950622558594,69.94639587402344
2023-05-31,219.833984375,83.39025115966797,40.155113220214844,341.549560546875,63.56770706176758,401.0663146972656,139.94566345214844,124.96975708007812,56.398590087890625,67.69127655029297
2023-06-30,237.88223266601562,82.67761993408203,43.774925231933594,363.0803527832031,67.7959213256836,427.0553283691406,149.2295684814453,132.63511657714844,58.6844482421875,70.70427703857422
2023-07-31,249.0381622314453,83.76078796386719,50.032737731933594,377.0956726074219,70.12655639648438,441.0342712402344,154.4866180419922,137.2180938720703,59.232513427734375,71.68404388427734
2023-08-31,235.93141174316406,78.70275115966797,43.38814926147461,371.5032653808594,69.45397186279297,433.8665771484375,150.31692504882812,133.95120239257812,57.45491409301758,71.22745513916016
2023-09-29,220.1837158203125,72.5615463256836,39.66999816894531,352.63134765625,65.65741729736328,413.2863464355469,144.46812438964844,129.556396484375,55.28178405761719,69.2104721069336
2023-10-31,203.327392578125,65.81417846679688,35.08000183105469,345.3478698730469,64.69969940185547,404.314453125,139.32958984375,126.13734436035156,55.03346633911133,68.60804748535156
2023-11-30,221.8438262939453,75.04583740234375,46.11000061035156,382.71044921875,71.79640197753906,441.2460632324219,149.86354064941406,134.56280517578125,57.978477478027344,73.00662231445312
2023-12-29,248.33253479003906,88.74388122558594,52.369998931884766,404.09228515625,74.98399353027344,461.3913269042969,158.1669921875,141.41204833984375,59.331573486328125,75.02677154541016
2024-01-31,240.60350036621094,86.895263671875,45.40999984741211,411.443603515625,76.81177520751953,468.7396240234375,158.26271057128906,142.6416778564453,59.88969802856445,76.6517333984375
2024-02-29,259.9211120605469,97.81804656982422,51.25,433.1816101074219,81.90190887451172,493.2016296386719,163.91937255859375,147.39955139160156,60.85135269165039,78.2574691772461
2024-03-28,266.9698486328125,94.30963897705078,50.08000183105469,438.70452880859375,83.47301483154297,509.330322265625,172.1836395263672,155.0186309814453,62.730384826660156,80.71282958984375
2024-04-30,246.77955627441406,84.10244750976562,43.459999084472656,419.5165710449219,79.95380401611328,488.79437255859375,164.86795043945312,148.955322265625,60.76968765258789,77.69020080566406
2024-05-31,259.89141845703125,88.58485412597656,42.45000076293945,445.3244934082031,84.77075958251953,513.5173950195312,170.30905151367188,153.41949462890625,62.34252166748047,79.95957946777344
2024-06-28,259.1850891113281,92.25780487060547,43.95000076293945,474.1375732421875,90.37903594970703,531.6343383789062,168.3921661376953,153.65435791015625,62.169368743896484,81.3739013671875
2024-07-31,280.3420104980469,98.57683563232422,45.529998779296875,466.1810302734375,88.81201171875,538.072021484375,177.00143432617188,160.9342803955078,64.87218475341797,84.35902404785156
2024-08-30,277.2322082519531,100.76612091064453,44.81999969482422,471.3270568847656,90.61459350585938,550.6444091796875,181.75970458984375,165.57046508789062,68.26239013671875,88.50718688964844
2024-09-30,280.9174499511719,98.33262634277344,47.529998779296875,483.6833190917969,93.21294403076172,562.2105102539062,184.18194580078125,168.10443115234375,68.97190856933594,88.89401245117188
2024-10-31,277.3961181640625,96.57099914550781,45.88999938964844,479.50128173828125,92.8603286743164,557.1935424804688,182.12469482421875,165.78367614746094,68.3460693359375,87.60894012451172
2024-11-29,311.93707275390625,99.14875793457031,57.97999954223633,505.15850830078125,98.9242172241211,590.4209594726562,193.8762664794922,175.134033203125,72.1737289428711,92.04828643798828
2024-12-31,285.67449951171875,89.63692474365234,56.77000045776367,507.45208740234375,99.82032012939453,576.2152709960938,180.57632446289062,163.97323608398438,67.59527587890625,86.83831787109375
2025-01-31,294.69671630859375,92.23465728759766,62.869998931884766,518.4302978515625,101.74176025390625,591.6903686523438,188.7794647216797,171.14041137695312,68.98846435546875,89.92884826660156
2025-02-28,274.73663330078125,88.29326629638672,55.63999938964844,504.4147033691406,98.08531951904297,584.178955078125,189.58905029296875,172.5254364013672,72.16423034667969,92.49125671386719
2025-03-31,253.99168395996094,80.7236328125,47.58000183105469,466.1488952636719,89.85184478759766,551.6289672851562,184.31556701660156,168.2834014892578,72.4632568359375,91.92163848876953
2025-04-30,252.02359008789062,82.5650634765625,50.84000015258789,472.6601867675781,91.27021026611328,546.8462524414062,178.54591369628906,162.18487548828125,70.7421646118164,90.82241821289062
2025-05-30,267.9968566894531,78.82251739501953,56.369998931884766,516.042236328125,99.39218139648438,581.2127685546875,184.76617431640625,166.96820068359375,71.47632598876953,91.77442932128906
2025-06-30,284.47119140625,82.55216217041016,70.29000091552734,548.9959716796875,105.75310516357422,611.0790405273438,191.10415649414062,173.12484741210938,70.9693374633789,92.45079803466797
2025-07-31,288.7403259277344,85.26972961425781,75.33000183105469,562.3018798828125,109.69600677490234,625.1531982421875,192.27500915527344,173.41868591308594,70.78193664550781,91.20983123779297
2025-08-29,306.205078125,89.44063568115234,74.95999908447266,567.666015625,110.9862289428711,637.9810180664062,198.3850860595703,179.4722900390625,71.88439178466797,92.83489227294922
2025-09-30,318.8573913574219,99.77165985107422,86.30000305175781,598.18505859375,116.77851104736328,660.7061157226562,201.2095489501953,183.6034393310547,71.99638366699219,94.06441497802734
2025-10-31,329.468017578125,112.22817993164062,88.9800033569336,626.7805786132812,121.05912780761719,676.4556274414062,202.17811584472656,182.88470458984375,69.32097625732422,92.12657165527344
2025-11-28,326.9075012207031,122.63351440429688,79.68000030517578,616.996337890625,118.78294372558594,677.7747192382812,207.52484130859375,187.53164672851562,71.95735931396484,94.25226593017578
2025-12-31,322.530029296875,121.8104248046875,76.91999816894531,612.8628540039062,118.116943359375,678.3152465820312,208.88418579101562,189.00794982910156,70.36861419677734,93.4811782836914
2026-01-30,335.8302001953125,124.6276626586914,74.87000274658203,620.4050903320312,116.28268432617188,688.3121337890625,218.3383026123047,197.67703247070312,72.6998062133789,94.30518341064453
2026-02-27,334.7518005371094,127.2450942993164,72.91000366210938,605.859375,112.34960174560547,682.3637084960938,223.95912170410156,205.10910034179688,76.53748321533203,97.1048583984375
2026-03-31,313.4371032714844,127.60474395751953,67.58999633789062,576.54638671875,106.5062026977539,648.6688842773438,212.99844360351562,195.23719787597656,72.46017456054688,92.45033264160156
2026-04-30,359.4523620605469,131.20120239257812,75.83999633789062,667.0069580078125,119.16505432128906,716.8132934570312,230.523193359375,205.76527404785156,73.9332504272461,94.34439849853516
2026-05-29,380.3175354003906,136.5559539794922,81.94999694824219,737.49951171875,127.73750305175781,754.5361328125,237.2121124267578,210.81040954589844,71.80529022216797,96.29827880859375
2026-06-30,393.9599914550781,158.25,80.81999969482422,736.4000244140625,124.16999816894531,746.77001953125,242.42999267578125,217.92999267578125,74.62110900878906,96.45999908447266
2026-07-31,370.6700134277344,147.00999450683594,71.23999786376953,687.989990234375,118.31999969482422,747.030029296875,251.82000732421875,219.9499969482422,76.08626556396484,97.93000030517578
2026-08-31,376.989990234375,162.5,85.56999969482422,716.760009765625,122.70999908447266,767.0499877929688,256.9100036621094,224.85000610351562,74.69000244140625,101.5199966430664
2026-09-10,365.6700134277344,156.82000732421875,83.05999755859375,708.6900024414062,121.31999969482422,757.8300170898438,253.3300018310547,222.36000061035156,73.66999816894531,99.0
