start,end,plain_terminal,ovl_terminal,plain_irr,ovl_irr,plain_dd,ovl_dd,ratio,beat,n_triggers,months_saving
1980-01-31,1999-12-31,1699403.3747276403,1604905.1185917698,0.17099740962989274,0.1663763239466749,-0.283682266416144,-0.24102877593400374,0.9443932749921627,False,1,110
1980-02-29,2000-01-31,1597727.3237993158,1508877.6126297305,0.16601387948316315,0.16138211577704387,-0.28345568191500514,-0.2400055338623528,0.9443899407326244,False,1,111
1980-03-31,2000-02-29,1551502.6768128911,1467104.868096976,0.16363852406504042,0.15910560301642152,-0.2832225913438152,-0.2395849493278549,0.9456025374772246,False,1,111
1980-04-30,2000-03-31,1683528.1005260423,1592261.9515869801,0.1702399585968959,0.1657367706151458,-0.282955150727506,-0.23906286027566803,0.945788758197416,False,1,110
1980-05-31,2000-04-30,1614962.1879860493,1526987.537520972,0.16688134236064656,0.16234877467445852,-0.2826893780145877,-0.23788254198419,0.9455252568019646,False,1,111
1980-06-30,2000-05-31,1565434.877083662,1479630.5904124735,0.16436210689537778,0.15979523003958906,-0.2824285513426831,-0.23671935016949697,0.945188210683642,False,1,111
1980-07-31,2000-06-30,1587785.6583073407,1501878.818085483,0.16550907514999214,0.1610053045499611,-0.2821659978379143,-0.23623196121189838,0.9458951907189799,False,1,110
1980-08-31,2000-07-31,1548893.511694784,1466727.3586334211,0.16350226494446818,0.15908472351551373,-0.28191144010423763,-0.2357850121672349,0.9469517094358169,False,1,109
1980-09-30,2000-08-31,1628762.2019496614,1544895.5560491055,0.16756903658307043,0.16329301568683396,-0.2816517678009598,-0.23602062544629754,0.9485089684668727,False,1,108
1980-10-31,2000-09-30,1527924.3183939396,1453552.033907487,0.1623984530079976,0.15835248901375154,-0.281390590828801,-0.23627716323604753,0.951324628064937,False,1,107
1980-11-30,2000-10-31,1507043.42824696,1436980.1364704173,0.16128354026561875,0.15742160860573695,-0.28112614655978185,-0.23655107782895768,0.9535094407610784,False,1,106
1980-12-31,2000-11-30,1376612.2668637845,1316430.4513963824,0.15393334802020053,0.15029305306780683,-0.28088039651153873,-0.2368863835990288,0.9562826680278615,False,1,105
1981-01-31,2000-12-31,1371081.9805433385,1313820.222414375,0.1536058398135185,0.15013124853191195,-0.28061102435500707,-0.23719804738143246,0.9582360800145069,False,2,104
1981-02-28,2001-01-31,1405969.1291034066,1349897.856750559,0.15564920068259602,0.1523384011513833,-0.28031980076173735,-0.2374926852535455,0.9601191297929818,False,2,103
1981-03-31,2001-02-28,1265398.663128424,1218862.5032533933,0.14706702867014898,0.14400391432324877,-0.2800248405314668,-0.23780672582117246,0.9632241117119722,False,2,102
1981-04-30,2001-03-31,1174079.7273703022,1133947.2715743806,0.14093782807451327,0.13808356391331023,-0.2797308803162405,-0.23814902541645044,0.9658179467200153,False,2,101
1981-05-31,2001-04-30,1253287.6966687453,1212776.3626568536,0.14628138751627828,0.1435942475136891,-0.2794201085645269,-0.2384880858028673,0.967675950127356,False,2,100
1981-06-30,2001-05-31,1249405.9486643078,1211810.0592446185,0.14602789034121022,0.1435290054259173,-0.27910047012793304,-0.23883962631754296,0.9699089879795421,False,2,99
1981-07-31,2001-06-30,1207003.8694013094,1173503.7312003383,0.14320368998675992,0.1408975944607216,-0.2787665670238513,-0.23919575384827896,0.9722452105993764,False,2,98
1981-08-31,2001-07-31,1183244.830512349,1151651.504741507,0.1415752317879253,0.1393556331262149,-0.2784204847302064,-0.2388073099497725,0.9732994178751982,False,2,97
1981-09-30,2001-08-31,1097429.2321564944,1069462.4753146127,0.13539211016739405,0.13326604196785063,-0.2780404765935416,-0.23835480393227848,0.9745161181947689,False,2,96
1981-10-31,2001-09-30,997395.9049226838,973357.6861213145,0.1275036162705907,0.12548249907363096,-0.2981888530939564,-0.29616171787811574,0.9758990199551374,False,2,95
1981-11-30,2001-10-31,1005510.0615866906,981016.3001682942,0.12817416222234757,0.12613214902045677,-0.2980980136473159,-0.29604360968039745,0.9756404611409404,False,2,95
1981-12-31,2001-11-30,1071314.9623322315,1044946.5070734338,0.13340868170243736,0.13135327752059034,-0.29800895955815676,-0.29592774748773376,0.9753868318973218,False,2,95
1982-01-31,2001-12-31,1068623.1417788714,1043764.9510303931,0.1332013278817581,0.1312598922749868,-0.29791176432636013,-0.2958182536795072,0.9767381130198075,False,2,94
1982-02-28,2002-01-31,1040811.6126332325,1016319.630886231,0.1310259812207215,0.12905856741160893,-0.2978106096601325,-0.2956869150058018,0.9764683815498202,False,2,94
1982-03-31,2002-02-28,1008155.3436298484,984137.5647615757,0.12839152210575833,0.12639536496608206,-0.2977011879244964,-0.29554474074486636,0.9761765098801172,False,2,94
1982-04-30,2002-03-31,1032772.7459211774,1007856.2259871439,0.13038569838975755,0.1283669743798499,-0.29758794927047105,-0.29539749569557006,0.9758741504048799,False,2,94
1982-05-31,2002-04-30,958313.1793518296,934910.2301062141,0.12419031334864172,0.12213654425652165,-0.297476215017088,-0.2952520956658218,0.9755790176428081,False,2,94
1982-06-30,2002-05-31,939088.4286422484,915862.0270574648,0.12250720907560697,0.12042395150176155,-0.29735801957060914,-0.29509816734828564,0.9752670772247032,False,2,94
1982-07-31,2002-06-30,860775.5485213951,839207.453743864,0.11524782355728225,0.11312351789833919,-0.3188135566064788,-0.31641820341786564,0.974943416068707,False,2,94
1982-08-31,2002-07-31,783755.9966783706,763852.7985660762,0.10737982417498282,0.1052102967345181,-0.3703871247404529,-0.3681122317344018,0.9746053641737403,False,2,94
1982-09-30,2002-08-31,779508.9826509134,759475.892797164,0.10692193079188517,0.10472497611744935,-0.37018797216921595,-0.36787512461919114,0.9743003733124128,False,2,94
1982-10-31,2002-09-30,686494.8319644076,668642.9397035405,0.09615239595719571,0.09390358726598791,-0.4333563385730447,-0.43119927995945306,0.9739955911834269,False,2,94
1982-11-30,2002-10-31,738840.5655992586,719420.7672760525,0.10239522748368857,0.10013715765939768,-0.4331690827689285,-0.4309785047580018,0.9737158471970808,False,2,94
1982-12-31,2002-11-30,776209.9972321006,756607.9192261817,0.10656438120077172,0.10440532043178274,-0.4329849648800388,-0.43078568212189505,0.9747464241947176,False,2,93
1983-01-31,2002-12-31,720948.4802546652,703496.4050827881,0.10031718713630222,0.09823539271120785,-0.43279690212691435,-0.4305890378209639,0.975792895539897,False,2,92
1983-02-28,2003-01-31,694994.522111391,678851.7178342366,0.09720072073970476,0.09519752255179159,-0.4326106320023754,-0.4303936140074621,0.9767727604123949,False,2,91
1983-03-31,2003-02-28,677723.3948913206,662616.18166391,0.09505556199912713,0.09312950555248278,-0.43242452315101965,-0.4301979462985581,0.9777088804351617,False,2,90
1983-04-30,2003-03-31,677666.4311258232,663147.1193257113,0.09504838821126582,0.09319800920916621,-0.43224048771602963,-0.430003685937716,0.9785745447417388,False,2,89
1983-05-31,2003-04-30,727024.157093102,711955.1803020572,0.1010290697063474,0.09925135903123761,-0.4320656034123228,-0.42981699358136494,0.979273072780283,False,2,88
1983-06-30,2003-05-31,758250.6847230438,743789.4205481088,0.10458857867403726,0.10296034549329858,-0.43188528990979247,-0.42964355406191457,0.9809281224978819,False,2,87
1983-07-31,2003-06-30,760955.8519473419,747584.3697964881,0.10488941592185697,0.10339093549093792,-0.4317076521275953,-0.42947072930831076,0.9824280447852063,False,2,86
1983-08-31,2003-07-31,766971.3797036195,754795.0232183537,0.10555425498169302,0.10420258136158789,-0.4315199835154009,-0.42929112619481535,0.9841241057913125,False,2,85
1983-09-30,2003-08-31,774529.1492627728,762807.6945587476,0.10638157451157881,0.10509468805261268,-0.43133152512735795,-0.42909174186166177,0.9848663478770526,False,2,84
1983-10-31,2003-09-30,759136.8613816937,748198.8747983224,0.10468725703406756,0.10346043619586442,-0.4311412102859138,-0.42889022549567746,0.9855915485865576,False,2,83
1983-11-30,2003-10-31,794311.1740892992,783481.1269456996,0.10850630197908862,0.10735027038503642,-0.4309438021732769,-0.42868204172074853,0.9863654855969809,False,2,82
1983-12-31,2003-11-30,793641.7613065278,783401.2922545635,0.10843534259141174,0.10734168451477077,-0.4307463236774549,-0.42847324117808816,0.9870968621470902,False,2,81
1984-01-31,2003-12-31,826714.2300725332,816753.4037568355,0.11186596138398142,0.11084854415058154,-0.4305356318204042,-0.42825249389920006,0.9879513065659656,False,2,80
1984-02-29,2004-01-31,833191.8015528187,823890.8066801346,0.11252052456186212,0.11157892015787874,-0.4303187303452005,-0.4280258397428295,0.9888369102344143,False,2,79
1984-03-31,2004-02-29,835622.9490481784,827129.969364508,0.11276477943811858,0.11190813790897769,-0.4300887720589781,-0.427787409389888,0.9898363494045439,False,2,78
1984-04-30,2004-03-31,814239.8530508556,805875.4442667614,0.11058968950849457,0.10972203844982498,-0.42985675390298694,-0.42752233858538247,0.9897273404725232,False,2,78
1984-05-31,2004-04-30,792886.4516435004,784653.9301784667,0.108355200163186,0.10747629118508106,-0.42962040590313566,-0.42725222009696096,0.9896170234111464,False,2,78
1984-06-30,2004-05-31,794462.3117920144,786118.0055001047,0.10852231399531287,0.10763332412349524,-0.4293640252587224,-0.4269590912553264,0.9894969136130725,False,2,78
1984-07-31,2004-06-30,800614.920368623,792109.7622680982,0.10917136011258943,0.10827270307669745,-0.4291063162923413,-0.4266643226481064,0.9893767179649752,False,2,78
1984-08-31,2004-07-31,765135.4105614392,756911.8494389993,0.10535194413622295,0.10443925781938579,-0.4288375289820219,-0.4263567532035003,0.9892521493464723,False,2,78
1984-09-30,2004-08-31,760060.9727039584,751805.9447523855,0.10479002647764957,0.1038671507402733,-0.4285893240602394,-0.4260726185000685,0.9891389924650319,False,2,78
1984-10-31,2004-09-30,760077.8836500453,751734.7119706229,0.10479190586262921,0.10385913943036651,-0.4283347224671282,-0.4257810439696531,0.9890232674060232,False,2,78
1984-11-30,2004-10-31,763377.210506043,754907.6661249126,0.10515770879929276,0.10421519379334376,-0.42807414646058484,-0.4254825044701652,0.9889051647539805,False,2,78
1984-12-31,2004-11-30,785580.5231543774,776768.3012158779,0.10757571195516946,0.1066250067027017,-0.4278039743381422,-0.4251728393679618,0.9887825351077756,False,2,78
1985-01-31,2004-12-31,803242.3471981597,794131.0583453295,0.10944688959557491,0.10848721563221209,-0.4275268685493874,-0.42485508797313754,0.9886568619239114,False,2,78
1985-02-28,2005-01-31,775461.9766797193,766574.3084744602,0.1064830805384569,0.10551054507235436,-0.4272625150800955,-0.4245518280384749,0.9885388729911513,False,2,78
1985-03-31,2005-02-28,783567.8000701384,775093.5984894001,0.10735959062658029,0.10644301111709598,-0.42699511396406176,-0.424265336324273,0.9891851074278706,False,2,77
1985-04-30,2005-03-31,761809.3849268693,754073.1948648733,0.10498409517183971,0.10412171095262268,-0.4267208694273136,-0.4239718849014482,0.9898449793149521,False,2,76
1985-05-31,2005-04-30,739422.2908710111,732417.8934971894,0.1024618687768506,0.1016556428686255,-0.42643868808510077,-0.42367050789011973,0.9905272028443032,False,2,75
1985-06-30,2005-05-31,755259.2247612857,748032.9660758142,0.10425454407222712,0.10344167798123682,-0.42616574260205253,-0.4233584864499391,0.9904320815310061,False,2,75
1985-07-31,2005-06-30,748724.7216658127,741932.5666980528,0.10351986041907724,0.10274878870494741,-0.4258899318105991,-0.4230597629126742,0.9909283682357273,False,2,74
1985-08-31,2005-07-31,768668.7568933255,762089.264808974,0.10574082736842816,0.10501511615679737,-0.425606548032052,-0.4227532744791218,0.9914404065140577,False,2,73
1985-09-30,2005-08-31,753864.1816472913,747819.6409036051,0.10409827835747687,0.10341755205541614,-0.4253139488954385,-0.4224375801686382,0.9919819234142707,False,2,72
1985-10-31,2005-09-30,751710.3525422631,746168.2208097773,0.10385639961873139,0.10323053198265586,-0.425003868071511,-0.4221055862117984,0.9926273042352782,False,2,71
1985-11-30,2005-10-31,731483.2922609589,726034.1829428696,0.10154743367539054,0.10091351800611381,-0.42469892746776405,-0.4217583413960476,0.9925506031706527,False,2,71
1985-12-31,2005-11-30,751666.9332894761,746012.6858914747,0.10385151582603047,0.10321289479071782,-0.42440650262014423,-0.4214252383380125,0.9924777223161101,False,2,71
1986-01-31,2005-12-31,744292.5921696743,739002.7290893797,0.10301757446062343,0.10241381034560182,-0.42409989661801517,-0.4210910017339825,0.9928927640340013,False,2,70
1986-02-28,2006-01-31,756248.4169387724,751184.4659273615,0.10436515865935103,0.10379722732586072,-0.423786726976908,-0.4207495499485535,0.993303852414119,False,2,69
1986-03-31,2006-02-28,751033.4793227414,746169.220808881,0.10378023013497306,0.10323064536662252,-0.4234882885034864,-0.420418984774131,0.9935232467689099,False,2,68
1986-04-30,2006-03-31,753533.4340294464,748825.2556700772,0.10406118363035755,0.10353121627328576,-0.42319858942419497,-0.42009873375630913,0.9937518653496332,False,2,67
1986-05-31,2006-04-30,756558.1008423588,752060.373351768,0.10439975621103326,0.10389575873503887,-0.4228979772757051,-0.41976873821625527,0.9940550137714699,False,2,66
1986-06-30,2006-05-31,728255.8841680783,723952.2940743346,0.10117260032590414,0.10066995508034249,-0.42260620652799585,-0.41944009793969783,0.9940905522532647,False,2,65
1986-07-31,2006-06-30,722908.0247387599,718602.196036332,0.10054749717529088,0.1000405237078168,-0.4223126319403091,-0.41910663600488096,0.9940437392378044,False,2,64
1986-08-31,2006-07-31,720529.2266660678,716423.5170543072,0.10026782267154233,0.0997827406181917,-0.4219937714870131,-0.41875487622824237,0.9943018139170314,False,2,63
1986-09-30,2006-08-31,731149.5187432012,726924.8269464724,0.10150875253151326,0.10101748343436534,-0.42168993262352383,-0.4184086173775263,0.9942218497196158,False,2,62
1986-10-31,2006-09-30,742609.197090035,738574.6073023359,0.10282594576561599,0.10236474082017089,-0.42135050780364114,-0.41803690884630107,0.9945670080528105,False,2,61
1986-11-30,2006-10-31,759662.9434895416,755537.3193507052,0.10474577870100044,0.10428565737017337,-0.42102113122326157,-0.4176646545212582,0.994569138623657,False,2,60
1986-12-31,2006-11-30,766919.1755165415,762705.5254875721,0.1055485097053197,0.10508337696271153,-0.4206921334615804,-0.41729040077508306,0.9945057443294055,False,2,60
1987-01-31,2006-12-31,769624.404070581,765560.9364311452,0.10584567381734766,0.10539888091561389,-0.42031768675868286,-0.41687500803294175,0.9947201938790612,False,2,60
1987-02-28,2007-01-31,774015.362732584,769830.951937968,0.10632561001992813,0.10586831615431103,-0.41997858157398893,-0.4164872219030882,0.9945938918061739,False,2,60
1987-03-31,2007-02-28,752135.0112140256,747792.8044011503,0.1039041490351098,0.10341451646234567,-0.41964458640571667,-0.41609478855118387,0.994226825306448,False,2,60
1987-04-30,2007-03-31,753989.2237242626,749222.8017600083,0.10411229774604491,0.10357610501602621,-0.4193122277751751,-0.41569803691507634,0.9936783951092684,False,2,60
1987-05-31,2007-04-30,780379.7760994482,775005.9301318197,0.1070160355012193,0.10643347217021515,-0.4189686417755487,-0.41528944551303515,0.9931138067230695,False,2,60
1987-06-30,2007-05-31,800402.8253550718,794394.4147757267,0.10914907580540922,0.10851512117372786,-0.41862049006467006,-0.41487259591151726,0.9924932666539756,False,2,60
1987-07-31,2007-06-30,780406.5825571809,773952.6101059861,0.10701893061104983,0.10631877189598593,-0.41828124238270614,-0.414454979716537,0.9917299871689359,False,2,60
1987-08-31,2007-07-31,750263.3348815778,743352.0927066298,0.10369347398498396,0.10291057117575275,-0.4179506088535204,-0.4140362555102506,0.9907882448020215,False,2,60
1987-09-30,2007-08-31,755648.5793849354,747712.036963761,0.1042981016912905,0.10340537979339715,-0.4176252675584523,-0.41361434117791274,0.9894970457992067,False,2,60
1987-10-31,2007-09-30,777526.1074906085,768346.3626027446,0.10670722042604375,0.10570542480158585,-0.41728504399021704,-0.4131773976697801,0.9881936506061634,False,2,60
1987-11-30,2007-10-31,781357.107132125,772163.7722036488,0.10712151815870663,0.10612359001040672,-0.41683927385995234,-0.41267268572725946,0.9882341443565809,False,1,60
1987-12-31,2007-11-30,739787.1717288904,731146.2135071841,0.10250363971644583,0.10150836939032448,-0.41633899415864295,-0.41209465332865436,0.9883196700998311,False,1,61
1988-01-31,2007-12-31,726575.2807277124,718025.1011646009,0.10097669723152958,0.09997232438926917,-0.4158593616794425,-0.4115401277997657,0.9882322179271665,False,1,62
1988-02-29,2008-01-31,675657.1736757057,667907.076065141,0.09479492706015824,0.09380948328264616,-0.41538528471649205,-0.4109916889151978,0.9885295414412569,False,1,63
1988-03-31,2008-02-29,647093.5599161106,639758.0269518704,0.09109964007696725,0.09012168463118853,-0.41491890625930017,-0.41045182950934833,0.9886638757999829,False,1,63
1988-04-30,2008-03-31,637409.7522613646,630129.2364344313,0.08980600937904537,0.08881909982890268,-0.4144239121434117,-0.40987849120145436,0.9885779660554236,False,1,63
1988-05-31,2008-04-30,661308.4739942349,653430.8262800012,0.0929605228262178,0.09193474619339748,-0.4139192428209407,-0.40929357001310074,0.988087786526228,False,1,63
1988-06-30,2008-05-31,662670.3462169619,654627.2775988692,0.09313649683313385,0.09209141223201289,-0.4134035861512586,-0.4086955214084228,0.9878626399023153,False,1,63
1988-07-31,2008-06-30,600547.19767906,593606.402083956,0.08467554655809684,0.08367064271989766,-0.41289579172938073,-0.40810620283399834,0.9884425476932901,False,1,63
1988-08-31,2008-07-31,589464.6427033667,582623.1629313815,0.08306477006068413,0.0820535616786473,-0.4123710754667048,-0.4074968403374706,0.9883937402239951,False,1,63
1988-09-30,2008-08-31,591546.9460297847,584534.2003737045,0.0833699650248032,0.0823373437313768,-0.4118112845043823,-0.4068462902623773,0.9881450733485367,False,1,63
1988-10-31,2008-09-30,533419.5393878171,527475.4313089696,0.0743679229686407,0.07338616176336044,-0.41125775393670294,-0.4062025535387943,0.988856598530925,False,1,63
1988-11-30,2008-10-31,439577.6694800896,435471.3399807809,0.05721882351778129,0.056375651081465916,-0.4107026243431887,-0.40555649526930126,0.9906584665591283,False,1,63
1988-12-31,2008-11-30,404075.6936640455,400622.72518660803,0.04961207570978732,0.048831506371672884,-0.41012194712384586,-0.4048802091794801,0.9914546493848049,False,2,63
1989-01-31,2008-12-31,404476.704383523,400942.07308054355,0.04970222873963159,0.04890402224370183,-0.4095336027117674,-0.4041944761218098,0.9912612240342328,False,2,63
1989-02-28,2009-01-31,367243.03703827044,364286.17576028703,0.040859333993522595,0.04011281944984746,-0.434824467100679,-0.4313292859930742,0.9919484892026005,False,2,63
1989-03-31,2009-02-28,325252.19070235157,322876.86785406416,0.029537042799923308,0.028845724820427687,-0.49331861387483356,-0.48971082295863355,0.9926969812465886,False,2,63
1989-04-30,2009-03-31,350702.0368765903,347971.9281849582,0.03658990983375299,0.03586260314494383,-0.493120535503661,-0.4894654710054752,0.9922153041483679,False,2,63
1989-05-31,2009-04-30,380955.32042547624,377884.58903810335,0.044232108573891704,0.04348920305288706,-0.49292771680341685,-0.48922655098946544,0.9919393923047373,False,2,63
1989-06-30,2009-05-31,399021.74324939225,395778.50673334394,0.04846695596529682,0.04772325696192525,-0.4927380937388329,-0.48899151074678193,0.991872030607562,False,2,63
1989-07-31,2009-06-30,396534.1216630591,393283.71339641087,0.04789715227396618,0.04714637671477173,-0.49254295932453784,-0.48874955634003503,0.9918029544266806,False,2,63
1989-08-31,2009-07-31,423270.4378810523,419773.7162871494,0.053815730515042626,0.05306646058983322,-0.4923599478769194,-0.4885225573130674,0.9917388003485244,False,2,63
1989-09-30,2009-08-31,435117.0248470691,431494.460582763,0.05630247261268262,0.055550355854735445,-0.4921764302199393,-0.4882948561737176,0.9916745058054685,False,2,63
1989-10-31,2009-09-30,447760.970495642,444003.43377938715,0.05887265722806578,0.05811758028269298,-0.4919882215901994,-0.48806125742028106,0.9916081638109381,False,2,63
1989-11-30,2009-10-31,435808.4909304013,432121.1302623862,0.05644522141454633,0.05568098020800827,-0.4917912604173148,-0.4878167114729205,0.9915390343585482,False,2,63
1989-12-31,2009-11-30,458108.1943442622,454200.27959911444,0.060915208913013386,0.060150008143268874,-0.4915939235791209,-0.4875716131001445,0.9914694502447363,False,2,63
1990-01-31,2009-12-31,463277.82537340664,459293.85050820926,0.06191614654115485,0.06114590392828756,-0.49139695418374174,-0.4873268852143461,0.9914004628605173,False,2,63
1990-02-28,2010-01-31,442677.370675281,438836.96857103496,0.057849367562148535,0.057067398290967075,-0.49118097379403003,-0.48705843811950467,0.9913246026143426,False,2,63
1990-03-31,2010-02-28,452371.2955839382,448412.15348974563,0.05978930258367976,0.05900277838087509,-0.4909626419342491,-0.4867869633488152,0.9912480253879019,False,2,63
1990-04-30,2010-03-31,475427.1248273324,471229.80031184567,0.06421943877742264,0.06343131734999963,-0.4907448395353722,-0.48651604168771423,0.991171466043274,False,2,63
1990-05-31,2010-04-30,478554.67406361544,474291.11538970907,0.06480158787990087,0.06400691292706506,-0.4905161155435397,-0.48623142159386346,0.9910907595203227,False,2,63
1990-06-30,2010-05-31,436781.59038140444,432858.94432479085,0.056645673993797274,0.055834494383829814,-0.4903027297439795,-0.48596578344895147,0.9910192046940708,False,2,63
1990-07-31,2010-06-30,410552.0897772789,406835.3729287058,0.051055606363904715,0.0502304166282912,-0.4900830785835605,-0.48569224017711077,0.9909470273294935,False,2,63
1990-08-31,2010-07-31,435658.1626797399,431681.42080864054,0.05641420911955386,0.055589348933693605,-0.4898575868242335,-0.4854113118449954,0.9908718756773927,False,2,63
1990-09-30,2010-08-31,412078.64656509296,408282.04354099784,0.051392048295015424,0.05055263520787778,-0.48960363704898513,-0.48509479389343535,0.9907867028399993,False,2,63
1990-10-31,2010-09-30,444263.5764968468,440128.53211865935,0.058170090216932424,0.057331250453139804,-0.48932947010873784,-0.4847529166920409,0.990692362379123,False,2,63
1990-11-30,2010-10-31,456310.73639284034,452019.0432776808,0.06056417763410926,0.059719642141160545,-0.489046531455666,-0.4843999260785089,0.9905948013647771,False,2,63
1990-12-31,2010-11-30,451877.57518748945,447585.8820723299,0.059691648416406284,0.058837633815081336,-0.48877343922749406,-0.4840590506687855,0.9905025313252624,False,2,63
1991-01-31,2010-12-31,477377.1981291755,472799.2235537361,0.06458292395477261,0.06372693119984785,-0.4885004804637363,-0.4837181757741562,0.99041015240489,False,2,63
1991-02-28,2011-01-31,484094.12004749104,479408.23795029876,0.06582219511340526,0.06495971940323253,-0.4882321314703255,-0.4833828956573827,0.9903203077601261,False,2,63
1991-03-31,2011-02-28,496287.98340972187,491442.01863500616,0.06802311013709561,0.06715582669721343,-0.4879753956395402,-0.4830619748131656,0.9902355790655624,False,2,63
1991-04-30,2011-03-31,492214.1490256008,487366.7547141519,0.0672946592085426,0.0664189756438045,-0.4877186796000136,-0.48274093152508035,0.9901518590616606,False,2,64
1991-05-31,2011-04-30,502360.7155581307,497363.053712912,0.06909657431483818,0.0682142221974098,-0.48745633716782955,-0.4824126998406775,0.9900516467740392,False,2,64
1991-06-30,2011-05-31,492521.7890465646,487584.2338856419,0.06734990585388956,0.06645847356221446,-0.4871987829125073,-0.4820903091948032,0.9899749508128748,False,2,65
1991-07-31,2011-06-30,480040.7805881456,475194.2253457247,0.06507669920422532,0.06417591456997696,-0.4869224484113611,-0.4817442455042702,0.9899038676745695,False,2,65
1991-08-31,2011-07-31,466310.8267119386,461573.70671447756,0.0624975095292577,0.061587604375980876,-0.48665190473371056,-0.4814052681966339,0.9898412824105682,False,2,65
1991-09-30,2011-08-31,437381.9006417879,432930.0185683029,0.056769080051503495,0.0558492667334316,-0.48638123785134424,-0.48106597236739457,0.9898215219538061,False,2,65
1991-10-31,2011-09-30,403226.93503003515,399124.5731846524,0.04942092201278259,0.04849042144733984,-0.4860993682771416,-0.4807124586950887,0.989826171098721,False,2,65
1991-11-30,2011-10-31,443545.95681569504,438941.3029573553,0.05802515320463475,0.05708874554117083,-0.4858144198656308,-0.48035490236359446,0.9896185416920549,False,2,65
1991-12-31,2011-11-30,438636.84527426347,434044.11815207935,0.05702643601225765,0.05608046391582677,-0.48551014305252704,-0.4799728911829273,0.9895295455188848,False,2,65
1992-01-31,2011-12-31,439702.4235649481,435057.62728900014,0.057244298969182816,0.05629019827612569,-0.4852302970388055,-0.47962136846538495,0.9894365006262881,False,2,65
1992-02-29,2012-01-31,455629.4909204271,450755.00123460003,0.06043072413178585,0.059469159166200214,-0.4849384067136513,-0.4792545288124328,0.9893016370033907,False,2,65
1992-03-31,2012-02-29,471406.92389615986,466300.96020129084,0.06346473582741963,0.0624956252859723,-0.48464317592060147,-0.47888329581763034,0.9891686705560698,False,2,65
1992-04-30,2012-03-31,482778.5400708205,477488.5474840877,0.06558100745865825,0.06460362826461208,-0.48433480127392947,-0.4784953255923331,0.989042610332355,False,2,65
1992-05-31,2012-04-30,475763.7776396421,470510.8144414094,0.06428230975358229,0.06329551769653796,-0.4840277893907109,-0.47810885684291005,0.988958883704233,False,2,66
1992-06-30,2012-05-31,443524.87578246393,438633.1594148368,0.05802089144560929,0.05702568137128683,-0.4837147798242405,-0.4777146191523636,0.9889708184710109,False,2,66
1992-07-31,2012-06-30,457894.7548555975,452771.01735351444,0.06087360760396199,0.0598682757450113,-0.4833891151706602,-0.47730420736923007,0.9888102288839301,False,2,66
1992-08-31,2012-07-31,460422.39633798134,455218.19062368333,0.06136485937929792,0.06035004203663408,-0.4830683095418681,-0.47689968462110766,0.9886968884318178,False,2,66
1992-09-30,2012-08-31,466778.832409746,461441.2907660877,0.06258683437474866,0.06156201787281379,-0.4827325449779165,-0.4764760498386049,0.9885651591866254,False,2,66
1992-10-31,2012-09-30,474782.30621294666,469287.9217246938,0.06409887605840825,0.06306400085676511,-0.4823922311112442,-0.4760464146379326,0.9884275710860452,False,2,66
1992-11-30,2012-10-31,462040.3197762449,456662.0507264791,0.06167770082943336,0.060632910348327185,-0.48204436514137516,-0.47560697379934647,0.9883597408720295,False,2,67
1992-12-31,2012-11-30,460849.323488141,455435.3382134995,0.061447531040465186,0.060392648784984404,-0.48169939859013633,-0.4751709244823301,0.9882521574868259,False,2,67
1993-01-31,2012-12-31,461247.80528204504,455776.3600907288,0.06152461601625303,0.06045951443765185,-0.48135246694604983,-0.4747321186286435,0.9881377317601099,False,2,67
1993-02-28,2013-01-31,481153.00866548845,475346.58619948034,0.06528196801297015,0.06420439046528914,-0.48099716833859063,-0.47428244647502626,0.9879322744294738,False,2,68
1993-03-31,2013-02-28,483625.7756836524,477724.87704387505,0.06573641767730987,0.06464755331299155,-0.48063777402959096,-0.47382729848776184,0.987798626672791,False,2,69
1993-04-30,2013-03-31,497640.1647706475,491462.8510709778,0.06826340797097497,0.06715957569126974,-0.48027695201105014,-0.4733700464489733,0.9875867863227706,False,2,70
1993-05-31,2013-04-30,502865.2012469793,496536.5912590811,0.06918509324102651,0.06806734585099172,-0.47989773842138295,-0.4728891677574557,0.9874148977256632,False,2,71
1993-06-30,2013-05-31,510313.2657221054,503784.9921445704,0.07048045350735088,0.06934622625854758,-0.4795187960200241,-0.4724083051124133,0.9872073214316752,False,2,72
1993-07-31,2013-06-30,499256.3532572582,492853.27002758806,0.06854965971353111,0.06740939037075688,-0.47913111887788584,-0.4719160189361876,0.9871747586427393,False,2,73
1993-08-31,2013-07-31,520123.29254593106,513230.5772348988,0.07215455678401694,0.0709820485989161,-0.4787316248768325,-0.471408367692558,0.9867479203300176,False,2,74
1993-09-30,2013-08-31,500873.28695485694,494290.4743856137,0.0688350010730745,0.06766677703229851,-0.47833668628886605,-0.4709061460123951,0.9868573295069007,False,2,75
1993-10-31,2013-09-30,512185.1296914026,505264.54129592626,0.07080266608350061,0.06960472701852138,-0.47792826046752124,-0.4703863973487361,0.9864881114380535,False,2,76
1993-11-30,2013-10-31,531240.315052744,523784.45594817254,0.07400941873079248,0.07277028422609799,-0.47751769118482323,-0.4698635352298923,0.9859651858239877,False,2,77
1993-12-31,2013-11-30,542671.5369296934,534830.8879242516,0.07587193993059449,0.07459923072521568,-0.47709206726150366,-0.46932109218705687,0.9855517592652779,False,2,78
1994-01-31,2013-12-31,551599.1971314633,543416.5228873122,0.07729632212480753,0.07599179728245842,-0.4766603771616482,-0.4687704924663909,0.985165543592695,False,2,79
1994-02-28,2014-01-31,528113.5544092396,520431.5690503032,0.07349214965556916,0.07220658924022216,-0.47623175831107,-0.468223385489581,0.9854539136615617,False,2,80
1994-03-31,2014-02-28,547448.9626774543,539108.7848960822,0.07663738950574994,0.07529619232253815,-0.47577941966091297,-0.4676455422993968,0.984765378418872,False,2,81
1994-04-30,2014-03-31,546888.7721981499,538420.3522167422,0.07654802129023386,0.07518445012564245,-0.47529303409264656,-0.46702367876108286,0.9845152791355178,False,2,82
1994-05-31,2014-04-30,545819.138004919,537233.283904267,0.07637709642271906,0.07499139678812994,-0.47479894867990147,-0.4663914109217986,0.9842697818694393,False,2,83
1994-06-30,2014-05-31,553490.6078685442,544511.6513725198,0.07759478939706499,0.07616765470387032,-0.4742985931761805,-0.4657505437262317,0.9837775811036763,False,2,84
1994-07-31,2014-06-30,559499.286466286,550156.4048526093,0.07853547837221075,0.07706787906327994,-0.47377056989451793,-0.46507360986339263,0.9833013520487488,False,2,85
1994-08-31,2014-07-31,546667.2400635474,537582.4353510393,0.07651265166655619,0.07504822887678864,-0.47324405487189825,-0.4643979654246194,0.983381472225312,False,2,86
1994-09-30,2014-08-31,563403.0566554987,553567.2744587607,0.07914062288486723,0.07760686350053891,-0.4727234014134415,-0.4637292093060389,0.9825421923425024,False,2,87
1994-10-31,2014-09-30,550288.3836369737,540737.4480702882,0.07708880354348158,0.07555991331645906,-0.4721740019962719,-0.46302284625129897,0.9826437630691723,False,2,88
1994-11-30,2014-10-31,558487.5800564365,548444.713946471,0.07837788094851073,0.07679599188378528,-0.47162063439580626,-0.462310670216842,0.9820177449443895,False,2,89
1994-12-31,2014-11-30,567929.5387838715,557315.5135044153,0.07983648147016265,0.07819490549429009,-0.47102873048140304,-0.46154810737336827,0.9813110173804582,False,2,90
1995-01-31,2014-12-31,561060.5891114617,550503.2785919592,0.07877806675611332,0.07712286193216422,-0.47042701882206905,-0.4607720694752211,0.981183296912332,False,2,91
1995-02-28,2015-01-31,539081.8920977501,529211.5995110061,0.07529183024156416,0.07367419216750393,-0.4698221413312371,-0.4599910940458837,0.9816905506724863,False,2,92
1995-03-31,2015-02-28,564805.4137760784,553638.1108754928,0.07935687112969725,0.07761801776203581,-0.46922196952212303,-0.45921534609936354,0.9802280526563562,False,2,93
1995-04-30,2015-03-31,550914.7263001291,540135.518246493,0.07718803032093846,0.07546254947133901,-0.46862145093047725,-0.4584383029499599,0.9804339809065772,False,2,94
1995-05-31,2015-04-30,551344.3793570487,540332.3641864167,0.07725602430224399,0.07549440319279466,-0.4680207638078654,-0.45766019276820513,0.9800269748220275,False,2,95
1995-06-30,2015-05-31,553711.0582777149,542377.5701095024,0.0776295027672369,0.07582459438871614,-0.46742609785412925,-0.45688904448612166,0.9795317648098548,False,2,96
1995-07-31,2015-06-30,538580.629373215,527751.9074630934,0.0752104795934101,0.07343210018688939,-0.46682821632193106,-0.4561128846729313,0.9798939632813684,False,2,97
1995-08-31,2015-07-31,545433.7293624063,534062.4965102812,0.0763154174289109,0.07447338285094518,-0.4662331108405745,-0.4553394892697098,0.9791519441501763,False,2,98
1995-09-30,2015-08-31,508466.4936154542,498733.8161760192,0.07016125596872747,0.06845722470076532,-0.4656228770799067,-0.45454556215523845,0.9808587634354612,False,2,99
1995-10-31,2015-09-30,492073.6700032252,482990.0312998518,0.06726941873640913,0.06561983058685472,-0.4650209612673101,-0.45376159137039473,0.9815400838185186,False,2,100
1995-11-30,2015-10-31,529414.3670571909,518175.8937390696,0.07370776229490161,0.07182506351179341,-0.4644000750780173,-0.45295201031664467,0.9787718769692791,False,2,100
1995-12-31,2015-11-30,527025.6008426276,515707.6857393646,0.07331136165678043,0.07140544898452639,-0.46378882783711584,-0.45215410120706867,0.9785249234853725,False,2,101
1996-01-31,2015-12-31,514845.376206674,504627.7502559188,0.07125831808692307,0.0694935740179714,-0.46317292800072907,-0.45146113275749333,0.9801539910370032,False,2,101
1996-02-29,2016-01-31,485871.5910555564,477589.79003116133,0.06614688866920138,0.06462244857325294,-0.46256125512252755,-0.45077171078205236,0.9829547535257148,False,2,101
1996-03-31,2016-02-29,481860.2120404173,474186.0091222566,0.06541220816091031,0.063987220417425,-0.461939095610877,-0.45007141957640917,0.9840737983207524,False,2,100
1996-04-30,2016-03-31,510967.06160133576,502201.5732910153,0.07059314508925896,0.06906862986487461,-0.4613065555705541,-0.4493603559752042,0.982845296753865,False,2,99
1996-05-31,2016-04-30,509372.1188974816,501093.29148883215,0.07031794747221887,0.0688737452499022,-0.460666469833622,-0.4486412513502688,0.9837469953664353,False,2,98
1996-06-30,2016-05-31,514982.8690109835,506814.73254481546,0.07128179622104636,0.06987465829521389,-0.4600257338046976,-0.4479207220992274,0.984139013241635,False,2,97
1996-07-31,2016-06-30,512819.2197935394,505149.85098146636,0.07091151508312277,0.06958471926024945,-0.4593705597481017,-0.44718541905543896,0.9850446931081079,False,2,96
1996-08-31,2016-07-31,527828.8090207526,519880.54773548234,0.07344487312098069,0.07211356074896713,-0.45866631250277035,-0.44640212867227014,0.9849415925212265,False,2,95
1996-09-30,2016-08-31,524762.1928530921,516781.30170880124,0.07293390212580553,0.07158824840231404,-0.45795713951598505,-0.4454947848280997,0.9847914136098499,False,2,96
1996-10-31,2016-09-30,521339.6075879089,513355.0256703609,0.07235965192116711,0.0710033746750598,-0.4572671919573693,-0.44461128826934737,0.9846844901071483,False,2,96
1996-11-30,2016-10-31,508485.25991706597,501478.3384403517,0.0701645061006555,0.06894150836726243,-0.4565778375115921,-0.44383400921897,0.9862200106294977,False,2,95
1996-12-31,2016-11-30,524151.06939813547,516688.66771641973,0.0728316746776001,0.07157249286786493,-0.4559204853898361,-0.44308611576903423,0.9857628799836571,False,2,94
1997-01-31,2016-12-31,531120.9018028704,524131.1390125179,0.07398972651233238,0.07282833851571646,-0.45523294918094537,-0.44240674344136954,0.9868396013664195,False,2,93
1997-02-28,2017-01-31,537989.5918290227,530964.4171565026,0.07511445046547527,0.07396391341494346,-0.4545694768410541,-0.44165230290123236,0.986941801887586,False,2,92
1997-03-31,2017-02-28,556045.632269092,548917.0233011433,0.0779961753120546,0.07687110858335888,-0.45389502129684334,-0.4409736430644071,0.9871798130328647,False,2,91
1997-04-30,2017-03-31,553120.2551526676,546929.6757520846,0.07753643684560108,0.07655455016633894,-0.45317363734036664,-0.44026234930055275,0.9888078960354211,False,2,90
1997-05-31,2017-04-30,555507.9057887946,549498.495083141,0.07791187128137156,0.0769634876378571,-0.4524754714916337,-0.43947450837911506,0.9891821328859028,False,2,89
1997-06-30,2017-05-31,560194.1141224089,554223.5691836433,0.07864353063185958,0.07771014612555471,-0.451801385610313,-0.4387075181664095,0.9893420070146239,False,2,88
1997-07-31,2017-06-30,560712.2662846051,555248.7994746044,0.0787240110802121,0.07787121646741135,-0.4511409641675176,-0.4380207515124197,0.990256202443719,False,2,87
1997-08-31,2017-07-31,569471.9619720029,564056.2750717284,0.08007219076098848,0.07924142582999627,-0.4505156767347066,-0.4373518408728403,0.9904899850002786,False,2,86
1997-09-30,2017-08-31,568219.6946818032,563365.1069388175,0.07988087669897603,0.07913476258700625,-0.44983848952287697,-0.4366465479202064,0.9914564951049362,False,2,85
1997-10-31,2017-09-30,577126.0453553881,572348.5577188147,0.08123146468953091,0.08050989461142888,-0.4491819235016452,-0.43594976569602906,0.9917219337525628,False,2,84
1997-11-30,2017-10-31,587482.0473615172,582805.563612662,0.0827730763340424,0.08208069205963353,-0.4484872553339988,-0.435225076953615,0.9920397844157824,False,2,83
1997-12-31,2017-11-30,602494.8227609012,597685.0196197293,0.08495521966549058,0.08426271985671696,-0.4478080415425437,-0.4345053777669333,0.9920168556484332,False,2,82
1998-01-31,2017-12-31,606195.8718362555,601657.8345374832,0.08548393394716247,0.08483515341365044,-0.4471253550933624,-0.4337788321298308,0.9925139092666105,False,2,81
1998-02-28,2018-01-31,637709.8817006877,632437.1611548072,0.08984642663645825,0.08913330406032016,-0.44643517912019826,-0.43304283027581436,0.9917317879224031,False,2,80
1998-03-31,2018-02-28,611426.8857541432,607368.3067012095,0.08622515638127792,0.08565067829074047,-0.4457774351519126,-0.4323215342211134,0.993362118762691,False,2,79
1998-04-30,2018-03-31,593344.8985917169,590113.2022121254,0.08363252768444629,0.08315995481364014,-0.4451387880313218,-0.43160654634271367,0.9945534268732035,False,2,78
1998-05-31,2018-04-30,593152.9504875105,590102.6718502425,0.08360453874236584,0.08315841026882431,-0.4444938085917628,-0.43088220242359376,0.9948575175513146,False,2,77
1998-06-30,2018-05-31,604806.2303424525,601559.8087393508,0.08528583597505968,0.08482107949171214,-0.4438240091037712,-0.43013713728894865,0.9946322947082348,False,2,76
1998-07-31,2018-06-30,606010.24588523,602866.9558572033,0.0854575014292025,0.08500854304401861,-0.44316732053651653,-0.4293942038716767,0.9948131404553481,False,2,75
1998-08-31,2018-07-31,625892.0963629214,622238.3395183396,0.088238934319683,0.08773516028333539,-0.4424901908999588,-0.42863289913644975,0.994162321483505,False,2,74
1998-09-30,2018-08-31,642867.952221914,639105.2641331201,0.0905377906803857,0.09003406278121573,-0.4416807724755375,-0.4277856106503628,0.9941470280548453,False,2,73
1998-10-31,2018-09-30,643324.6611548414,639444.2337087556,0.0905987115288569,0.09007957573047776,-0.4409021422677767,-0.4268469211088852,0.9939681661835875,False,2,73
1998-11-30,2018-10-31,596729.7169808198,594450.8403337211,0.08412444434959054,0.08379359562497712,-0.4401662458285083,-0.42599453356991557,0.9961810572152686,False,2,72
1998-12-31,2018-11-30,606424.5257546138,603833.1928862276,0.0855164812064022,0.08514682643810079,-0.43945790135425133,-0.42516366718817455,0.9957268666448449,False,2,71
1999-01-31,2018-12-31,549628.3867650195,548931.068996448,0.07698410876829898,0.07687334132484103,-0.43877502234061794,-0.42436307778423676,0.9987312922960988,False,2,70
1999-02-28,2019-01-31,591581.7370518054,589446.6755211848,0.08337505409067614,0.08306213148504682,-0.43810708184606395,-0.4235642277472824,0.9963909272431891,False,3,69
1999-03-31,2019-02-28,608289.725697383,605688.9821459356,0.08578147350949417,0.08541173338080643,-0.437404266789146,-0.4227369408200984,0.9957244986367874,False,3,68
1999-04-30,2019-03-31,617897.9594160912,615028.7573744179,0.08713245804890879,0.0867314716032328,-0.43671529226410466,-0.42191030567803167,0.9953565115437754,False,3,67
1999-05-31,2019-04-30,640700.166336641,637308.3272640839,0.09024797684904251,0.08979234613552811,-0.4360393413463256,-0.42108360802817113,0.9947060430904042,False,3,66
1999-06-30,2019-05-31,597883.3172162732,595065.2108085733,0.08429139182395429,0.08388292841999268,-0.435333731781014,-0.4202309496165336,0.9952865277779938,False,3,65
1999-07-31,2019-06-30,637847.4976600272,634526.1468481794,0.08986495183865495,0.08941661455796135,-0.4346526717030629,-0.41938470763630165,0.9947928763159966,False,3,64
1999-08-31,2019-07-31,644716.1264042214,641296.5326797535,0.09078402761118265,0.09032781320340244,-0.43393638728689354,-0.41850867116967283,0.9946959699247171,False,3,63
1999-09-30,2019-08-31,632267.4163194386,628881.1540607219,0.08911023781783656,0.08864865538147138,-0.4332026133233192,-0.4176191463706055,0.9946442562572196,False,3,62
1999-10-31,2019-09-30,641696.9460517146,638249.0578521413,0.09038137125419299,0.08991898281397903,-0.43243319497133814,-0.4166928618663539,0.9946269212892663,False,3,61
1999-11-30,2019-10-31,653315.035577107,649792.8449900107,0.09191956757776087,0.0914564378179461,-0.4316952916805008,-0.41580413598193466,0.9946087409667758,False,3,61
1999-12-31,2019-11-30,674706.9784837072,670989.6618163234,0.09467477541732428,0.09420293503904786,-0.4309582072137156,-0.41489780433181234,0.9944904724777891,False,3,60
2000-01-31,2019-12-31,692831.7318905769,688885.5131401458,0.09693530395025762,0.09644868336080159,-0.4302498818957161,-0.41401252196012983,0.9943042176494099,False,3,59
2000-02-29,2020-01-31,690147.8342160187,686128.5272987108,0.0966046749509697,0.09610689854862997,-0.42949011131448833,-0.4130756365344419,0.9941761652822201,False,3,58
2000-03-31,2020-02-29,631150.4288022553,627408.3494297636,0.08895828256329619,0.0884470415651073,-0.42870046418775687,-0.41210646104196913,0.9940710182521889,False,3,57
2000-04-30,2020-03-31,551389.7862585806,548111.7720633273,0.07726320663781427,0.07674299698071851,-0.4279673693201608,-0.4112218347007591,0.9940549965252419,False,3,57
2000-05-31,2020-04-30,620147.8412512107,616349.6254212097,0.08744545616073052,0.08691632599098242,-0.42719752862625715,-0.4102603992709949,0.9938753058910313,False,2,56
2000-06-30,2020-05-31,647544.6018836779,643565.7459231839,0.09115937356336956,0.09063085088049516,-0.42639655930131437,-0.40929318169767026,0.9938554719645262,False,2,56
2000-07-31,2020-06-30,658192.453584351,654135.3831257174,0.09255638654622156,0.09202704055845379,-0.4255998727093896,-0.408331102396858,0.9938360422752649,False,2,56
2000-08-31,2020-07-31,692925.3299523909,688639.966222727,0.09694680900507979,0.09641830353533076,-0.4247753823902112,-0.4073354122401859,0.9938155475858296,False,2,56
2000-09-30,2020-08-31,741873.1775635678,737270.6164986087,0.10274201283193118,0.1022150920490259,-0.42398402886225295,-0.4063797059682265,0.9937960271321918,False,2,56
2000-10-31,2020-09-30,709767.965797453,705349.7762105947,0.09898992460379241,0.09845913365923331,-0.42313230683991887,-0.40535105682831274,0.9937751634340185,False,2,56
2000-11-30,2020-10-31,688496.9435781152,684196.7790548655,0.09640060287043783,0.09586652250990801,-0.4222596927961304,-0.4042971363261808,0.9937542721672782,False,2,56
2000-12-31,2020-11-30,760801.5608279713,756031.1467349974,0.10487228868405807,0.10434087628573963,-0.4212923183074402,-0.4031287199366963,0.9937297524892268,False,2,56
2001-01-31,2020-12-31,786878.0573265277,781924.5823643671,0.10771472055734654,0.1071826998292369,-0.42030838974031914,-0.4019402587971198,0.9937049013935013,False,2,56
2001-02-28,2021-01-31,775904.0150620986,771001.1339133697,0.10653113495359956,0.10599647046717853,-0.41933712415063784,-0.40076704311045186,0.9936810725894536,False,2,56
2001-03-31,2021-02-28,793847.7167120271,788809.6348715106,0.10845718125824799,0.10792119724927685,-0.418243479735001,-0.3994459437684462,0.9936535915712105,False,2,56
2001-04-30,2021-03-31,824567.5439957825,819309.3529296035,0.11164781669961421,0.11111088507082467,-0.41704591316112805,-0.39799923665991355,0.9936230923658501,False,2,56
2001-05-31,2021-04-30,864607.1614494844,859069.0907397697,0.11561921665772235,0.11508184650190878,-0.4159062868600526,-0.3966224537672529,0.9935946971565326,False,2,57
2001-06-30,2021-05-31,866709.7610802604,861131.8289132307,0.11582226787405814,0.11528243220337941,-0.41474590268291234,-0.39522052323930046,0.9935642444362489,False,2,58
2001-07-31,2021-06-30,882740.0021454201,877020.9807980496,0.1173531509166077,0.11681043650863754,-0.41352620624065894,-0.39374685777785456,0.9935212844852721,False,2,59
2001-08-31,2021-07-31,899328.4941735574,893456.6746672539,0.11890625145722211,0.11836003998021494,-0.41226195088323225,-0.392219272780472,0.9934708846163054,False,2,60
2001-09-30,2021-08-31,921785.3768733485,915705.4076242525,0.12096056121770893,0.120409712631951,-0.4108758816558782,-0.3905444050792731,0.9934041378810771,False,2,61
2001-10-31,2021-09-30,873747.7364356032,868010.0005290324,0.11649810520441517,0.11594756925803273,-0.40932217084563904,-0.3886668464425612,0.9934331893894484,False,2,62
2001-11-30,2021-10-31,929550.8669784431,923306.9796953665,0.12165849272148077,0.1210978110962857,-0.4077490944136827,-0.38676575657526413,0.9932828987580069,False,2,63
2001-12-31,2021-11-30,918207.6494191843,912019.9373774045,0.12063688971097641,0.12007389792039258,-0.40624301762694504,-0.3849455151662847,0.9932610972630278,False,2,64
2002-01-31,2021-12-31,954182.3281485201,947629.084010538,0.12383172183014235,0.12325943314060006,-0.40470541893573375,-0.3830870535548896,0.9931320839375657,False,2,65
2002-02-28,2022-01-31,899889.6343896402,893793.0917456236,0.11895824990700121,0.11839143814258812,-0.4030973633903008,-0.38114329945624403,0.9932252329496476,False,2,66
2002-03-31,2022-02-28,868146.5035965578,862308.0339510569,0.115960712077255,0.11539657814257676,-0.40140601144446364,-0.3790987133870769,0.9932747875833016,False,2,67
2002-04-30,2022-03-31,895474.0209501082,889318.4577226713,0.11854813145561871,0.11797277541785944,-0.39972405967887203,-0.37706534166544625,0.9931259164605292,False,2,67
2002-05-31,2022-04-30,812733.2964912408,807355.2141228277,0.11043412505785177,0.10987624296370013,-0.39787492045707207,-0.3748296795091851,0.9933827217469353,False,2,67
2002-06-30,2022-05-31,809502.240567813,804110.316046725,0.11009943931812005,0.10953769664608126,-0.3959477273338634,-0.37249945674485097,0.9933392098861815,False,2,67
2002-07-31,2022-06-30,737989.9620983343,733271.5738050288,0.1022976812510128,0.10175435171919367,-0.39379664547907756,-0.36989829337402147,0.9936064329657145,False,2,67
2002-08-31,2022-07-31,800391.1472173838,794984.955920849,0.10914784862651805,0.10857765922206775,-0.3913718278945315,-0.3669658275884048,0.9932455633532057,False,3,67
2002-09-30,2022-08-31,762395.0152682537,757303.7172952836,0.1050489904311025,0.1044829926578199,-0.38886009352159334,-0.3643644976858912,0.9933219684402333,False,3,67
2002-10-31,2022-09-30,686723.0554104906,682270.2746756029,0.09618072936001854,0.09562605826666637,-0.3859113590157105,-0.36213961142184503,0.9935159003330302,False,3,67
2002-11-30,2022-10-31,736888.0611331284,731964.3232928008,0.10217113455939075,0.10160314677359095,-0.38315465527924775,-0.3600048754110172,0.9933182010945377,False,3,67
2002-12-31,2022-11-30,772677.8726369716,767428.4971119815,0.10617973415469484,0.10560454444844214,-0.38152322156144103,-0.3579104520330394,0.9932062561762314,False,3,67
2003-01-31,2022-12-31,722722.4813000128,717802.8153147516,0.10052571896967377,0.09994603938413404,-0.37971085131248916,-0.3555839334024654,0.9931928698600715,False,3,67
2003-02-28,2023-01-31,762125.4158293057,756897.3775024287,0.10501912211818532,0.10443764219263674,-0.3777648245600739,-0.353086063881345,0.9931401863547773,False,3,67
2003-03-31,2023-02-28,737622.2908584486,732522.3246520241,0.10225547928068712,0.10166772469242202,-0.3756946492244281,-0.3504290932485662,0.993085938061214,False,3,67
2003-04-30,2023-03-31,758592.1627052383,753305.6129848196,0.10462661805910156,0.10403562226465923,-0.3735436899005916,-0.3476687162663916,0.9930311042213167,False,3,67
2003-05-31,2023-04-30,764775.5608180577,759407.0205901337,0.10531222953280595,0.10471731518998428,-0.37146148535902934,-0.3449968418414454,0.9929802408667695,False,3,67
2003-06-30,2023-05-31,762714.4536308827,757323.3246287556,0.10508436545880451,0.10448518031031684,-0.3693926393712169,-0.34234237004292334,0.9929316548592166,False,3,67
2003-07-31,2023-06-30,807406.1625867295,801659.4851895189,0.10988154678610229,0.10928101699085047,-0.36725671832870666,-0.3396021092379816,0.9928825445438766,False,3,67
2003-08-31,2023-07-31,827557.7515509268,821627.0443342717,0.11195151232685041,0.11134800912696607,-0.36506131043853574,-0.33678581921907125,0.9928334823696106,False,3,67
2003-09-30,2023-08-31,808826.3114089827,802990.6279280133,0.11002924142511161,0.10942053484894321,-0.36280850697325406,-0.33389620602415226,0.9927849979672353,False,3,67
2003-10-31,2023-09-30,764948.4332611465,759391.5965781378,0.10533131102621085,0.10471559941291653,-0.36042453649794814,-0.3308386840075147,0.9927356715284471,False,3,67
2003-11-30,2023-10-31,743994.3442161013,738555.0576173692,0.10298365786651287,0.1023624993787764,-0.3580620340022054,-0.32780903592181676,0.9926890753390564,False,3,67
2003-12-31,2023-11-30,806598.7420961884,800663.4158269613,0.10979745036908839,0.10917645451623392,-0.3556109301485537,-0.324666124631243,0.9926415379054493,False,3,67
2004-01-31,2023-12-31,837974.9743393019,831770.4737001342,0.11300035743987591,0.112377369220235,-0.3531739686378371,-0.3215417088789311,0.9925958401752276,False,3,67
2004-02-29,2024-01-31,846738.4913993021,840430.6431667472,0.11387188095884193,0.11324555755677834,-0.3506715435741351,-0.31833373780580476,0.9925504175177737,False,3,67
2004-03-31,2024-02-29,886422.5881346484,879778.6142843819,0.1177006215127443,0.11707259867749276,-0.34808989305125515,-0.3150246023645381,0.9925047331383468,False,3,67
2004-04-30,2024-03-31,909087.5889543295,902230.6795697374,0.11980566698739992,0.11917481024971677,-0.3453453752069371,-0.31150714863181717,0.9924573721301385,False,3,67
2004-05-31,2024-04-30,866283.148922899,859707.0720020188,0.11578111213111786,0.1151439406210808,-0.3424205125162243,-0.3077590627267931,0.9924088597024464,False,3,67
2004-06-30,2024-05-31,903322.6121636323,896421.3017875409,0.11927561455619218,0.11863629646994145,-0.3393900121369722,-0.3038761540241681,0.9923600823413892,False,3,67
2004-07-31,2024-06-30,929695.9281751919,922547.9432136604,0.12167147084472396,0.12102937562879457,-0.3362663409809855,-0.2998744507017276,0.9923114808348558,False,3,67
2004-08-31,2024-07-31,934658.972255909,927424.8740400546,0.12211419775273002,0.12146803863276001,-0.3328665962173537,-0.29551974462069763,0.9922601735706938,False,3,67
2004-09-30,2024-08-31,950838.9400747552,943430.2033308537,0.12354027304674031,0.1228905229355246,-0.3292949853891154,-0.29094565129990413,0.9922082106320561,False,3,67
2004-10-31,2024-09-30,964558.5041238534,956992.5270028597,0.1247293383611554,0.12407584966261243,-0.3255643381009864,-0.2861687084887339,0.992156020512342,False,3,67
2004-11-30,2024-10-31,949443.4915281583,941946.7997530053,0.1234183056593734,0.12275977289914897,-0.32168166815668264,-0.2811980022620051,0.9921041201060983,False,3,68
2004-12-31,2024-11-30,998639.3562466489,990688.9753455478,0.12760674969217511,0.12694496455608673,-0.31773906019114606,-0.2761514959721225,0.9920387867237854,False,3,68
2005-01-31,2024-12-31,968742.464633785,960988.3627755013,0.1250883715750215,0.12442166210926486,-0.31371235504724526,-0.2709983175189946,0.9919957035627472,False,3,69
2005-02-28,2025-01-31,989231.6394140439,981248.6955023945,0.12682304368341923,0.12615177761939655,-0.30934751274580885,-0.2654135164273501,0.9919301571102417,False,3,69
2005-03-31,2025-02-28,970093.8583872217,962222.5217544379,0.12520398389589849,0.1245281601453545,-0.3048192123815139,-0.2609623875645305,0.9918860050862812,False,3,69
2005-04-30,2025-03-31,909458.6717900188,902060.1778349541,0.11983966224184717,0.11915905818528505,-0.2999290974593938,-0.2565545269766365,0.9918649475951417,False,3,69
2005-05-31,2025-04-30,897279.8674173763,889935.6758700956,0.11871611837159879,0.11803065869828933,-0.2946243963622843,-0.2517985879494967,0.9918150492238065,False,3,69
2005-06-30,2025-05-31,947501.5060778693,939664.6317225943,0.12324824998517125,0.12255818804978524,-0.2891446074923295,-0.2469134422457092,0.9917289056481658,False,3,69
2005-07-31,2025-06-30,989108.7043045321,980848.6486938624,0.12681275017320193,0.12611798574767086,-0.2850465977707468,-0.24173911969645845,0.9916489910818471,False,3,69
2005-08-31,2025-07-31,1004765.409454856,996310.1729711138,0.1281128652592256,0.12741345231956758,-0.28099263038284994,-0.23644448864179113,0.9915848650797706,False,3,69
2005-09-30,2025-08-31,1018434.3585783537,1009798.4723135531,0.1292304178543291,0.12852623095707605,-0.2766427698170194,-0.23076855839972055,0.9915204291842082,False,3,69
2005-10-31,2025-09-30,1048671.7458698908,1039703.4882390101,0.1316469729541292,0.13093803346817112,-0.27204544416165666,-0.2268169500584486,0.991447983922327,False,3,69
2005-11-30,2025-10-31,1065964.3723731774,1056775.5837187013,0.13299597598171853,0.13228206977808044,-0.2670525000412123,-0.2267118487504236,0.991379835112107,False,3,70
2005-12-31,2025-11-30,1061605.5457037955,1052393.4745922077,0.132658141626121,0.13193928843019886,-0.26190653566429234,-0.22660891159036123,0.9913225103722677,False,3,71
2006-01-31,2025-12-31,1055272.2138431636,1046055.0953349223,0.13216464194981303,0.13144079386854024,-0.2563987178859708,-0.22650434025162502,0.9912656484390187,False,3,71
2006-02-28,2026-01-31,1063685.8953075765,1054321.8109363606,0.1328195638329548,0.13209031466173915,-0.25064584453165595,-0.22640083155053403,0.9911965699530987,False,3,71
2006-03-31,2026-02-28,1048802.6016423313,1039518.3856009054,0.13165726940506906,0.130923332855591,-0.24448461362956853,-0.22629594189935665,0.9911477946117909,False,3,71
2006-04-30,2026-03-31,990187.5653618737,981417.1885876895,0.12690303810845505,0.12616600580278825,-0.23793678188327205,-0.22619068668822384,0.9911427116629373,False,3,71
2006-05-31,2026-04-30,1087107.7061247001,1077313.2714078133,0.13461420381385958,0.13386875929493236,-0.23097202287216578,-0.22608517042457021,0.9909903732061639,False,3,71
2006-06-30,2026-05-31,1136669.4442602738,1126308.1790606768,0.1382805133133891,0.13752819735584887,-0.22696519887989042,-0.22597475626623986,0.9908845396945284,False,3,71
2006-07-31,2026-06-30,1118280.5966529895,1108028.8590677846,0.1369402835395752,0.13618296159903487,-0.22686235738441474,-0.22586266656695597,0.9908325892303879,False,3,72
2006-08-31,2026-07-31,1110050.6589378307,1099807.7291917282,0.13633290185039382,0.1355702737539457,-0.22675846312253756,-0.2257494098045031,0.9907725564922383,False,3,73
2006-09-30,2026-08-31,1132742.7245848803,1122181.4363167742,0.13799625547723937,0.13722652319938144,-0.22665531586789966,-0.22563694784868016,0.9906763574473838,False,3,73
2006-10-31,2026-09-30,1112252.761127066,1101834.0968550236,0.13649588551064262,0.13572173952003075,-0.2265531369992293,-0.22552552254960523,0.9906328267852669,False,3,74
