label,n,mean_pct,median_pct,std_pct,win_rate,total_pct,t,p,best,worst,avg_R,median_R,expectancy_R,pct_stopped,pct_target,pct_eod,mean_R_dollars,ma,vwap,fill,stop,target
ema|premkt|nextopen|atr|1R,1900,-0.38378799705393035,-1.641468612091307,5.167508614551719,0.4631578947368421,-729.1971944024676,-3.2373300553212365,0.0012065377835086544,22.48123271434217,-20.79207920792079,-0.07294580080193708,-1.0,-0.07294580080193708,0.5289473684210526,0.4573684210526316,0.01368421052631579,0.44240196240601504,ema,premkt,nextopen,atr,1R
ema|premkt|nextopen|atr|2R,1900,-0.36965756902747454,-2.6117683330851738,7.060475972248904,0.32421052631578945,-702.3493811522017,-2.2821407415574573,0.022481032318540706,42.50288924558588,-20.79207920792079,-0.06375903850051176,-1.0,-0.06375903850051176,0.66,0.28842105263157897,0.05157894736842105,0.44240196240601504,ema,premkt,nextopen,atr,2R
ema|premkt|nextopen|atr|3R,1900,-0.42605449304860876,-2.8382674454875967,8.223699099516248,0.26894736842105266,-809.5035367923566,-2.2582641426527656,0.02392919639680846,53.07119087235559,-21.25144462279294,-0.05653559041708653,-1.0,-0.05653559041708653,0.7073684210526315,0.19473684210526315,0.09789473684210526,0.44240196240601504,ema,premkt,nextopen,atr,3R
ema|premkt|nextopen|atr|eod,1900,-0.12375568704157705,-3.015137806731066,15.606816566376068,0.22473684210526315,-235.1358053789964,-0.3456428998242138,0.7296111014109137,233.39140534262484,-21.25144462279294,0.018447013532342394,-1.0,0.018447013532342394,0.7468421052631579,0.0,0.2531578947368421,0.44240196240601504,ema,premkt,nextopen,atr,eod
ema|premkt|nextopen|atr|trail,1900,-0.23925600414069556,-1.0683728720216168,6.079605500825694,0.3436842105263158,-454.58640786732155,-1.7153954208755844,0.08627275438595561,140.9239030612245,-20.79207920792079,-0.052051627405995525,-0.3419704992195908,-0.052051627405995525,0.9952631578947368,0.0,0.004736842105263158,0.44240196240601504,ema,premkt,nextopen,atr,trail
ema|premkt|nextopen|c20|1R,2007,-0.14830952919062898,-0.8588077172461461,3.4745316174672505,0.4653712007972098,-297.65722508559236,-1.9122579470559868,0.05584311684711585,9.828166519043414,-8.62068965517242,-0.06907847533632289,-1.0,-0.06907847533632289,0.5117090184354758,0.4479322371699053,0.04035874439461883,0.19999999999999976,ema,premkt,nextopen,c20,1R
ema|premkt|nextopen|c20|2R,2007,-0.19619704238384328,-1.3850415512465353,4.5816043528356705,0.3303437967115097,-393.7674640643735,-1.9184414963623722,0.05505505361721519,16.806722689075638,-8.62068965517242,-0.05937867463876437,-1.0,-0.05937867463876437,0.6372695565520677,0.2815146985550573,0.08121574489287493,0.19999999999999976,ema,premkt,nextopen,c20,2R
ema|premkt|nextopen|c20|3R,2007,-0.1729339278813059,-1.5822784810126556,5.354540137723593,0.27204783258594917,-347.07839325778093,-1.4468773352673285,0.14793128201197625,23.809523809523835,-8.62068965517242,-0.05271748878923772,-1.0,-0.05271748878923772,0.693074240159442,0.19581464872944693,0.1111111111111111,0.19999999999999976,ema,premkt,nextopen,c20,3R
ema|premkt|nextopen|c20|eod,2007,0.2048041718299958,-1.7467248908296873,11.981035805449848,0.18883906327852515,411.0419728628016,0.76580486162314,0.44379242104388483,209.99999999999997,-14.037854889589896,0.29087917289486986,-1.0,0.29087917289486986,0.772795216741405,0.0,0.22720478325859492,0.19999999999999976,ema,premkt,nextopen,c20,eod
ema|premkt|nextopen|c20|trail,2007,-0.13347999458129683,-0.7304601899196461,3.3292151073381717,0.3721973094170404,-267.89434912466277,-1.7961723634142104,0.07246710859057504,25.286448044251287,-8.405172413793094,-0.021154957648229993,-0.3749999999999978,-0.021154957648229993,0.9730941704035875,0.0,0.026905829596412557,0.19999999999999976,ema,premkt,nextopen,c20,trail
ema|premkt|nextopen|pullback|1R,1375,0.23344425328576704,-0.1458434613514914,5.89863817143859,0.4749090909090909,320.98584826792967,1.4675157788300581,0.14223580011490267,42.89285714285713,-30.116758241758255,-0.03866624317031286,-0.5875843960990237,-0.03866624317031286,0.49018181818181816,0.4552727272727273,0.05454545454545454,0.4551146181818182,ema,premkt,nextopen,pullback,1R
ema|premkt|nextopen|pullback|2R,1375,0.26686264153594896,-0.8291873963515717,8.062892245840832,0.3461818181818182,366.93613211192985,1.2272930470093784,0.21971246797695754,84.00000000000001,-30.116758241758255,-0.010522007536434664,-1.0,-0.010522007536434664,0.6087272727272727,0.288,0.10327272727272727,0.4551146181818182,ema,premkt,nextopen,pullback,2R
ema|premkt|nextopen|pullback|3R,1375,0.3959114964892377,-1.071080817916259,10.12990011971166,0.288,544.3783076727018,1.4492533028898413,0.1472668567663118,126.00000000000003,-30.116758241758255,-0.00024075648984475865,-1.0,-0.00024075648984475865,0.6654545454545454,0.20145454545454544,0.1330909090909091,0.4551146181818182,ema,premkt,nextopen,pullback,3R
ema|premkt|nextopen|pullback|eod,1375,0.9282751429759203,-1.2961397576782163,19.79947262747595,0.20872727272727273,1276.3783215918904,1.73849900966381,0.08212292444099845,531.7073170731708,-30.116758241758255,0.45694197306344936,-1.0,0.45694197306344936,0.7447272727272727,0.0,0.25527272727272726,0.4551146181818182,ema,premkt,nextopen,pullback,eod
ema|premkt|nextopen|pullback|trail,1375,0.1936475268274046,-0.3859513701273687,6.986307887893441,0.36872727272727274,266.26534938768134,1.0278164937275949,0.30403615619284863,100.69398513312078,-26.111111111111107,0.02979044959474958,-0.39088122605363956,0.02979044959474958,0.9629090909090909,0.0,0.03709090909090909,0.4551146181818182,ema,premkt,nextopen,pullback,trail
ema|premkt|trigger|atr|1R,1869,-1.7972343476914951,-2.7444662005545073,4.639070534810922,0.2974852862493312,-3359.0309958354046,-16.748595150479932,0.0,13.503279019873805,-17.927663734115352,-0.4210220860454184,-1.0,-0.4210220860454184,0.6982343499197432,0.29373996789727125,0.008025682182985553,0.43288731177864403,ema,premkt,trigger,atr,1R
ema|premkt|trigger|atr|2R,1869,-1.7423609281462653,-3.0211480362537624,6.001586051943603,0.2092027822364901,-3256.47257470537,-12.550953969915177,0.0,35.22915516289342,-17.927663734115352,-0.41758074060621014,-1.0,-0.41758074060621014,0.7806313536650615,0.1819154628143392,0.03745318352059925,0.43288731177864403,ema,premkt,trigger,atr,2R
ema|premkt|trigger|atr|3R,1869,-1.76853288734537,-3.128372621414377,6.8360528748035625,0.17442482611021937,-3305.3879664484966,-11.184391938139068,0.0,39.34457142857144,-17.927663734115352,-0.41250577426442253,-1.0,-0.41250577426442253,0.8132691278758695,0.12413055109684323,0.06260032102728733,0.43288731177864403,ema,premkt,trigger,atr,3R
ema|premkt|trigger|atr|eod,1869,-1.2175671064748472,-3.2497798132816613,18.38787589214406,0.1471375066880685,-2275.6329220014895,-2.862635110412794,0.004201340924259167,552.3929471032745,-17.927663734115352,-0.321285540538584,-1.0,-0.321285540538584,0.8378812199036918,0.0,0.16211878009630817,0.43288731177864403,ema,premkt,trigger,atr,eod
ema|premkt|trigger|atr|trail,1869,-1.6178873511866494,-2.154538021259189,6.030854147854419,0.20706260032102727,-3023.831459367848,-11.597759666337154,0.0,167.79949526456082,-14.437500000000004,-0.39224160723722734,-0.7128205128205125,-0.39224160723722734,0.9962546816479401,0.0,0.003745318352059925,0.43288731177864403,ema,premkt,trigger,atr,trail
ema|premkt|trigger|c20|1R,1971,-1.3758876117441148,-1.787310098302053,3.4432043395874112,0.28056823947234905,-2711.8744827476503,-17.740402764284234,0.0,8.771160424524172,-14.437500000000004,-0.5866118721461189,-1.0,-0.5866118721461189,0.702181633688483,0.26686960933536275,0.030948756976154235,0.19999999999999973,ema,premkt,trigger,c20,1R
ema|premkt|trigger|c20|2R,1971,-1.5136350297456922,-2.04301075268819,4.054897509144008,0.1887366818873668,-2983.3746436287593,-16.572369222839473,0.0,16.736401673640188,-14.437500000000004,-0.6355700152207002,-1.0,-0.6355700152207002,0.7884322678843226,0.1476407914764079,0.0639269406392694,0.19999999999999973,ema,premkt,trigger,c20,2R
ema|premkt|trigger|c20|3R,1971,-1.4916580893173939,-2.1052631578947323,4.56375016417279,0.15930999492643327,-2940.0580940445834,-14.510779346981627,0.0,23.71166613974076,-14.437500000000004,-0.6351628614916287,-1.0,-0.6351628614916287,0.8148148148148148,0.1019786910197869,0.08320649416539827,0.19999999999999973,ema,premkt,trigger,c20,3R
ema|premkt|trigger|c20|eod,1971,-1.3998726837378404,-2.1788129226145814,8.471916753641533,0.1187214611872146,-2759.149059647283,-7.335845422773032,2.2026824808563106e-13,208.53080568720372,-14.437500000000004,-0.5446385083713844,-1.0,-0.5446385083713844,0.8538812785388128,0.0,0.1461187214611872,0.19999999999999973,ema,premkt,trigger,c20,eod
ema|premkt|trigger|c20|trail,1971,-1.3970080296618848,-1.5222218646413266,3.1723114740883687,0.2100456621004566,-2753.502826463575,-19.55088370701647,0.0,22.448979591836714,-14.437500000000004,-0.58891704718417,-0.8185000000000012,-0.58891704718417,0.9771689497716894,0.0,0.0228310502283105,0.19999999999999973,ema,premkt,trigger,c20,trail
ema|premkt|trigger|pullback|1R,1929,-1.5327098296673067,-1.4406358668653696,5.958162843467896,0.27786417833074134,-2956.5972614282346,-11.298315230287026,0.0,47.21875,-43.47222222222222,15321343988.204134,-1.0,15321343988.204134,0.6946604458268533,0.2576464489372732,0.04769310523587351,0.43689284603421474,ema,premkt,trigger,pullback,1R
ema|premkt|trigger|pullback|2R,1929,-1.5446068781650306,-1.7585567947418057,7.316479370112819,0.19595645412130638,-2979.546667980344,-9.27218153539621,0.0,94.43750000000001,-43.47222222222222,15321343988.1587,-1.0,15321343988.1587,0.7719025401762571,0.14981855883877657,0.0782789009849663,0.43689284603421474,ema,premkt,trigger,pullback,2R
ema|premkt|trigger|pullback|3R,1929,-1.4545479890464201,-1.8245614035087732,8.307783816071217,0.17003628823224468,-2805.8230708705446,-7.6896926394966965,1.4654943925052066e-14,106.58991663358472,-43.47222222222222,15321343988.155926,-1.0,15321343988.155926,0.7967858994297563,0.104199066874028,0.09901503369621566,0.43689284603421474,ema,premkt,trigger,pullback,3R
ema|premkt|trigger|pullback|eod,1929,-1.2602015638250383,-1.9151138716356098,16.144621872485764,0.12078797304302748,-2430.928816618499,-3.428295513054878,0.000607383914511983,552.3929471032745,-43.47222222222222,0.303013295405689,-1.0,0.303013295405689,0.8460342146189735,0.0,0.15396578538102643,0.43689284603421474,ema,premkt,trigger,pullback,eod
ema|premkt|trigger|pullback|trail,1929,-1.439565053226609,-1.3183279742765341,6.853487561895712,0.20580611715914982,-2776.920987674129,-9.225412203290716,0.0,142.35807860262008,-43.47222222222222,19698870842.255447,-0.8693994280266913,19698870842.255447,0.9631933644375325,0.0,0.0368066355624676,0.43689284603421474,ema,premkt,trigger,pullback,trail
ema|rth|nextopen|atr|1R,2040,-0.21291217776471927,-1.4427183015436607,5.04803985347923,0.4759803921568627,-434.3408426400273,-1.9049904854402067,0.05678130790501301,22.48123271434217,-20.79207920792079,-0.04632822401040094,-1.0,-0.04632822401040094,0.5181372549019608,0.47205882352941175,0.00980392156862745,0.4070311589635855,ema,rth,nextopen,atr,1R
ema|rth|nextopen|atr|2R,2040,-0.19173079900368847,-2.6145774768485786,6.891910477644682,0.3323529411764706,-391.1308299675245,-1.2565140186327233,0.20892966653533573,33.740193704600465,-20.79207920792079,-0.030644308855308684,-1.0,-0.030644308855308684,0.6558823529411765,0.30392156862745096,0.04019607843137255,0.4070311589635855,ema,rth,nextopen,atr,2R
ema|rth|nextopen|atr|3R,2040,-0.20762797380362663,-2.884983026436899,8.253173297641176,0.26862745098039215,-423.56106655939834,-1.1362659305465337,0.2558452848353445,50.610290556900715,-20.79207920792079,-0.04610617783129201,-1.0,-0.04610617783129201,0.711764705882353,0.20147058823529412,0.08676470588235294,0.4070311589635855,ema,rth,nextopen,atr,3R
ema|rth|nextopen|atr|eod,2040,-0.1270790956502211,-3.1059579066153087,14.937118907990191,0.21715686274509804,-259.241355126451,-0.38425750719029134,0.7007875992046992,233.39140534262484,-20.79207920792079,-0.006567127063786797,-1.0,-0.006567127063786797,0.7588235294117647,0.0,0.2411764705882353,0.4070311589635855,ema,rth,nextopen,atr,eod
ema|rth|nextopen|atr|trail,2040,-0.07382124191557181,-1.0216503151143697,5.195447608177549,0.35637254901960785,-150.5953335077665,-0.6417612066640406,0.5210282413914848,57.76788024394752,-20.79207920792079,-0.023503846855333764,-0.32336941501478755,-0.023503846855333764,0.9955882352941177,0.0,0.004411764705882353,0.4070311589635855,ema,rth,nextopen,atr,trail
ema|rth|nextopen|c20|1R,2150,-0.12599640923774413,-0.8659030688019542,3.616596531218498,0.47069767441860466,-270.89227986114986,-1.6153898022452617,0.10622630723395976,9.828166519043414,-8.695652173913048,-0.058554651162790676,-1.0,-0.058554651162790676,0.5088372093023256,0.45395348837209304,0.037209302325581395,0.1999999999999998,ema,rth,nextopen,c20,1R
ema|rth|nextopen|c20|2R,2150,-0.2204598013794177,-1.478785747773087,4.767293204127102,0.3302325581395349,-473.98857296574806,-2.1442567134485917,0.032012323114748,17.160753357072387,-8.695652173913048,-0.061748139534883735,-1.0,-0.061748139534883735,0.6413953488372093,0.2804651162790698,0.07813953488372093,0.1999999999999998,ema,rth,nextopen,c20,2R
ema|rth|nextopen|c20|3R,2150,-0.19993727065202707,-1.6569642299886889,5.589329703504999,0.27209302325581397,-429.8651319018582,-1.6586443003128437,0.09718748938049404,25.741130035608585,-8.695652173913048,-0.05793465116279073,-1.0,-0.05793465116279073,0.6972093023255814,0.19395348837209303,0.10883720930232559,0.1999999999999998,ema,rth,nextopen,c20,3R
ema|rth|nextopen|c20|eod,2150,0.05989049977515541,-1.8674136321195078,11.255800955587686,0.18930232558139534,128.76457451658413,0.24671795841576516,0.8051265073144187,212.23021582733816,-9.090909090909104,0.2359560465116296,-1.0,0.2359560465116296,0.7767441860465116,0.0,0.22325581395348837,0.1999999999999998,ema,rth,nextopen,c20,eod
ema|rth|nextopen|c20|trail,2150,-0.03127273977183336,-0.7427468090975164,3.826472347153116,0.37813953488372093,-67.23639050944173,-0.3789540752446122,0.7047219673817289,62.55555555555554,-8.405172413793094,0.06412418604651186,-0.3500000000000011,0.06412418604651186,0.9744186046511628,0.0,0.02558139534883721,0.1999999999999998,ema,rth,nextopen,c20,trail
ema|rth|nextopen|pullback|1R,1407,0.2383689791225377,-0.1028453890983938,6.043901666445625,0.48116560056858565,335.38515362541057,1.4793788156391492,0.13903909873060183,34.20203844665204,-30.116758241758255,-0.02285588107779221,-0.2999999999999997,-0.02285588107779221,0.48329779673063256,0.4626865671641791,0.05401563610518834,0.4480941719971571,ema,rth,nextopen,pullback,1R
ema|rth|nextopen|pullback|2R,1407,0.1595665297766782,-0.8784773060029227,7.878111386782413,0.34541577825159914,224.51010739578624,0.7597430431443901,0.4474081944992512,63.70217166494312,-30.116758241758255,-0.009327729564395317,-1.0,-0.009327729564395317,0.6076759061833689,0.287135749822317,0.10518834399431415,0.4480941719971571,ema,rth,nextopen,pullback,2R
ema|rth|nextopen|pullback|3R,1407,0.3530690013404358,-1.1183048852266064,9.669604079080363,0.2942430703624733,496.7680848859932,1.3696132397290581,0.1708076644825791,95.55325749741468,-30.116758241758255,0.027300918131971618,-1.0,0.027300918131971618,0.6588486140724946,0.208955223880597,0.13219616204690832,0.4480941719971571,ema,rth,nextopen,pullback,3R
ema|rth|nextopen|pullback|eod,1407,0.6496356091609159,-1.4137541505494067,18.91199779110886,0.20966595593461265,914.0373020894086,1.2884852834073484,0.19757708845730004,531.7073170731708,-30.116758241758255,0.465431037343291,-1.0,0.465431037343291,0.7420042643923241,0.0,0.2579957356076759,0.4480941719971571,ema,rth,nextopen,pullback,eod
ema|rth|nextopen|pullback|trail,1407,0.15724862781115587,-0.3745318352059823,6.450035725256841,0.3717128642501777,221.2488193302963,0.9144749069359049,0.36046735729436064,100.69398513312078,-26.111111111111107,0.002526000756542599,-0.36031746031746165,0.002526000756542599,0.9651741293532339,0.0,0.03482587064676617,0.4480941719971571,ema,rth,nextopen,pullback,trail
ema|rth|trigger|atr|1R,1993,-1.9706330775761185,-2.880558965159097,4.430862482409339,0.26693426994480685,-3927.471723609204,-19.85505736967641,0.0,15.131578947368428,-17.927663734115352,-0.4863209541008646,-1.0,-0.4863209541008646,0.7300551931761164,0.26342197691921726,0.006522829904666332,0.39814203282918786,ema,rth,trigger,atr,1R
ema|rth|trigger|atr|2R,1993,-1.8976857739478905,-3.140180776767554,5.708445246559922,0.18866031108881084,-3782.087747478146,-14.840895649542832,0.0,26.22971428571428,-17.927663734115352,-0.47764325058459595,-1.0,-0.47764325058459595,0.8033115905669844,0.16708479678876068,0.02960361264425489,0.39814203282918786,ema,rth,trigger,atr,2R
ema|rth|trigger|atr|3R,1993,-1.8862162871040313,-3.236067286108524,6.656309854174875,0.1535373808329152,-3759.2290601983345,-12.650614145260022,0.0,39.34457142857144,-17.927663734115352,-0.47697217650247414,-1.0,-0.47697217650247414,0.8369292523833417,0.11490215755143,0.0481685900652283,0.39814203282918786,ema,rth,trigger,atr,3R
ema|rth|trigger|atr|eod,1993,-1.5309657399590804,-3.3342151675485154,16.797783275629097,0.12844957350727546,-3051.214719738447,-4.068807541381256,4.725435881414164e-05,552.3929471032745,-17.927663734115352,-0.4224421228960472,-1.0,-0.4224421228960472,0.8600100351229303,0.0,0.13998996487706974,0.39814203282918786,ema,rth,trigger,atr,eod
ema|rth|trigger|atr|trail,1993,-1.8421227876684914,-2.286014676221937,4.253142932975401,0.18715504264927246,-3671.3507158233033,-19.335804495012823,0.0,59.859476861166996,-13.520587007928786,-0.45385067485415653,-0.753051241867313,-0.45385067485415653,0.9959859508278976,0.0,0.004014049172102358,0.39814203282918786,ema,rth,trigger,atr,trail
ema|rth|trigger|c20|1R,2098,-1.570705665453627,-1.9502723344693218,3.5668896349013304,0.2650142993326978,-3295.3404861217095,-20.17009205667934,0.0,15.131578947368428,-11.71477079796266,-0.6253960915157294,-1.0,-0.6253960915157294,0.719256434699714,0.2521448999046711,0.028598665395614873,0.1999999999999998,ema,rth,trigger,c20,1R
ema|rth|trigger|c20|2R,2098,-1.7088381688949994,-2.216067162181734,4.188576532574339,0.17349857006673022,-3585.1424783417087,-18.686898328446613,0.0,16.806722689075638,-11.71477079796266,-0.6806832697807438,-1.0,-0.6806832697807438,0.8040991420400382,0.1363203050524309,0.05958055290753098,0.1999999999999998,ema,rth,trigger,c20,2R
ema|rth|trigger|c20|3R,2098,-1.7081130559133473,-2.280697030012091,4.685552297286283,0.14537654909437558,-3583.6211913062025,-16.697773456977682,0.0,25.210084033613466,-11.71477079796266,-0.6839230219256437,-1.0,-0.6839230219256437,0.8288846520495711,0.09342230695900858,0.0776930409914204,0.1999999999999998,ema,rth,trigger,c20,3R
ema|rth|trigger|c20|eod,2098,-1.7225234081504261,-2.3453534704149126,7.112717087937041,0.109628217349857,-3613.854110299594,-11.092574127448087,0.0,141.65470208183777,-11.71477079796266,-0.6311870829361292,-1.0,-0.6311870829361292,0.8632030505243089,0.0,0.13679694947569113,0.1999999999999998,ema,rth,trigger,c20,eod
ema|rth|trigger|c20|trail,2098,-1.5859661852016893,-1.6454022865538431,3.2483914570099364,0.19733079122974262,-3327.357056553144,-22.36290946798995,0.0,22.448979591836714,-11.71477079796266,-0.6291749285033363,-0.8615000000000009,-0.6291749285033363,0.9780743565300286,0.0,0.0219256434699714,0.1999999999999998,ema,rth,trigger,c20,trail
ema|rth|trigger|pullback|1R,2053,-1.834545836428334,-1.7097924476547455,5.934623357426583,0.25962006819288846,-3766.3226021873697,-14.006508213802148,0.0,39.695945945945944,-43.47222222222222,2056563394.5458696,-1.0,2056563394.5458696,0.7121285923039454,0.23964929371651242,0.04822211397954213,0.4339656113005359,ema,rth,trigger,pullback,1R
ema|rth|trigger|pullback|2R,2053,-1.882367677054072,-1.9596541786743527,7.160059551284323,0.18119824646858257,-3864.50084099201,-11.911934509423414,0.0,64.08125577100645,-43.47222222222222,2056563394.4968274,-1.0,2056563394.4968274,0.7856794934242571,0.1358986848514369,0.0784218217243059,0.4339656113005359,ema,rth,trigger,pullback,2R
ema|rth|trigger|pullback|3R,2053,-1.8254348852364914,-2.0304568527918843,8.1554156478665,0.15781782756941062,-3747.617819390517,-10.14179249498413,0.0,96.12188365650971,-43.47222222222222,2056563394.490734,-1.0,2056563394.490734,0.8090599123234291,0.09352167559668777,0.0974184120798831,0.4339656113005359,ema,rth,trigger,pullback,3R
ema|rth|trigger|pullback|eod,2053,-1.6507782312009036,-2.0952380952380945,15.403320626818484,0.1164150024354603,-3389.047708655455,-4.855890136426726,1.198471391461453e-06,552.3929471032745,-43.47222222222222,0.29231167355860943,-1.0,0.29231167355860943,0.8504627374573794,0.0,0.14953726254262056,0.4339656113005359,ema,rth,trigger,pullback,eod
ema|rth|trigger|pullback|trail,2053,-1.835330492450032,-1.5235042735042503,5.740463547255931,0.18655625913297613,-3767.933500999916,-14.486443980553027,0.0,75.99261311172667,-43.47222222222222,7540732448.910721,-0.8871969075787755,7540732448.910721,0.964929371651242,0.0,0.03507062834875792,0.4339656113005359,ema,rth,trigger,pullback,trail
sma|premkt|nextopen|atr|1R,1884,-0.3177303196575864,-1.4176081790202022,5.2438485131585555,0.47611464968152867,-598.6039222348928,-2.629958962202553,0.008539517588227685,22.48123271434217,-20.79207920792079,-0.04858852851922196,-1.0,-0.04858852851922196,0.5180467091295117,0.4697452229299363,0.012208067940552018,0.44702492417349105,sma,premkt,nextopen,atr,1R
sma|premkt|nextopen|atr|2R,1884,-0.3054406561032958,-2.5924640533173173,7.141896594373228,0.3317409766454352,-575.4501960986092,-1.8563238106257178,0.06340741719116605,42.50288924558588,-20.79207920792079,-0.04350143138118447,-1.0,-0.04350143138118447,0.6523354564755839,0.2935244161358811,0.054140127388535034,0.44702492417349105,sma,premkt,nextopen,atr,2R
sma|premkt|nextopen|atr|3R,1884,-0.35556885745323996,-2.831013444477959,8.316694096886469,0.2770700636942675,-669.8917274419041,-1.8557242278249597,0.06349287563196926,50.610290556900715,-21.25144462279294,-0.03445201969810416,-1.0,-0.03445201969810416,0.6990445859872612,0.19745222929936307,0.1035031847133758,0.44702492417349105,sma,premkt,nextopen,atr,3R
sma|premkt|nextopen|atr|eod,1884,-0.02817031140968448,-3.015137806731066,15.849547477435399,0.23195329087048833,-53.07286669584556,-0.07714632278279213,0.9385071425249658,233.39140534262484,-21.25144462279294,0.049915577263798666,-1.0,0.049915577263798666,0.7393842887473461,0.0,0.2606157112526539,0.44702492417349105,sma,premkt,nextopen,atr,eod
sma|premkt|nextopen|atr|trail,1884,-0.19958633621549854,-1.0375575278070814,6.074175915892788,0.35403397027600847,-376.02065742999923,-1.4262113545278952,0.15380734309151434,140.9239030612245,-20.79207920792079,-0.033706310175849,-0.32731603423786837,-0.033706310175849,0.994692144373673,0.0,0.005307855626326964,0.44702492417349105,sma,premkt,nextopen,atr,trail
sma|premkt|nextopen|c20|1R,1930,-0.11877995978375927,-0.8347600219109241,3.489563057361957,0.47253886010362695,-229.2453223826554,-1.495377279784335,0.13481600667629312,8.598452278589864,-8.62068965517242,-0.05343626943005184,-1.0,-0.05343626943005184,0.5041450777202072,0.4564766839378238,0.039378238341968914,0.19999999999999976,sma,premkt,nextopen,c20,1R
sma|premkt|nextopen|c20|2R,1930,-0.15118069402202122,-1.3898708453582709,4.63292489376145,0.33575129533678755,-291.77873946250094,-1.4335727247650178,0.15169423166223983,16.806722689075638,-8.62068965517242,-0.04575103626943011,-1.0,-0.04575103626943011,0.6326424870466322,0.2839378238341969,0.08341968911917098,0.19999999999999976,sma,premkt,nextopen,c20,2R
sma|premkt|nextopen|c20|3R,1930,-0.1621379865892661,-1.5866722052289006,5.380881550631809,0.2751295336787565,-312.92631411728354,-1.3237622686261254,0.18558201087105752,23.809523809523835,-8.62068965517242,-0.04747616580310885,-1.0,-0.04747616580310885,0.6911917098445596,0.19533678756476683,0.11347150259067358,0.19999999999999976,sma,premkt,nextopen,c20,3R
sma|premkt|nextopen|c20|eod,1930,0.29163840999962204,-1.753234627594208,12.318471212911861,0.19378238341968912,562.8621312992706,1.040079564358476,0.2983029370670185,209.99999999999997,-14.037854889589896,0.34459404145077915,-1.0,0.34459404145077915,0.7689119170984456,0.0,0.23108808290155441,0.19999999999999976,sma,premkt,nextopen,c20,eod
sma|premkt|nextopen|c20|trail,1930,-0.10825363038541126,-0.6748488017935428,3.3288197341163963,0.37927461139896373,-208.92950664384372,-1.4286664523460406,0.15310012444312093,25.286448044251287,-8.405172413793094,-0.007462176165801946,-0.34999999999999887,-0.007462176165801946,0.9730569948186528,0.0,0.02694300518134715,0.19999999999999976,sma,premkt,nextopen,c20,trail
sma|premkt|nextopen|pullback|1R,1296,0.1451644193214361,-0.11262287858759823,5.832601374799833,0.48148148148148145,188.13308744058116,0.895984271812343,0.37026116348663773,42.89285714285713,-35.91644204851752,-0.02842707877042078,-0.3348729978795171,-0.02842707877042078,0.4868827160493827,0.46219135802469136,0.05092592592592592,0.4423344907407408,sma,premkt,nextopen,pullback,1R
sma|premkt|nextopen|pullback|2R,1296,0.11668358028852688,-0.8037371562937767,7.856979295575818,0.35108024691358025,151.22192005393083,0.534634079124058,0.5929029133672965,84.00000000000001,-35.91644204851752,0.0002945074578006089,-1.0,0.0002945074578006089,0.6080246913580247,0.29398148148148145,0.09799382716049383,0.4423344907407408,sma,premkt,nextopen,pullback,2R
sma|premkt|nextopen|pullback|3R,1296,0.2009444652704907,-1.0482226363348668,9.686505326195224,0.29398148148148145,260.42402699055594,0.7468122409611185,0.45517690554451407,126.00000000000003,-35.91644204851752,0.02424944624538101,-1.0,0.02424944624538101,0.6643518518518519,0.20910493827160495,0.12654320987654322,0.4423344907407408,sma,premkt,nextopen,pullback,3R
sma|premkt|nextopen|pullback|eod,1296,0.5413354911091343,-1.2673898477250645,13.999803833390084,0.2052469135802469,701.570796477438,1.392025053483178,0.1639148114420823,201.82701446826482,-35.91644204851752,0.5439119558850704,-1.0,0.5439119558850704,0.7523148148148148,0.0,0.24768518518518517,0.4423344907407408,sma,premkt,nextopen,pullback,eod
sma|premkt|nextopen|pullback|trail,1296,-0.06609160001583575,-0.37444436898499966,6.021060426387079,0.3765432098765432,-85.65471362052313,-0.39516255145736484,0.6927229279368738,100.0,-34.83827493261455,0.048260164545329685,-0.38278388278390973,0.048260164545329685,0.9691358024691358,0.0,0.030864197530864196,0.4423344907407408,sma,premkt,nextopen,pullback,trail
sma|premkt|trigger|atr|1R,1852,-1.7205953250405626,-2.743089243673469,4.743068484766545,0.31101511879049676,-3186.542541975122,-15.611327488847868,0.0,14.537310924369763,-17.927663734115352,-0.3957035329123504,-1.0,-0.3957035329123504,0.6857451403887689,0.30615550755939525,0.008099352051835854,0.4375846228016045,sma,premkt,trigger,atr,1R
sma|premkt|trigger|atr|2R,1852,-1.6757225493356989,-3.032923398752796,6.119791280929672,0.21976241900647947,-3103.438161369714,-11.783817136406705,0.0,29.0746218487395,-17.927663734115352,-0.3895249262555839,-1.0,-0.3895249262555839,0.7678185745140389,0.18844492440604751,0.04373650107991361,0.4375846228016045,sma,premkt,trigger,atr,2R
sma|premkt|trigger|atr|3R,1852,-1.7196656918349402,-3.1411183187867064,6.999342154072223,0.18250539956803455,-3184.820861278309,-10.573220617726733,0.0,43.61193277310926,-17.927663734115352,-0.39066688706054314,-1.0,-0.39066688706054314,0.8029157667386609,0.12526997840172785,0.07181425485961124,0.4375846228016045,sma,premkt,trigger,atr,3R
sma|premkt|trigger|atr|eod,1852,-1.4404476814945,-3.2630482701521633,13.44683889578341,0.15550755939524838,-2667.709106127814,-4.609966594695856,4.027336783618551e-06,242.1334922526818,-17.927663734115352,-0.3281080196822234,-1.0,-0.3281080196822234,0.8277537796976242,0.0,0.1722462203023758,0.4375846228016045,sma,premkt,trigger,atr,eod
sma|premkt|trigger|atr|trail,1852,-1.5854757924124652,-2.1481248901074776,5.824279686627048,0.21544276457883368,-2936.3011675478856,-11.714881088156009,0.0,167.79949526456082,-16.900542530733198,-0.380199781973958,-0.7112487942700023,-0.380199781973958,0.9956803455723542,0.0,0.004319654427645789,0.4375846228016045,sma,premkt,trigger,atr,trail
sma|premkt|trigger|c20|1R,1897,-1.3421619625275103,-1.7636684303350858,3.4637622502186742,0.28255139694254083,-2546.081242914687,-16.876816067466017,0.0,8.658008658008676,-14.437500000000004,-0.5897005798629416,-1.0,-0.5897005798629416,0.7000527148128625,0.26779124934106485,0.032156035846072746,0.19999999999999976,sma,premkt,trigger,c20,1R
sma|premkt|trigger|c20|2R,1897,-1.4856360870146443,-2.0435069215557045,4.0877050595427855,0.1929362150764365,-2818.2516570667804,-15.82947652011672,0.0,16.736401673640188,-14.437500000000004,-0.6346120189773327,-1.0,-0.6346120189773327,0.7843964153927253,0.1481286241433843,0.06747496046389036,0.19999999999999976,sma,premkt,trigger,c20,2R
sma|premkt|trigger|c20|3R,1897,-1.4533793552282945,-2.1097046413502074,4.6281410356801995,0.1639430680021086,-2757.0606368680747,-13.677479338012619,0.0,23.71166613974076,-14.437500000000004,-0.6314594095940961,-1.0,-0.6314594095940961,0.8107538218239325,0.10279388508170796,0.08645229309435952,0.19999999999999976,sma,premkt,trigger,c20,3R
sma|premkt|trigger|c20|eod,1897,-1.3272749651226023,-2.1857923497267673,8.848953480380173,0.12229836584080127,-2517.840608837577,-6.5328495457724,6.452993694949782e-11,208.53080568720372,-14.437500000000004,-0.5119375329467574,-1.0,-0.5119375329467574,0.8508170795993675,0.0,0.14918292040063258,0.19999999999999976,sma,premkt,trigger,c20,eod
sma|premkt|trigger|c20|trail,1897,-1.3654319212882877,-1.4705882352941124,3.2108184135302125,0.2150764364786505,-2590.2243546838818,-18.522003936381818,0.0,22.448979591836714,-14.437500000000004,-0.5814567738534524,-0.8000000000000036,-0.5814567738534524,0.9773326304691619,0.0,0.022667369530838165,0.19999999999999976,sma,premkt,trigger,c20,trail
sma|premkt|trigger|pullback|1R,1852,-1.6650348911938406,-1.4374713728299293,5.800881660034349,0.26241900647948163,-3083.644618490993,-12.352356692059766,0.0,47.21875,-43.47222222222222,13678589580.236094,-1.0,13678589580.236094,0.712742980561555,0.24406047516198703,0.04319654427645788,0.4216163606911447,sma,premkt,trigger,pullback,1R
sma|premkt|trigger|pullback|2R,1852,-1.6827140715570155,-1.731961413566202,6.941646915608684,0.18898488120950324,-3116.3864605235926,-10.432017285638695,0.0,94.43750000000001,-43.47222222222222,13678589580.203264,-1.0,13678589580.203264,0.7823974082073434,0.1447084233261339,0.07289416846652268,0.4216163606911447,sma,premkt,trigger,pullback,2R
sma|premkt|trigger|pullback|3R,1852,-1.6184509765085093,-1.7771375083330154,7.6433198753524865,0.1625269978401728,-2997.3712084937592,-9.112509725602079,0.0,106.58991663358472,-43.47222222222222,13678589580.200367,-1.0,13678589580.200367,0.8077753779697624,0.1009719222462203,0.09125269978401727,0.4216163606911447,sma,premkt,trigger,pullback,3R
sma|premkt|trigger|pullback|eod,1852,-1.6434334836686704,-1.854421151369734,9.872609997120843,0.11339092872570194,-3043.6388117543775,-7.1637536232211305,7.849276784099857e-13,196.06353591160217,-43.47222222222222,0.24094523696106432,-1.0,0.24094523696106432,0.8569114470842333,0.0,0.14308855291576675,0.4216163606911447,sma,premkt,trigger,pullback,eod
sma|premkt|trigger|pullback|trail,1852,-1.5835220311575824,-1.2956803094365144,6.354602076225323,0.19114470842332612,-2932.6828017038424,-10.72398606155972,0.0,142.35807860262008,-43.47222222222222,12158746293.538168,-0.8861561119293083,12158746293.538168,0.968682505399568,0.0,0.03131749460043196,0.4216163606911447,sma,premkt,trigger,pullback,trail
sma|rth|nextopen|atr|1R,2013,-0.17226876111988154,-1.3260331714468943,5.046804754359876,0.4828614008941878,-346.77701613432157,-1.5314820621842287,0.12565029637187308,22.48123271434217,-20.79207920792079,-0.03451125423995732,-1.0,-0.03451125423995732,0.5126676602086438,0.4778936910084451,0.009438648782911079,0.41020220708253496,sma,rth,nextopen,atr,1R
sma|rth|nextopen|atr|2R,2013,-0.14562949546482465,-2.591329505106743,6.906799139038481,0.3373075012419275,-293.152174370692,-0.946007122322962,0.34414495350883145,33.740193704600465,-20.79207920792079,-0.020040783656908208,-1.0,-0.020040783656908208,0.6502732240437158,0.30601092896174864,0.04371584699453552,0.41020220708253496,sma,rth,nextopen,atr,2R
sma|rth|nextopen|atr|3R,2013,-0.15512748317871464,-2.8726917906544913,8.270437940400283,0.27421758569299554,-312.27162363875254,-0.8415542677641441,0.4000374968094693,50.610290556900715,-20.79207920792079,-0.03113769281416088,-1.0,-0.03113769281416088,0.7059115747640338,0.20367610531544958,0.09041231992051664,0.41020220708253496,sma,rth,nextopen,atr,3R
sma|rth|nextopen|atr|eod,2013,0.028190072969264363,-3.1022460708421185,15.262317884765976,0.22255340288127173,56.746616887129164,0.08287004842911903,0.9339548699909377,233.39140534262484,-20.79207920792079,0.030211613506679957,-1.0,0.030211613506679957,0.7531048186785891,0.0,0.24689518132141083,0.41020220708253496,sma,rth,nextopen,atr,eod
sma|rth|nextopen|atr|trail,2013,-0.020035922606122664,-0.9601308877981385,5.231004228766831,0.36164927968206656,-40.332312206124925,-0.17184866464095327,0.8635565057314023,57.76788024394752,-20.79207920792079,-0.012261141543135816,-0.30655028849114546,-0.012261141543135816,0.9960258320914058,0.0,0.003974167908594138,0.41020220708253496,sma,rth,nextopen,atr,trail
sma|rth|nextopen|c20|1R,2061,-0.10384774725417883,-0.8368200836820106,3.6203782055190734,0.4750121300339641,-214.03020709086258,-1.3022133220712182,0.19284347231848398,8.771929824561408,-8.695652173913048,-0.0496232411450752,-1.0,-0.0496232411450752,0.5041242115477923,0.45803008248423094,0.03784570596797671,0.1999999999999998,sma,rth,nextopen,c20,1R
sma|rth|nextopen|c20|2R,2061,-0.17332533278447787,-1.4695725013593508,4.789695477189354,0.33672974284327994,-357.2235108688089,-1.6428319338616382,0.1004177110796447,17.160753357072387,-8.695652173913048,-0.042539301310043694,-1.0,-0.042539301310043694,0.6341581756428918,0.2852983988355167,0.08054342552159147,0.1999999999999998,sma,rth,nextopen,c20,2R
sma|rth|nextopen|c20|3R,2061,-0.14013093583449054,-1.6528925619834656,5.63256155607608,0.2780203784570597,-288.809858754885,-1.1294501608192598,0.258707982801065,25.741130035608585,-8.695652173913048,-0.03434303736050465,-1.0,-0.03434303736050465,0.6909267345948569,0.19844735565259583,0.11062590975254731,0.1999999999999998,sma,rth,nextopen,c20,3R
sma|rth|nextopen|c20|eod,2061,0.21740289283543685,-1.8674136321195078,11.747290347847022,0.19408054342552158,448.06736213383533,0.8401689194908705,0.4008136821728294,212.23021582733816,-9.090909090909104,0.3078311499272216,-1.0,0.3078311499272216,0.7719553614750121,0.0,0.22804463852498788,0.1999999999999998,sma,rth,nextopen,c20,eod
sma|rth|nextopen|c20|trail,2061,-0.012127756005129388,-0.7104795737122527,3.8610886249941974,0.38088306647258613,-24.99530512657167,-0.1425967661448835,0.8866086516235601,62.55555555555554,-8.405172413793094,0.07487263464337714,-0.3365000000000015,0.07487263464337714,0.9742843279961184,0.0,0.025715672003881612,0.1999999999999998,sma,rth,nextopen,c20,trail
sma|rth|nextopen|pullback|1R,1330,0.22473822654813366,-0.07943086172025882,6.043497722999308,0.4857142857142857,298.90184130901775,1.3561708557529366,0.17504481262441995,34.20203844665204,-30.116758241758255,-0.01770547064535461,-0.20731093880355358,-0.01770547064535461,0.48045112781954885,0.46616541353383456,0.05338345864661654,0.4477953383458647,sma,rth,nextopen,pullback,1R
sma|rth|nextopen|pullback|2R,1330,0.12473824973422676,-0.866238908391953,7.742710353371899,0.3548872180451128,165.90187214652158,0.5875332552734785,0.5568456226281233,63.70217166494312,-30.116758241758255,0.016445076696567848,-1.0,0.016445076696567848,0.6,0.2962406015037594,0.1037593984962406,0.4477953383458647,sma,rth,nextopen,pullback,2R
sma|rth|nextopen|pullback|3R,1330,0.29602642684808517,-1.0811359397286224,9.406874259244955,0.30451127819548873,393.7151477079533,1.1476539735322349,0.25111143888968646,95.55325749741468,-30.116758241758255,0.06681271296253002,-1.0,0.06681271296253002,0.650375939849624,0.21879699248120302,0.13082706766917293,0.4477953383458647,sma,rth,nextopen,pullback,3R
sma|rth|nextopen|pullback|eod,1330,0.3031367939306004,-1.401283011494997,12.843452515228131,0.20601503759398496,403.1719359276985,0.8607612135276949,0.38936957118480287,180.91259640102825,-30.116758241758255,0.5478044050482304,-1.0,0.5478044050482304,0.7466165413533835,0.0,0.25338345864661654,0.4477953383458647,sma,rth,nextopen,pullback,eod
sma|rth|nextopen|pullback|trail,1330,0.07842008467199958,-0.36123451901138304,5.742222958541488,0.37894736842105264,104.29871261375945,0.49805015102760397,0.6184486944906498,51.033829450020974,-26.111111111111107,0.04212771998792723,-0.34766379310345136,0.04212771998792723,0.9661654135338346,0.0,0.03383458646616541,0.4477953383458647,sma,rth,nextopen,pullback,trail
sma|rth|trigger|atr|1R,1964,-1.9105645099339996,-2.879153108953175,4.467056945342577,0.2780040733197556,-3752.348697510375,-18.954440049598638,0.0,15.131578947368428,-17.927663734115352,-0.4656940606144016,-1.0,-0.4656940606144016,0.7194501018329938,0.2739307535641548,0.006619144602851324,0.40134277349432645,sma,rth,trigger,atr,1R
sma|rth|trigger|atr|2R,1964,-1.8133353275465416,-3.1344063256889045,5.767908539430471,0.1985743380855397,-3561.390583301408,-13.932546432027086,0.0,26.22971428571428,-17.927663734115352,-0.4494117199955438,-1.0,-0.4494117199955438,0.789714867617108,0.17362525458248473,0.03665987780040733,0.40134277349432645,sma,rth,trigger,atr,2R
sma|rth|trigger|atr|3R,1964,-1.8097286010416223,-3.2352252555219287,6.7051128433504,0.1629327902240326,-3554.306972445746,-11.961292221867536,0.0,39.34457142857144,-17.927663734115352,-0.44735667394639556,-1.0,-0.44735667394639556,0.8238289205702648,0.11914460285132383,0.05702647657841141,0.40134277349432645,sma,rth,trigger,atr,3R
sma|rth|trigger|atr|eod,1964,-1.6692209747760165,-3.327869644212944,11.661226632985175,0.1369653767820774,-3278.3499944600962,-6.343666441711914,2.2436030810979446e-10,242.1334922526818,-17.927663734115352,-0.41465507495597814,-1.0,-0.41465507495597814,0.8477596741344195,0.0,0.15224032586558045,0.40134277349432645,sma,rth,trigger,atr,eod
sma|rth|trigger|atr|trail,1964,-1.8126690177080163,-2.2630152683594753,4.26621633182444,0.1909368635437882,-3560.081950778544,-18.82982915389072,0.0,59.859476861166996,-13.520587007928786,-0.4448050563724425,-0.7438005590722304,-0.4448050563724425,0.9964358452138493,0.0,0.003564154786150713,0.40134277349432645,sma,rth,trigger,atr,trail
sma|rth|trigger|c20|1R,2011,-1.5647215852010015,-1.9474196689386547,3.5817080803126786,0.26553953257086027,-3146.655107839214,-19.59083389022599,0.0,15.131578947368428,-11.71477079796266,-0.6264259075087023,-1.0,-0.6264259075087023,0.7180507210343113,0.252113376429637,0.029835902536051714,0.19999999999999976,sma,rth,trigger,c20,1R
sma|rth|trigger|c20|2R,2011,-1.6896352169887803,-2.2148394241417457,4.224514795538604,0.17702635504724018,-3397.856421364437,-17.93585782791115,0.0,16.806722689075638,-11.71477079796266,-0.6744726504226755,-1.0,-0.6744726504226755,0.8000994530084535,0.13774241670810541,0.062158130283441075,0.19999999999999976,sma,rth,trigger,c20,2R
sma|rth|trigger|c20|3R,2011,-1.681209056299441,-2.2883295194507935,4.747395853045644,0.14917951268025859,-3380.911412218176,-15.880797573419612,0.0,25.210084033613466,-11.71477079796266,-0.6765151665837894,-1.0,-0.6765151665837894,0.8244654400795625,0.09348582794629537,0.08204873197414221,0.19999999999999976,sma,rth,trigger,c20,3R
sma|rth|trigger|c20|eod,2011,-1.6575636168694003,-2.35294117647058,7.5858161426996356,0.11238189955246146,-3333.360433524364,-9.798823347330702,0.0,141.65470208183777,-11.71477079796266,-0.5969644455494774,-1.0,-0.5969644455494774,0.859771258080557,0.0,0.14022874191944307,0.19999999999999976,sma,rth,trigger,c20,eod
sma|rth|trigger|c20|trail,2011,-1.578976459643059,-1.6339869281045694,3.2722172327910135,0.1984087518647439,-3175.321660342192,-21.639118397826532,0.0,22.448979591836714,-11.71477079796266,-0.6287289905519641,-0.8499999999999989,-0.6287289905519641,0.9786176031824962,0.0,0.02138239681750373,0.19999999999999976,sma,rth,trigger,c20,trail
sma|rth|trigger|pullback|1R,1969,-1.8964750463963618,-1.6914062499999938,5.922970303851228,0.25342813610970033,-3734.1593663544363,-14.207917790403668,0.0,39.695945945945944,-43.47222222222222,-0.8051765990961224,-1.0,-0.8051765990961224,0.7206703910614525,0.2351447435246318,0.04418486541391569,0.43457282884713067,sma,rth,trigger,pullback,1R
sma|rth|trigger|pullback|2R,1969,-1.9397565391332832,-1.907432988683777,7.0066215008732655,0.180802437785678,-3819.3806255534346,-12.284611463676061,0.0,52.39576851275667,-43.47222222222222,-0.8427768869523664,-1.0,-0.8427768869523664,0.7877094972067039,0.1366175723717623,0.07567293042153378,0.43457282884713067,sma,rth,trigger,pullback,2R
sma|rth|trigger|pullback|3R,1969,-1.901928234619713,-1.9563239308462266,7.8247541941512555,0.15439309294057899,-3744.896693966215,-10.785648934741591,0.0,76.1667703795893,-43.47222222222222,-0.858274826320812,-1.0,-0.858274826320812,0.814118842051803,0.09192483494159472,0.09395632300660234,0.43457282884713067,sma,rth,trigger,pullback,3R
sma|rth|trigger|pullback|eod,1969,-1.9843153429744296,-2.0282506338283213,9.28580125819787,0.11173184357541899,-3907.1169103166517,-9.482310322868903,0.0,183.8311688311688,-43.47222222222222,0.2583976167344082,-1.0,0.2583976167344082,0.8567800914169629,0.0,0.14321990858303707,0.43457282884713067,sma,rth,trigger,pullback,eod
sma|rth|trigger|pullback|trail,1969,-1.914549567591314,-1.4789810417239035,5.481019322640569,0.1802945657694261,-3769.748098587297,-15.499872996160239,0.0,41.585760517799365,-43.47222222222222,-0.7178107131757266,-0.8800000000000026,-0.7178107131757266,0.9680040629761301,0.0,0.031995937023869984,0.43457282884713067,sma,rth,trigger,pullback,trail
