entry_time,exit_time,entry_i,exit_i,bars_held,direction,entry_px,exit_px,risk_px,R,ret_pct,risk_pct_of_px,exit_reason,spec,mode,zone_i,trend,impulse_atr,symbol,date
2021-01-29 15:00:00,2021-01-29 15:55:00,66,77,11,-1,372.28,370.21219291718444,1.033903541407767,2.0,0.55544404287513,0.277722021437565,target,slc_as_written,model,1,-1,2.1955353801393995,SPY,2021-01-29
2021-02-10 11:00:00,2021-02-10 15:55:00,18,77,59,1,389.12,390.1,1.819540956833407,0.5385973843125449,0.2518503289473731,0.46760406990990105,eod,slc_as_written,model,1,1,2.4846697454146573,SPY,2021-02-10
2021-03-11 13:20:00,2021-03-11 13:55:00,46,53,7,1,394.945,394.46673530987886,0.4782646901211365,-1.0,-0.12109652992723961,0.12109652992723961,stop,slc_as_written,model,0,1,2.057744748107189,SPY,2021-03-11
2021-03-16 15:00:00,2021-03-16 15:55:00,66,77,11,1,395.93,395.94,0.9563958487345872,0.010455921586466485,0.002525698987192409,0.24155680265061683,eod,slc_as_written,model,3,1,2.082647372557037,SPY,2021-03-16
2021-05-05 14:15:00,2021-05-05 14:45:00,57,63,6,-1,416.93,417.20011154690144,0.2701115469014326,-1.0,-0.06478582661392382,0.06478582661392382,stop,slc_as_written,model,1,-1,2.227599163218174,SPY,2021-05-05
2021-05-25 15:30:00,2021-05-25 15:50:00,72,76,4,1,418.11,417.7690582216589,0.3409417783411186,-1.0,-0.08154355991033904,0.08154355991033904,stop,slc_as_written,model,1,1,2.0414373170602618,SPY,2021-05-25
2021-07-30 15:20:00,2021-07-30 15:55:00,70,77,7,1,438.12,438.47,0.3974649016703893,0.8805808979084941,0.07988678900758302,0.09072055639331446,eod,slc_as_written,model,1,1,2.7608208357077135,SPY,2021-07-30
2021-08-09 15:40:00,2021-08-09 15:45:00,74,75,1,1,442.335,442.1728483642193,0.16215163578067404,-1.0,-0.03665810658904994,0.03665810658904994,stop,slc_as_written,model,1,1,2.621126859545588,SPY,2021-08-09
2021-08-25 15:45:00,2021-08-25 15:55:00,75,77,2,1,449.11,448.88,0.3144439727754502,-0.7314498604311461,-0.05121239785353659,0.07001491233226831,eod,slc_as_written,model,0,1,2.2056094842172618,SPY,2021-08-25
2021-10-22 15:35:00,2021-10-22 15:55:00,73,77,4,1,453.24,453.13,0.6364162048691924,-0.17284286471401653,-0.024269702585829504,0.14041483648159747,eod,slc_as_written,model,3,1,2.2559676220183698,SPY,2021-10-22
2021-10-25 14:45:00,2021-10-25 15:20:00,63,70,7,1,455.525,455.23748999585814,0.28751000414183636,-1.0,-0.06311618553138387,0.06311618553138387,stop,slc_as_written,model,0,1,2.3501044154830533,SPY,2021-10-25
2021-12-15 14:35:00,2021-12-15 14:55:00,61,65,4,-1,464.94,465.79873021929956,0.8587302192995594,-1.0,-0.18469699731138628,0.18469699731138628,stop,slc_as_written,model,3,-1,2.2158620106352642,SPY,2021-12-15
2022-02-14 15:20:00,2022-02-14 15:45:00,70,75,5,-1,438.91,440.0841930360572,1.1741930360571473,-1.0,-0.2675247855043511,0.2675247855043511,stop,slc_as_written,model,0,-1,3.2491088938147983,SPY,2022-02-14
2022-02-15 15:50:00,2022-02-15 15:55:00,76,77,1,-1,445.61,445.977546550794,0.3675465507939748,-1.0,-0.08248166576018824,0.08248166576018824,stop,slc_as_written,model,0,-1,2.2386358253173957,SPY,2022-02-15
2022-04-06 15:45:00,2022-04-06 15:55:00,75,77,2,-1,447.62,446.57,0.8952302862340389,1.1728825712734112,0.23457396899155786,0.19999782990796633,eod,slc_as_written,model,3,-1,2.1051151250763036,SPY,2022-04-06
2022-04-25 15:15:00,2022-04-25 15:20:00,69,70,1,-1,426.03,427.0239554236901,0.9939554236901245,-1.0,-0.2333064393798851,0.2333064393798851,stop,slc_as_written,model,1,-1,2.2426498559784283,SPY,2022-04-25
2022-09-26 14:50:00,2022-09-26 15:50:00,64,76,12,-1,365.815,366.6900980740618,0.875098074061782,-1.0,-0.23921875102491202,0.23921875102491202,stop,slc_as_written,model,0,-1,2.339603424239831,SPY,2022-09-26
2022-11-21 15:25:00,2022-11-21 15:55:00,71,77,6,1,394.31,394.58,0.7257117252606804,0.37204855675026616,0.06847404326544643,0.18404598545831463,eod,slc_as_written,model,0,1,2.0578881246125613,SPY,2022-11-21
2023-03-10 14:25:00,2023-03-10 14:35:00,59,61,2,1,385.36,387.1010975299081,0.8705487649540373,2.0,0.4518106523531437,0.22590532617657186,target,slc_as_written,model,4,1,2.4529743714213748,SPY,2023-03-10
2023-03-23 12:40:00,2023-03-23 13:10:00,38,44,6,1,397.265,396.25092314949785,1.0140768505021356,-1.0,-0.2552645842201391,0.2552645842201391,stop,slc_as_written,model,0,1,2.3294694672271574,SPY,2023-03-23
2023-05-08 14:20:00,2023-05-08 14:40:00,58,62,4,-1,412.82,413.03195235289365,0.2119523528936611,-1.0,-0.0513425592010225,0.0513425592010225,stop,slc_as_written,model,0,-1,3.1070169410105963,SPY,2023-05-08
2023-08-28 15:45:00,2023-08-28 15:55:00,75,77,2,-1,442.66,442.72,0.40597982664633037,-0.14779059465994432,-0.013554421000316782,0.09171369146666299,eod,slc_as_written,model,1,-1,2.1516401738074515,SPY,2023-08-28
2023-09-26 13:30:00,2023-09-26 15:55:00,48,77,29,-1,426.91,425.83,1.0722437496323778,1.007233663400064,0.25298072193203275,0.2511638869158318,eod,slc_as_written,model,0,-1,2.06058261082351,SPY,2023-09-26
2023-10-16 13:40:00,2023-10-16 14:30:00,50,60,10,-1,436.47,435.7882463636637,0.3408768181681694,2.0,0.15619713527535425,0.07809856763767713,target,slc_as_written,model,0,-1,3.352695722459264,SPY,2023-10-16
2023-10-24 14:25:00,2023-10-24 14:30:00,59,60,1,-1,422.96,423.41469122578616,0.4546912257861777,-1.0,-0.10750218124318557,0.10750218124318557,stop,slc_as_written,model,0,-1,2.1257879974737004,SPY,2023-10-24
2023-12-08 14:00:00,2023-12-08 14:40:00,54,62,8,-1,459.68,460.1402364995958,0.46023649959579416,-1.0,-0.10012106239031372,0.10012106239031372,stop,slc_as_written,model,1,-1,2.0247972428722107,SPY,2023-12-08
2024-01-09 14:15:00,2024-01-09 15:50:00,57,76,19,1,473.84,473.053001406035,0.786998593964995,-1.0,-0.16608952261628296,0.16608952261628296,stop,slc_as_written,model,3,1,2.352515656451647,SPY,2024-01-09
2024-01-24 13:35:00,2024-01-24 14:20:00,49,58,9,1,487.14,486.30903234319925,0.8309676568007376,-1.0,-0.17058087137183103,0.17058087137183103,stop,slc_as_written,model,0,1,2.189965017013401,SPY,2024-01-24
2024-01-31 14:50:00,2024-01-31 15:00:00,64,66,2,1,487.15,485.66839926647106,1.4816007335289214,-1.0,-0.3041364535623363,0.3041364535623363,stop,slc_as_written,model,2,1,2.899001586768393,SPY,2024-01-31
2024-04-10 13:30:00,2024-04-10 15:55:00,48,77,29,1,513.3,514.16,1.3787561740911087,0.623750606641479,0.16754334697058518,0.26860630705067384,eod,slc_as_written,model,1,1,3.674945726505187,SPY,2024-04-10
2024-04-19 13:50:00,2024-04-19 13:55:00,52,53,1,-1,498.29,497.8513395865555,0.21933020672224757,2.0,0.08803315608270186,0.04401657804135093,target,slc_as_written,model,0,-1,2.0430966941744613,SPY,2024-04-19
2024-05-13 13:25:00,2024-05-13 15:55:00,47,77,30,1,520.865,520.91,0.8866722577868131,0.05075155967130601,0.00863947471992917,0.17023072346708132,eod,slc_as_written,model,1,1,2.042396199718249,SPY,2024-05-13
2024-06-14 11:55:00,2024-06-14 13:00:00,29,42,13,-1,541.42,541.9200658676957,0.5000658676957528,-1.0,-0.09236191269176477,0.09236191269176477,stop,slc_as_written,model,2,-1,2.0158465432379815,SPY,2024-06-14
2024-09-20 14:35:00,2024-09-20 14:55:00,61,65,4,1,566.42,567.5845712726274,0.5822856363137134,2.0,0.2056020748962655,0.10280103744813275,target,slc_as_written,model,0,1,2.124511228856957,SPY,2024-09-20
2024-09-27 14:15:00,2024-09-27 14:25:00,57,59,2,1,571.85,571.443224625716,0.4067753742840523,-1.0,-0.07113322974277385,0.07113322974277385,stop,slc_as_written,model,1,1,2.0707239004473244,SPY,2024-09-27
2024-10-24 14:10:00,2024-10-24 15:30:00,56,72,16,-1,579.1,579.6755512294114,0.5755512294114169,-1.0,-0.09938719209314745,0.09938719209314745,stop,slc_as_written,model,2,-1,2.0186342785977525,SPY,2024-10-24
2024-12-04 14:00:00,2024-12-04 15:55:00,54,77,23,1,606.29,607.61,1.171414693163456,1.1268426183347018,0.21771759389072062,0.19321029427558692,eod,slc_as_written,model,1,1,2.102138103727524,SPY,2024-12-04
2024-12-05 13:40:00,2024-12-05 15:25:00,50,71,21,1,607.72,606.8010347854433,0.9189652145566924,-1.0,-0.15121523309364385,0.15121523309364385,stop,slc_as_written,model,2,1,2.1134839949210438,SPY,2024-12-05
2024-12-12 12:30:00,2024-12-12 13:25:00,36,47,11,1,606.08,606.9003047661946,0.41015238309728375,2.0,0.13534595535153238,0.06767297767576619,target,slc_as_written,model,0,1,2.1044079844694465,SPY,2024-12-12
2024-12-27 11:40:00,2024-12-27 11:50:00,26,28,2,1,593.12,592.2367252277288,0.8832747722711929,-1.0,-0.14892007895049786,0.14892007895049786,stop,slc_as_written,model,0,1,2.1605781542609144,SPY,2024-12-27
2025-01-08 14:05:00,2025-01-08 14:10:00,55,56,1,-1,589.49,589.2026872428082,0.14365637859589242,2.0,0.04873920799195658,0.02436960399597829,target,slc_as_written,model,2,-1,2.5683456250319674,SPY,2025-01-08
2025-02-27 12:40:00,2025-02-27 14:25:00,38,59,21,1,592.815,591.3700040165078,1.4449959834922765,-1.0,-0.24375158919600154,0.24375158919600154,stop,slc_as_written,model,0,1,2.193492171387747,SPY,2025-02-27
2025-06-18 14:00:00,2025-06-18 14:30:00,54,60,6,1,598.61,600.0719755894701,0.7309877947350287,2.0,0.24422839402449964,0.12211419701224982,target,slc_as_written,model,1,1,2.1864683735723403,SPY,2025-06-18
2025-07-01 11:40:00,2025-07-01 13:20:00,26,46,20,1,616.3,618.1910711800031,0.9455355900015547,2.0,0.3068426383259954,0.1534213191629977,target,slc_as_written,model,0,1,2.3095282069115055,SPY,2025-07-01
2025-08-13 13:30:00,2025-08-13 13:40:00,48,50,2,1,642.79,643.0765593849817,0.14327969249086436,2.0,0.04458056052236792,0.02229028026118396,target,slc_as_written,model,0,1,2.082452967221182,SPY,2025-08-13
2025-10-03 14:45:00,2025-10-03 15:55:00,63,77,14,1,669.42,669.18,0.9918229844553252,-0.24197866329122103,-0.03585193152281215,0.14816154050600897,eod,slc_as_written,model,3,1,2.212194986747129,SPY,2025-10-03
2025-10-06 15:20:00,2025-10-06 15:55:00,70,77,7,1,671.71,671.59,0.3231475374735737,-0.3713474066309971,-0.01786485239165779,0.048108192147440665,eod,slc_as_written,model,0,1,2.3514918223388324,SPY,2025-10-06
2025-10-07 12:55:00,2025-10-07 15:55:00,41,77,36,1,668.365,669.13,0.8605044987497195,0.8890133649638119,0.11445841718222623,0.1287476900719995,eod,slc_as_written,model,1,1,2.0391841232600814,SPY,2025-10-07
2025-10-30 12:30:00,2025-10-30 13:05:00,36,43,7,1,684.0,683.1186476729783,0.8813523270216592,-1.0,-0.12885267938913145,0.12885267938913145,stop,slc_as_written,model,0,1,2.058698577643051,SPY,2025-10-30
2025-11-06 13:25:00,2025-11-06 13:35:00,47,49,2,-1,670.94,671.7894705072182,0.8494705072181432,-1.0,-0.12660901231379007,0.12660901231379007,stop,slc_as_written,model,1,-1,2.137450220137472,SPY,2025-11-06
2025-11-13 14:35:00,2025-11-13 14:50:00,61,64,3,1,672.75,671.370569786792,1.3794302132080247,-1.0,-0.20504350995288362,0.20504350995288362,stop,slc_as_written,model,0,1,2.0849427448237745,SPY,2025-11-13
2026-02-02 15:00:00,2026-02-02 15:55:00,66,77,11,-1,695.99,695.46,0.7001228818455729,0.757009967454364,0.0761505194040105,0.10059381339467131,eod,slc_as_written,model,0,-1,2.4355572549500066,SPY,2026-02-02
2026-03-10 13:50:00,2026-03-10 14:10:00,52,56,4,-1,682.36,679.9165207907037,1.221739604648178,2.0,0.35809238661356996,0.17904619330678498,target,slc_as_written,model,0,-1,2.2278142508519396,SPY,2026-03-10
2026-05-07 12:35:00,2026-05-07 13:15:00,37,45,8,1,732.75,731.5882208300588,1.1617791699411555,-1.0,-0.15855055202199325,0.15855055202199325,stop,slc_as_written,model,2,1,2.6255120431646164,SPY,2026-05-07
2026-06-09 14:55:00,2026-06-09 15:20:00,65,70,5,-1,736.74,733.4707256492557,1.634637175372177,2.0,0.44374872420994566,0.22187436210497283,target,slc_as_written,model,1,-1,2.2789300873229634,SPY,2026-06-09
2026-07-27 11:15:00,2026-07-27 13:00:00,21,42,21,1,738.81,736.2400030629249,2.569996937075075,-1.0,-0.3478562738830112,0.3478562738830112,stop,slc_as_written,model,0,1,2.326558558457655,SPY,2026-07-27
2021-01-20 13:50:00,2021-01-20 14:25:00,52,59,7,-1,323.545,323.99055525053865,0.4455552505386322,-1.0,-0.13771044229972096,0.13771044229972096,stop,slc_as_written,model,1,-1,2.1026239591713396,QQQ,2021-01-20
2021-01-29 15:50:00,2021-01-29 15:55:00,76,77,1,-1,315.99,314.73,1.5777733405268464,0.7985937952147516,0.3987467957846738,0.4993111619123537,eod,slc_as_written,model,4,-1,2.0417043172826603,QQQ,2021-01-29
2021-02-02 15:25:00,2021-02-02 15:55:00,71,77,6,-1,328.54,327.92267645369515,0.30866177315243704,2.0,0.1878990522630042,0.0939495261315021,target,slc_as_written,model,1,-1,2.065703438942637,QQQ,2021-02-02
2021-04-07 15:50:00,2021-04-07 15:55:00,76,77,1,1,331.4,331.62,0.6109936309748036,0.3600692197871695,0.06638503319252484,0.18436742033035716,eod,slc_as_written,model,2,1,2.4800010167364626,QQQ,2021-04-07
2021-04-12 13:55:00,2021-04-12 15:55:00,53,77,24,1,335.96,336.68,0.5679023580437388,1.2678235788282715,0.2143112275270947,0.16903868259427873,eod,slc_as_written,model,0,1,2.5930951850468467,QQQ,2021-04-12
2021-05-14 15:15:00,2021-05-14 15:55:00,69,77,8,-1,326.73,326.35,0.6440216399051906,0.5900422850013813,0.11630398188106249,0.19711126615406926,eod,slc_as_written,model,1,-1,2.133057100937976,QQQ,2021-05-14
2021-05-25 15:30:00,2021-05-25 15:55:00,72,77,5,1,332.48,332.95,0.48514268025928686,0.9687871612301285,0.14136188642925002,0.1459163499336161,eod,slc_as_written,model,1,1,2.1525236291467684,QQQ,2021-05-25
2021-10-04 15:40:00,2021-10-04 15:55:00,74,77,3,-1,352.27,352.7,1.1801013816171348,-0.3643754737501981,-0.12206546115195924,0.33499911477478495,eod,slc_as_written,model,0,-1,2.2233466803540574,QQQ,2021-10-04
2021-11-23 14:15:00,2021-11-23 14:35:00,57,61,4,1,393.46,394.6192162710674,0.5796081355337037,2.0,0.2946211231300278,0.1473105615650139,target,slc_as_written,model,0,1,2.2632854178329334,QQQ,2021-11-23
2021-12-15 14:35:00,2021-12-15 14:50:00,61,64,3,-1,389.33,390.621288782757,1.2912887827570216,-1.0,-0.33166947904272,0.33166947904272,stop,slc_as_written,model,2,-1,2.5484076669634597,QQQ,2021-12-15
2022-02-15 15:40:00,2022-02-15 15:50:00,74,76,2,-1,355.38,355.9314952260209,0.5514952260209043,-1.0,-0.15518465474165805,0.15518465474165805,stop,slc_as_written,model,0,-1,2.114746752913523,QQQ,2022-02-15
2022-04-04 14:25:00,2022-04-04 14:30:00,59,60,1,-1,367.972,368.0674403934087,0.09544039340869404,-1.0,-0.0259368629701972,0.0259368629701972,stop,slc_as_written,model,0,-1,2.3762106541882115,QQQ,2022-04-04
2022-06-15 14:15:00,2022-06-15 14:30:00,57,60,3,-1,280.44,276.9548029627286,1.7425985186357025,2.0,1.2427603185249625,0.6213801592624812,target,slc_as_written,model,0,-1,2.114559159065863,QQQ,2022-06-15
2022-09-20 15:20:00,2022-09-20 15:35:00,70,73,3,-1,288.89,289.53388079182713,0.6438807918271436,-1.0,-0.2228809553211062,0.2228809553211062,stop,slc_as_written,model,2,-1,2.0598007554322533,QQQ,2022-09-20
2022-10-04 14:50:00,2022-10-04 15:05:00,64,67,3,-1,282.06,281.3249392994754,0.36753035026231373,2.0,0.2606043751416817,0.13030218757084086,target,slc_as_written,model,0,-1,2.043243878349358,QQQ,2022-10-04
2022-11-11 15:30:00,2022-11-11 15:55:00,72,77,5,-1,287.79,287.97,0.8575387126796272,-0.20990306016336552,-0.06254560617116885,0.297973769998828,eod,slc_as_written,model,0,-1,2.3501880162180098,QQQ,2022-11-11
2022-11-17 15:10:00,2022-11-17 15:15:00,68,69,1,1,283.23,283.0848904686395,0.14510953136050375,-1.0,-0.051233813988809,0.051233813988809,stop,slc_as_written,model,0,1,2.4606594150944137,QQQ,2022-11-17
2023-03-23 15:15:00,2023-03-23 15:20:00,69,70,1,1,307.88,307.10150730688116,0.7784926931188352,-1.0,-0.2528558831748848,0.2528558831748848,stop,slc_as_written,model,4,1,2.065654116374653,QQQ,2023-03-23
2023-04-06 15:50:00,2023-04-06 15:55:00,76,77,1,1,317.89,318.1,0.2928406728413506,0.7171135005341488,0.06606058699551304,0.09212012735265364,eod,slc_as_written,model,0,1,2.0288256619398197,QQQ,2023-04-06
2023-06-06 13:25:00,2023-06-06 15:55:00,47,77,30,1,354.56,354.86,1.186877042637036,0.2527641779416873,0.08461191335740394,0.33474645832497635,eod,slc_as_written,model,1,1,2.213620415518454,QQQ,2023-06-06
2023-07-25 15:10:00,2023-07-25 15:55:00,68,77,9,-1,380.015,379.0101498562932,0.5024250718533949,2.0,0.26442381056189623,0.13221190528094812,target,slc_as_written,model,0,-1,3.245234198078393,QQQ,2023-07-25
2023-08-28 15:45:00,2023-08-28 15:55:00,75,77,2,-1,366.6,366.9966239244882,0.39662392448815353,-1.0,-0.10818983210260597,0.10818983210260597,stop,slc_as_written,model,1,-1,2.06914425319055,QQQ,2023-08-28
2023-10-16 13:40:00,2023-10-16 14:10:00,50,56,6,-1,369.615,370.04261627920437,0.42761627920435785,-1.0,-0.1156923499328647,0.1156923499328647,stop,slc_as_written,model,0,-1,3.3956179656538126,QQQ,2023-10-16
2023-10-24 14:25:00,2023-10-24 14:30:00,59,60,1,-1,358.22,358.7059322504623,0.4859322504622696,-1.0,-0.13565190398701066,0.13565190398701066,stop,slc_as_written,model,0,-1,2.0327831384476363,QQQ,2023-10-24
2024-01-09 15:50:00,2024-01-09 15:55:00,76,77,1,1,405.74,405.79,1.2643618164307782,0.03954564219691365,0.012323162616456688,0.31161872539822993,eod,slc_as_written,model,0,1,2.2013138824161373,QQQ,2024-01-09
2024-03-18 15:05:00,2024-03-18 15:50:00,67,76,9,-1,438.97,437.8618301754417,0.5540849122791656,2.0,0.2524477355077411,0.12622386775387054,target,slc_as_written,model,1,-1,2.069624877593301,QQQ,2024-03-18
2024-03-22 15:10:00,2024-03-22 15:55:00,68,77,9,1,446.0,446.2,0.7603665223713847,0.2630310437343307,0.04484304932735171,0.1704857673478441,eod,slc_as_written,model,0,1,2.0338582393275755,QQQ,2024-03-22
2024-04-10 13:15:00,2024-04-10 13:20:00,45,46,1,-1,437.75,438.2175476368322,0.4675476368321938,-1.0,-0.1068069987052413,0.1068069987052413,stop,slc_as_written,model,0,-1,2.293562902608004,QQQ,2024-04-10
2024-05-13 13:35:00,2024-05-13 15:55:00,49,77,28,1,442.66,443.1,0.7205841819641705,0.6106156796290537,0.09939908733565214,0.16278502280851456,eod,slc_as_written,model,1,1,2.573934077002408,QQQ,2024-05-13
2024-05-17 12:05:00,2024-05-17 12:45:00,31,39,8,1,451.94,451.2920881465903,0.6479118534097097,-1.0,-0.14336236080225465,0.14336236080225465,stop,slc_as_written,model,1,1,2.0818242780676504,QQQ,2024-05-17
2024-06-28 15:50:00,2024-06-28 15:55:00,76,77,1,1,479.86,478.98,1.5704182964297502,-0.5603602568822724,-0.18338682115616958,0.3272659309860689,eod,slc_as_written,model,3,1,2.402373689184675,QQQ,2024-06-28
2024-07-08 15:00:00,2024-07-08 15:55:00,66,77,11,1,496.72,497.41,0.689987342817517,1.0000183440792247,0.1389112578515054,0.13890870969912966,eod,slc_as_written,model,1,1,2.1695433900186987,QQQ,2024-07-08
2024-07-16 13:15:00,2024-07-16 15:55:00,45,77,32,1,494.34,496.38,1.256578322990947,1.6234563040561998,0.41267144070882805,0.2541931308392902,eod,slc_as_written,model,0,1,2.2344830392414403,QQQ,2024-07-16
2024-07-31 15:40:00,2024-07-31 15:50:00,74,76,2,-1,472.08,470.67524001816577,0.7023799909171089,2.0,0.29756820493014274,0.14878410246507137,target,slc_as_written,model,1,-1,2.152548676785204,QQQ,2024-07-31
2024-09-27 14:15:00,2024-09-27 14:25:00,57,59,2,1,487.235,486.54499072970754,0.690009270292478,-1.0,-0.141617344873106,0.141617344873106,stop,slc_as_written,model,0,1,2.023362306927239,QQQ,2024-09-27
2025-01-08 14:05:00,2025-01-08 14:10:00,55,56,1,-1,515.95,515.5878749040694,0.1810625479653254,2.0,0.07018608313415074,0.03509304156707537,target,slc_as_written,model,3,-1,2.234472541645603,QQQ,2025-01-08
2025-03-25 15:35:00,2025-03-25 15:45:00,73,75,2,-1,492.7,493.36290139962375,0.6629013996237632,-1.0,-0.13454463154531424,0.13454463154531424,stop,slc_as_written,model,0,-1,2.2862374088497317,QQQ,2025-03-25
2025-05-07 15:40:00,2025-05-07 15:45:00,74,75,1,-1,484.12,484.41515114860437,0.2951511486043614,-1.0,-0.06096652660587487,0.06096652660587487,stop,slc_as_written,model,0,-1,2.716336407544027,QQQ,2025-05-07
2025-06-18 14:00:00,2025-06-18 14:40:00,54,62,8,1,529.66,531.7215123973782,1.0307561986891187,2.0,0.389214287916444,0.194607143958222,target,slc_as_written,model,1,1,2.3799826614237083,QQQ,2025-06-18
2025-07-01 11:40:00,2025-07-01 13:10:00,26,44,18,1,545.69,548.1938257316053,1.2519128658026375,2.0,0.4588366529724339,0.22941832648621696,target,slc_as_written,model,2,1,2.156203719739922,QQQ,2025-07-01
2025-10-06 15:45:00,2025-10-06 15:50:00,75,76,1,1,607.94,608.239974769665,0.14998738483245688,2.0,0.04934282489471226,0.02467141244735613,target,slc_as_written,model,0,1,2.031140690966242,QQQ,2025-10-06
2025-10-16 13:00:00,2025-10-16 14:10:00,42,56,14,1,600.72,597.7686941689377,2.9513058310623137,-1.0,-0.49129475147528195,0.49129475147528195,stop,slc_as_written,model,1,1,2.1243246838656797,QQQ,2025-10-16
2025-11-06 13:25:00,2025-11-06 13:35:00,47,49,2,-1,613.34,614.3262392416323,0.9862392416322336,-1.0,-0.1607981285473365,0.1607981285473365,stop,slc_as_written,model,1,-1,2.1756450281021906,QQQ,2025-11-06
2025-11-13 14:45:00,2025-11-13 14:55:00,63,65,2,1,607.48,606.1996711284626,1.2803288715374492,-1.0,-0.21076066233249643,0.21076066233249643,stop,slc_as_written,model,0,1,2.176423285132537,QQQ,2025-11-13
2026-05-07 12:50:00,2026-05-07 13:15:00,40,45,5,1,695.63,693.5379691119259,2.0920308880740777,-1.0,-0.30073902621710935,0.30073902621710935,stop,slc_as_written,model,2,1,2.4881133926533248,QQQ,2026-05-07
2026-05-08 15:25:00,2026-05-08 15:50:00,71,76,5,1,709.13,710.5902530644936,0.7301265322467998,2.0,0.20592177238215836,0.10296088619107918,target,slc_as_written,model,0,1,2.243287086219057,QQQ,2026-05-08
2026-05-18 15:25:00,2026-05-18 15:55:00,71,77,6,1,701.49,705.71,2.6743846195031438,1.5779330950475003,0.6015766440006312,0.3812434417458757,eod,slc_as_written,model,1,1,2.4771774014618853,QQQ,2026-05-18
2021-03-16 15:00:00,2021-03-16 15:55:00,66,77,11,1,230.0,230.49,0.983819166496744,0.49805900991422775,0.21304347826087353,0.4277474636942365,eod,slc_as_written,model,3,1,2.217373620824417,IWM,2021-03-16
2021-03-26 15:30:00,2021-03-26 15:45:00,72,75,3,-1,218.69,219.19113761149987,0.5011376114998711,-1.0,-0.22915433330278986,0.22915433330278986,stop,slc_as_written,model,0,-1,2.293204782595004,IWM,2021-03-26
2021-04-05 15:40:00,2021-04-05 15:45:00,74,75,1,-1,224.52,224.79673366712484,0.27673366712483016,-1.0,-0.12325568640870752,0.12325568640870752,stop,slc_as_written,model,1,-1,2.045416915803792,IWM,2021-04-05
2021-04-22 13:35:00,2021-04-22 13:45:00,49,51,2,1,223.75,222.12619494399738,1.6238050560026238,-1.0,-0.7257229300570386,0.7257229300570386,stop,slc_as_written,model,1,1,2.8786233939441046,IWM,2021-04-22
2021-05-18 15:10:00,2021-05-18 15:50:00,68,76,8,1,221.13,220.41606583132892,0.7139341686710736,-1.0,-0.3228572191340269,0.3228572191340269,stop,slc_as_written,model,1,1,2.046236444272482,IWM,2021-05-18
2021-06-17 15:30:00,2021-06-17 15:55:00,72,77,5,-1,227.57,227.27,0.4376695568161608,0.6854486343129305,0.13182756953903546,0.19232304645434847,eod,slc_as_written,model,0,-1,2.9786440192048684,IWM,2021-06-17
2021-08-12 15:35:00,2021-08-12 15:50:00,73,76,3,-1,223.2,223.3241419003565,0.12414190035650563,-1.0,-0.05561913098409751,0.05561913098409751,stop,slc_as_written,model,0,-1,2.6517976163553283,IWM,2021-08-12
2021-09-09 15:45:00,2021-09-09 15:55:00,75,77,2,-1,225.03,223.89,0.7741506951188626,1.4725815105352065,0.5065991201173242,0.34402110612756637,eod,slc_as_written,model,0,-1,2.7622009160644634,IWM,2021-09-09
2021-09-15 15:35:00,2021-09-15 15:55:00,73,77,4,-1,222.36,222.4302,0.41703577018222404,-0.1683308843491432,-0.0315704263356718,0.18754981569626913,eod,slc_as_written,model,1,-1,2.2329656496419763,IWM,2021-09-15
2021-09-28 14:35:00,2021-09-28 15:45:00,61,75,14,1,222.14,221.32864782271463,0.8113521772853574,-1.0,-0.3652436199177804,0.3652436199177804,stop,slc_as_written,model,0,1,2.2543429077324975,IWM,2021-09-28
2021-10-21 14:30:00,2021-10-21 15:30:00,60,72,12,1,227.15,227.9874413023708,0.4187206511853958,2.0,0.36867325660171324,0.18433662830085662,target,slc_as_written,model,1,1,2.846420205299027,IWM,2021-10-21
2021-10-22 15:35:00,2021-10-22 15:55:00,73,77,4,1,227.24,227.44,0.43499766229570014,0.4597725857754928,0.0880126738250258,0.19142653683141178,eod,slc_as_written,model,2,1,2.2186498343249625,IWM,2021-10-22
2021-11-23 15:50:00,2021-11-23 15:55:00,76,77,1,-1,231.42,231.34,0.6979402231923189,0.11462299684358487,0.03456918157461934,0.3015902787971303,eod,slc_as_written,model,0,-1,2.0306695868022433,IWM,2021-11-23
2021-11-26 13:15:00,2021-11-26 15:55:00,45,76,31,-1,221.45,221.05,2.1972131276479274,0.18204879397756432,0.18062768119213243,0.9921937808299515,eod,slc_as_written,model,1,-1,2.548324532071818,IWM,2021-11-26
2021-12-15 14:30:00,2021-12-15 15:05:00,60,67,7,-1,213.96,215.8647409939921,1.9047409939920783,-1.0,-0.8902322836007096,0.8902322836007096,stop,slc_as_written,model,1,-1,2.412073332137677,IWM,2021-12-15
2021-12-20 15:50:00,2021-12-20 15:55:00,76,77,1,-1,212.12,212.09,0.9456402500376271,0.03172453795067145,0.014142937959646018,0.4458043796141934,eod,slc_as_written,model,2,-1,2.07759597544882,IWM,2021-12-20
2022-02-17 15:50:00,2022-02-17 15:55:00,76,77,1,1,201.23,201.19,0.5332034082319694,-0.07501827516937044,-0.019877751826264497,0.2649721255438898,eod,slc_as_written,model,1,1,2.1717193140550433,IWM,2022-02-17
2022-07-13 14:20:00,2022-07-13 14:55:00,58,65,7,-1,171.865,172.26295659921385,0.39795659921384186,-1.0,-0.2315518571051941,0.2315518571051941,stop,slc_as_written,model,1,-1,2.3531832350215613,IWM,2022-07-13
2022-09-01 15:50:00,2022-09-01 15:55:00,76,77,1,-1,181.15,181.27985420983202,0.12985420983201834,-1.0,-0.07168325135634465,0.07168325135634465,stop,slc_as_written,model,1,-1,2.0094947821398716,IWM,2022-09-01
2022-11-28 15:45:00,2022-11-28 15:50:00,75,76,1,1,181.42,181.70527067863068,0.14263533931534766,2.0,0.15724323593357697,0.07862161796678849,target,slc_as_written,model,3,1,2.0519106431768286,IWM,2022-11-28
2023-03-31 14:25:00,2023-03-31 14:55:00,59,65,6,1,177.6,177.37963215721567,0.2203678427843272,-1.0,-0.12408099255874279,0.12408099255874279,stop,slc_as_written,model,1,1,2.0354832162166336,IWM,2023-03-31
2023-07-13 15:15:00,2023-07-13 15:45:00,69,75,6,1,193.315,193.66098990215647,0.1729949510782376,2.0,0.17897726620100624,0.08948863310050312,target,slc_as_written,model,1,1,2.09617974068486,IWM,2023-07-13
2023-10-16 13:40:00,2023-10-16 14:15:00,50,57,7,-1,173.25,173.05247898518104,0.09876050740948017,2.0,0.11400924376274767,0.05700462188137383,target,slc_as_written,model,0,-1,2.4940858405471817,IWM,2023-10-16
2024-02-02 15:50:00,2024-02-02 15:55:00,76,77,1,-1,194.9,194.45,0.6687501194569734,0.6728970760639535,0.2308876346844623,0.34312474061414744,eod,slc_as_written,model,1,-1,2.129880651309315,IWM,2024-02-02
2024-03-28 15:05:00,2024-03-28 15:55:00,67,77,10,1,210.57,210.31,0.44621257561865946,-0.5826819193509041,-0.1234743790663394,0.2119070027157997,eod,slc_as_written,model,0,1,2.171713324065528,IWM,2024-03-28
2024-04-10 13:25:00,2024-04-10 13:30:00,47,48,1,1,200.19,199.8237312646479,0.3662687353520937,-1.0,-0.18296055514865564,0.18296055514865564,stop,slc_as_written,model,1,1,2.363156793776186,IWM,2024-04-10
2024-04-16 13:40:00,2024-04-16 14:05:00,50,55,5,-1,195.1,195.6671451834531,0.5671451834531069,-1.0,-0.29069460966330446,0.29069460966330446,stop,slc_as_written,model,0,-1,2.5699577428367526,IWM,2024-04-16
2024-07-15 13:30:00,2024-07-15 14:20:00,48,58,10,1,216.48,217.40698776519,0.463493882595003,2.0,0.4282094259007789,0.21410471295038944,target,slc_as_written,model,1,1,2.0191397191476574,IWM,2024-07-15
2024-11-13 15:30:00,2024-11-13 15:55:00,72,77,5,1,235.97,235.04800580184303,0.9219941981569661,-1.0,-0.39072517614822483,0.39072517614822483,stop,slc_as_written,model,2,1,2.006397916276228,IWM,2024-11-13
2024-12-03 15:25:00,2024-12-03 15:55:00,71,77,6,-1,240.0,240.09,0.23574327689610186,-0.38177122667073443,-0.03750000000000142,0.09822636537337578,eod,slc_as_written,model,1,-1,2.057786328623306,IWM,2024-12-03
2024-12-27 11:10:00,2024-12-27 11:45:00,20,27,7,1,221.66,221.07919374214683,0.580806257853169,-1.0,-0.26202574115905847,0.26202574115905847,stop,slc_as_written,model,0,1,2.04948250619563,IWM,2024-12-27
2025-02-11 15:30:00,2025-02-11 15:55:00,72,77,5,-1,225.655,225.705,0.325984936232544,-0.15338132055385365,-0.022157718641293733,0.14446164996678293,eod,slc_as_written,model,0,-1,2.069973102908365,IWM,2025-02-11
2025-02-28 13:55:00,2025-02-28 14:45:00,53,63,10,1,211.68,212.96817610084253,0.64408805042126,2.0,0.6085488004736017,0.30427440023680086,target,slc_as_written,model,1,1,2.096574587509106,IWM,2025-02-28
2025-03-12 14:10:00,2025-03-12 14:30:00,56,60,4,-1,201.665,202.17549192246227,0.510491922462279,-1.0,-0.25313858253156424,0.25313858253156424,stop,slc_as_written,model,0,-1,2.2150499064958766,IWM,2025-03-12
2025-04-02 14:55:00,2025-04-02 15:30:00,65,72,7,1,201.14,202.0959315805896,0.47796579029480313,2.0,0.47525682638441197,0.23762841319220598,target,slc_as_written,model,1,1,2.7315453325561982,IWM,2025-04-02
2025-05-07 15:40:00,2025-05-07 15:45:00,74,75,1,-1,197.39,197.6543704043466,0.2643704043466073,-1.0,-0.1339330281911988,0.1339330281911988,stop,slc_as_written,model,3,-1,2.544772809360075,IWM,2025-05-07
2025-09-17 14:20:00,2025-09-17 14:40:00,58,62,4,-1,242.47,239.7525574732342,1.358721263382904,2.0,1.1207335038420456,0.5603667519210228,target,slc_as_written,model,1,-1,2.1497469603083483,IWM,2025-09-17
2025-11-28 13:10:00,2025-11-28 15:55:00,44,72,28,1,248.18,248.69,0.3727675132697357,1.3681449746693817,0.2054960109597836,0.1502004646908436,eod,slc_as_written,model,0,1,2.2242926410123953,IWM,2025-11-28
2026-01-28 14:30:00,2026-01-28 14:45:00,60,63,3,-1,263.7375,264.2853572206886,0.5478572206885701,-1.0,-0.20772822245170675,0.20772822245170675,stop,slc_as_written,model,0,-1,2.2624981036079315,IWM,2026-01-28
2026-03-16 15:10:00,2026-03-16 15:55:00,68,77,9,-1,249.78,248.92,1.6706070957348231,0.5147829206494177,0.3443029866282383,0.6688314099346717,eod,slc_as_written,model,0,-1,2.0677636529638765,IWM,2026-03-16
2026-03-25 11:40:00,2026-03-25 15:55:00,26,77,51,1,251.21,251.85,1.868465928273224,0.3425269844719372,0.2547669280681447,0.7437864449158966,eod,slc_as_written,model,1,1,2.379856011601644,IWM,2026-03-25
2026-04-08 15:20:00,2026-04-08 15:55:00,70,77,7,1,259.27,260.44,0.7022177922873993,1.6661497513312302,0.4512670189377931,0.2708442134791528,eod,slc_as_written,model,1,1,2.0089466730293135,IWM,2026-04-08
2026-07-29 15:15:00,2026-07-29 15:55:00,69,77,8,-1,291.41,288.59,2.362827345458925,1.1934854255939424,0.9677087265365122,0.8108257593970436,eod,slc_as_written,model,2,-1,2.0961702522006624,IWM,2026-07-29
2021-04-27 14:45:00,2021-04-27 15:45:00,63,75,12,1,134.545,134.32479042599238,0.22020957400761176,-1.0,-0.16366983091724835,0.16366983091724835,stop,slc_as_written,model,0,1,2.3422530396386074,AAPL,2021-04-27
2021-06-15 15:20:00,2021-06-15 15:55:00,70,77,7,1,129.73,129.74,0.25153384513791366,0.03975608131198575,0.0077083172743539095,0.19389026835574938,eod,slc_as_written,model,0,1,2.428400589140105,AAPL,2021-06-15
2021-07-16 15:20:00,2021-07-16 15:55:00,70,77,7,1,146.31,146.39,0.5026731155021196,0.15914915186994272,0.0546784225274992,0.34356716253305963,eod,slc_as_written,model,2,1,2.425702316615411,AAPL,2021-07-16
2021-08-18 14:10:00,2021-08-18 14:15:00,56,57,1,1,147.99,147.8409418119634,0.1490581880366051,-1.0,-0.10072179744347934,0.10072179744347934,stop,slc_as_written,model,0,1,2.1117738553696657,AAPL,2021-08-18
2021-11-03 14:10:00,2021-11-03 14:45:00,56,63,7,1,150.5,151.22630131061948,0.3631506553097381,2.0,0.4825922329697517,0.24129611648487584,target,slc_as_written,model,0,1,3.3713570528215926,AAPL,2021-11-03
2021-11-19 15:50:00,2021-11-19 15:55:00,76,77,1,1,160.325,160.56,0.2305296679610933,1.019391569330134,0.1465772649306182,0.14378897112807942,eod,slc_as_written,model,0,1,2.4004636513764073,AAPL,2021-11-19
2022-02-28 15:40:00,2022-02-28 15:45:00,74,75,1,-1,163.56,164.21040563764075,0.6504056376407448,-1.0,-0.3976556845443536,0.3976556845443536,stop,slc_as_written,model,2,-1,2.1523459531163227,AAPL,2022-02-28
2022-04-06 14:30:00,2022-04-06 15:00:00,60,66,6,-1,172.91,173.5605917405401,0.6505917405401078,-1.0,-0.3762603322769694,0.3762603322769694,stop,slc_as_written,model,1,-1,4.21473059436498,AAPL,2022-04-06
2022-04-22 14:20:00,2022-04-22 14:30:00,58,60,2,1,163.7649,163.24542712980232,0.5194728701976885,-1.0,-0.31720647721073836,0.31720647721073836,stop,slc_as_written,model,0,1,2.193972048239077,AAPL,2022-04-22
2022-05-18 13:05:00,2022-05-18 13:20:00,43,46,3,1,142.635,142.254029092701,0.38097090729900174,-1.0,-0.2670949677842057,0.2670949677842057,stop,slc_as_written,model,1,1,2.372836740232068,AAPL,2022-05-18
2022-09-07 14:25:00,2022-09-07 15:05:00,59,67,8,-1,155.64,156.31116853794578,0.671168537945789,-1.0,-0.4312313916382608,0.4312313916382608,stop,slc_as_written,model,1,-1,2.671405994013444,AAPL,2022-09-07
2022-09-21 14:35:00,2022-09-21 15:45:00,61,75,14,1,156.33,154.52161243097234,1.8083875690276727,-1.0,-1.1567757749809202,1.1567757749809202,stop,slc_as_written,model,2,1,2.0408356270840837,AAPL,2022-09-21
2023-02-22 14:55:00,2023-02-22 15:55:00,65,77,12,1,148.37,148.93,0.36728908708482777,1.524684559633177,0.3774347913998802,0.24754942851306044,eod,slc_as_written,model,0,1,2.4092152988268056,AAPL,2023-02-22
2023-07-21 14:35:00,2023-07-21 15:50:00,61,76,15,-1,192.87,192.03942078974785,0.4152896051260768,2.0,0.43064199214608473,0.21532099607304236,target,slc_as_written,model,0,-1,2.423789142347207,AAPL,2023-07-21
2023-10-12 14:35:00,2023-10-12 15:55:00,61,77,16,1,179.79,180.73,0.8310489733019608,1.1311006092278146,0.5228321931141876,0.462233146060382,eod,slc_as_written,model,2,1,2.1243106908435316,AAPL,2023-10-12
2023-11-29 15:50:00,2023-11-29 15:55:00,76,77,1,1,189.25,189.35,0.28129000060164344,0.35550499408477754,0.05284015852047256,0.14863408222015506,eod,slc_as_written,model,0,1,2.4084313318980723,AAPL,2023-11-29
2024-04-10 13:15:00,2024-04-10 13:20:00,45,46,1,-1,168.1068,168.32326823289276,0.2164682328927654,-1.0,-0.128768278792271,0.128768278792271,stop,slc_as_written,model,0,-1,2.1856889414967147,AAPL,2024-04-10
2024-06-06 14:25:00,2024-06-06 15:50:00,59,76,17,1,195.54,194.8999589318395,0.6400410681604853,-1.0,-0.32731976483608743,0.32731976483608743,stop,slc_as_written,model,2,1,2.606953339935434,AAPL,2024-06-06
2024-07-31 15:50:00,2024-07-31 15:55:00,76,77,1,1,222.42,221.99,1.2867431378872993,-0.33417702985072406,-0.1933279381350501,0.5785195296678803,eod,slc_as_written,model,1,1,2.18118451473174,AAPL,2024-07-31
2024-12-06 15:25:00,2024-12-06 15:45:00,71,75,4,1,243.05,242.82665956473053,0.22334043526947767,-1.0,-0.09189073658484989,0.09189073658484989,stop,slc_as_written,model,0,1,2.0809878588221298,AAPL,2024-12-06
2024-12-20 15:40:00,2024-12-20 15:55:00,74,77,3,-1,253.59,254.2985136094587,0.7085136094586915,-1.0,-0.27939335520276487,0.27939335520276487,stop,slc_as_written,model,0,-1,2.232337133858172,AAPL,2024-12-20
2025-01-21 15:05:00,2025-01-21 15:30:00,67,72,5,-1,221.385,221.79539805263082,0.41039805263082485,-1.0,-0.18537753354148875,0.18537753354148875,stop,slc_as_written,model,1,-1,2.42543082694682,AAPL,2025-01-21
2025-02-21 15:10:00,2025-02-21 15:55:00,68,77,9,1,245.72,245.59,0.6193134551395474,-0.20990985892709707,-0.05290574637798936,0.25204031220069484,eod,slc_as_written,model,0,1,2.2238507831746976,AAPL,2025-02-21
2025-04-02 14:55:00,2025-04-02 15:00:00,65,66,1,1,222.9453,223.21581353832116,0.13525676916057705,2.0,0.12133628218273904,0.06066814109136952,target,slc_as_written,model,0,1,2.3863797668424813,AAPL,2025-04-02
2025-05-15 14:55:00,2025-05-15 15:35:00,65,73,8,1,210.66,210.1694829976511,0.49051700234889495,-1.0,-0.23284771781491265,0.23284771781491265,stop,slc_as_written,model,1,1,2.347985614823658,AAPL,2025-05-15
2025-05-20 15:50:00,2025-05-20 15:55:00,76,77,1,-1,206.63,206.88644876868423,0.25644876868423694,-1.0,-0.12411013341926969,0.12411013341926969,stop,slc_as_written,model,0,-1,3.5408342625271394,AAPL,2025-05-20
2025-07-17 15:50:00,2025-07-17 15:55:00,76,77,1,1,210.47,210.1248779748944,0.34512202510560996,-1.0,-0.16397682572604644,0.16397682572604644,stop,slc_as_written,model,0,1,2.3952175132395306,AAPL,2025-07-17
2025-07-31 15:10:00,2025-07-31 15:55:00,68,77,9,-1,208.77,207.61,1.1680573135508325,0.9931019535964873,0.555635388226276,0.5594948093839308,eod,slc_as_written,model,0,-1,2.4481329743116023,AAPL,2025-07-31
2025-08-21 15:40:00,2025-08-21 15:50:00,74,76,2,-1,224.7588,225.12128284354668,0.3624828435466725,-1.0,-0.16127637429398647,0.16127637429398647,stop,slc_as_written,model,2,-1,2.3260393092533973,AAPL,2025-08-21
2025-09-15 15:15:00,2025-09-15 15:55:00,69,77,8,1,235.8799,236.76,0.6760195758906491,1.3018853763820015,0.3731136056951011,0.2865948204533956,eod,slc_as_written,model,0,1,3.0683020158175176,AAPL,2025-09-15
2026-02-27 15:35:00,2026-02-27 15:40:00,73,74,1,1,265.2301,265.1329565098603,0.09714349013967194,-1.0,-0.03662611827981513,0.03662611827981513,stop,slc_as_written,model,0,1,2.2207079657527604,AAPL,2026-02-27
2026-04-17 15:50:00,2026-04-17 15:55:00,76,77,1,1,270.071,270.185,0.5724439553910088,0.19914613286833993,0.04221112226043369,0.2119605420022915,eod,slc_as_written,model,1,1,2.259183306537865,AAPL,2026-04-17
2021-01-11 15:50:00,2021-01-11 15:55:00,76,77,1,1,217.525,217.5,0.4814420278375451,-0.05192733196205616,-0.01149293184691676,0.22132721656708196,eod,slc_as_written,model,0,1,2.1003319147981174,MSFT,2021-01-11
2021-01-14 13:20:00,2021-01-14 14:25:00,46,59,13,1,214.4,213.87671109804256,0.5232889019574429,-1.0,-0.2440713162114939,0.2440713162114939,stop,slc_as_written,model,0,1,2.009249227959669,MSFT,2021-01-14
2021-03-24 15:35:00,2021-03-24 15:40:00,73,74,1,1,235.94,236.16072105649886,0.11036052824942999,2.0,0.09354965520846825,0.046774827604234126,target,slc_as_written,model,0,1,2.236953090860418,MSFT,2021-03-24
2021-04-12 15:50:00,2021-04-12 15:55:00,76,77,1,1,256.19,255.92,1.0161576505650203,-0.2657068023351303,-0.10539053046567401,0.39664219936961637,eod,slc_as_written,model,0,1,3.23918198454167,MSFT,2021-04-12
2021-04-30 15:50:00,2021-04-30 15:55:00,76,77,1,-1,251.67,252.18,0.994158711794114,-0.5129965607600471,-0.2026463225652717,0.3950247195907792,eod,slc_as_written,model,1,-1,2.2365566376434356,MSFT,2021-04-30
2021-05-04 14:25:00,2021-05-04 15:55:00,59,77,18,1,246.32,247.46255257249942,0.5712762862497129,2.0,0.4638488845807997,0.23192444229039985,target,slc_as_written,model,0,1,2.093791704386587,MSFT,2021-05-04
2021-05-27 15:50:00,2021-05-27 15:55:00,76,77,1,1,249.69,249.4181196828951,0.2718803171048876,-1.0,-0.10888714690411613,0.10888714690411613,stop,slc_as_written,model,1,1,2.2657004732575787,MSFT,2021-05-27
2021-09-24 15:05:00,2021-09-24 15:20:00,67,70,3,1,298.485,299.10907498656127,0.31203749328062713,2.0,0.20908085383227107,0.10454042691613553,target,slc_as_written,model,0,1,2.3413571026854347,MSFT,2021-09-24
2021-09-29 13:40:00,2021-09-29 14:05:00,50,55,5,-1,284.3,285.41829658998273,1.1182965899827195,-1.0,-0.3933508934163628,0.3933508934163628,stop,slc_as_written,model,0,-1,2.2865947993755777,MSFT,2021-09-29
2022-02-15 15:45:00,2022-02-15 15:50:00,75,76,1,-1,299.4,300.3573757963743,0.9573757963743219,-1.0,-0.3197647950482037,0.3197647950482037,stop,slc_as_written,model,0,-1,2.0620071143000387,MSFT,2022-02-15
2022-04-22 14:30:00,2022-04-22 14:45:00,60,63,3,1,275.68,275.4240856236516,0.2559143763484144,-1.0,-0.09283022937768949,0.09283022937768949,stop,slc_as_written,model,0,1,2.1099096968482653,MSFT,2022-04-22
2022-07-20 13:05:00,2022-07-20 13:10:00,43,44,1,1,261.27,261.0612982345341,0.20870176546588937,-1.0,-0.07987972804604025,0.07987972804604025,stop,slc_as_written,model,0,1,2.092062669694863,MSFT,2022-07-20
2022-09-26 14:50:00,2022-09-26 15:50:00,64,76,12,-1,238.78,239.49197419565664,0.7119741956566372,-1.0,-0.2981716205949565,0.2981716205949565,stop,slc_as_written,model,1,-1,2.029430160813189,MSFT,2022-09-26
2023-05-31 15:50:00,2023-05-31 15:55:00,76,77,1,1,330.04,329.0525947303582,0.9874052696418403,-1.0,-0.29917745413944985,0.29917745413944985,stop,slc_as_written,model,0,1,2.405638766404693,MSFT,2023-05-31
2023-06-14 13:30:00,2023-06-14 14:00:00,48,54,6,1,337.0,335.6124012226634,1.3875987773366205,-1.0,-0.41175037903163814,0.41175037903163814,stop,slc_as_written,model,0,1,2.0952997065956613,MSFT,2023-06-14
2023-07-17 15:45:00,2023-07-17 15:50:00,75,76,1,1,345.4,344.9609261174094,0.43907388259060554,-1.0,-0.1271204060771875,0.1271204060771875,stop,slc_as_written,model,1,1,2.1493225915638967,MSFT,2023-07-17
2023-07-28 12:25:00,2023-07-28 13:40:00,35,50,15,-1,339.21,337.2624043176973,0.9737978411513382,2.0,0.5741563286172803,0.28707816430864014,target,slc_as_written,model,1,-1,2.087715551313455,MSFT,2023-07-28
2023-09-12 13:40:00,2023-09-12 13:45:00,50,51,1,1,332.9999,332.82113809939517,0.17876190060485442,-1.0,-0.05368226855469158,0.05368226855469158,stop,slc_as_written,model,0,1,2.4329092452107113,MSFT,2023-09-12
2024-03-04 14:45:00,2024-03-04 15:45:00,63,75,12,1,415.29,414.6475227871812,0.6424772128188465,-1.0,-0.15470567863874557,0.15470567863874557,stop,slc_as_written,model,0,1,2.0516871909875816,MSFT,2024-03-04
2024-03-05 15:10:00,2024-03-05 15:45:00,68,75,7,1,401.0,401.9879985785027,0.4939992892513487,2.0,0.24638368541214398,0.12319184270607199,target,slc_as_written,model,0,1,2.0701466227455247,MSFT,2024-03-05
2024-05-22 15:50:00,2024-05-22 15:55:00,76,77,1,1,428.78,430.55,1.8010091119769527,0.982782368078707,0.4127991044358502,0.4200310443530372,eod,slc_as_written,model,1,1,2.8966628962069763,MSFT,2024-05-22
2024-08-26 15:50:00,2024-08-26 15:55:00,76,77,1,-1,413.01,413.6039320403153,0.5939320403153374,-1.0,-0.1438057287512015,0.1438057287512015,stop,slc_as_written,model,1,-1,2.20441758520476,MSFT,2024-08-26
2024-09-30 15:00:00,2024-09-30 15:50:00,66,76,10,1,426.62,429.3509876023387,1.3654938011693503,2.0,0.6401452351832311,0.32007261759161554,target,slc_as_written,model,1,1,2.566707630199154,MSFT,2024-09-30
2024-11-12 13:15:00,2024-11-12 13:20:00,45,46,1,-1,421.59,421.37830908266216,0.10584545866890949,2.0,0.05021250915292559,0.025106254576462796,target,slc_as_written,model,0,-1,2.2011524435965484,MSFT,2024-11-12
2024-12-11 15:20:00,2024-12-11 15:55:00,70,77,7,1,448.9,449.0,1.1552737508804967,0.08655957077169574,0.022276676319898138,0.2573565940923361,eod,slc_as_written,model,0,1,2.3185764439214527,MSFT,2024-12-11
2025-05-21 13:40:00,2025-05-21 15:05:00,50,67,17,1,453.98,452.66534563305964,1.314654366940374,-1.0,-0.28958420347600644,0.28958420347600644,stop,slc_as_written,model,2,1,2.1179857633717822,MSFT,2025-05-21
2025-06-18 14:05:00,2025-06-18 15:50:00,55,76,21,1,478.85,480.89868362120103,1.0243418106005038,2.0,0.42783410696481305,0.21391705348240653,target,slc_as_written,model,0,1,2.09485531351131,MSFT,2025-06-18
2025-06-26 15:50:00,2025-06-26 15:55:00,76,77,1,1,497.58,497.31,1.3366446193401202,-0.20199834428187532,-0.05426263113468826,0.26862908865712454,eod,slc_as_written,model,0,1,2.2006849630273453,MSFT,2025-06-26
2025-07-01 15:00:00,2025-07-01 15:10:00,66,68,2,1,491.84,491.5739322721194,0.2660677278805679,-1.0,-0.054096398804604734,0.054096398804604734,stop,slc_as_written,model,1,1,2.2009509309187134,MSFT,2025-07-01
2025-09-17 14:30:00,2025-09-17 14:40:00,60,62,2,1,507.94,506.8541514768231,1.0858485231768782,-1.0,-0.21377495829760956,0.21377495829760956,stop,slc_as_written,model,2,1,2.2931556334967276,MSFT,2025-09-17
2025-10-30 15:50:00,2025-10-30 15:55:00,76,77,1,-1,526.35,525.78,0.9118557401893668,0.6250988779010999,0.10829296095754726,0.17324132994953295,eod,slc_as_written,model,0,-1,2.0726298847609437,MSFT,2025-10-30
2025-10-31 15:50:00,2025-10-31 15:55:00,76,77,1,-1,517.19,517.82,2.675003213141622,-0.23551373579850782,-0.12181210000193263,0.5172186649280963,eod,slc_as_written,model,2,-1,2.1934280321098396,MSFT,2025-10-31
2025-11-10 15:45:00,2025-11-10 15:55:00,75,77,2,-1,506.5,506.15,0.43572464759625973,0.8032595859124567,0.06910167818361751,0.08602658392818553,eod,slc_as_written,model,2,-1,2.16513074365475,MSFT,2025-11-10
2025-12-04 13:25:00,2025-12-04 13:30:00,47,48,1,-1,478.99,479.13757556941704,0.14757556941702887,-1.0,-0.030809739121282046,0.030809739121282046,stop,slc_as_written,model,0,-1,2.037697136074153,MSFT,2025-12-04
2025-12-11 15:50:00,2025-12-11 15:55:00,76,77,1,1,482.41,483.69,1.0723007385083747,1.1936949719726186,0.26533446653261183,0.22227995657394636,eod,slc_as_written,model,1,1,3.399933719014283,MSFT,2025-12-11
2026-03-04 15:05:00,2026-03-04 15:50:00,67,76,9,1,408.52,406.22896707715347,2.2910329228465116,-1.0,-0.5608129156091529,0.5608129156091529,stop,slc_as_written,model,0,1,2.094861396612335,MSFT,2026-03-04
2026-03-24 15:15:00,2026-03-24 15:55:00,69,77,8,-1,374.42,372.1716194891374,1.1241902554313015,2.0,0.6004969047760811,0.30024845238804054,target,slc_as_written,model,0,-1,2.1865301318089605,MSFT,2026-03-24
2026-06-23 14:00:00,2026-06-23 15:45:00,54,75,21,-1,373.83,374.7393378054621,0.9093378054621439,-1.0,-0.2432490183939609,0.2432490183939609,stop,slc_as_written,model,1,-1,2.0862505508722657,MSFT,2026-06-23
2021-01-19 15:35:00,2021-01-19 15:55:00,73,77,4,-1,520.085,521.2097548675297,1.1247548675296457,-1.0,-0.21626366219553453,0.21626366219553453,stop,slc_as_written,model,1,-1,2.2144496008234094,NVDA,2021-01-19
2021-03-09 14:35:00,2021-03-09 15:20:00,61,70,9,-1,501.33,503.27455446299604,1.9445544629960523,-1.0,-0.3878791341024978,0.3878791341024978,stop,slc_as_written,model,0,-1,2.1758535023395558,NVDA,2021-03-09
2021-06-03 14:55:00,2021-06-03 15:40:00,65,74,9,1,683.835,681.246478613547,2.588521386453067,-1.0,-0.3785301112772916,0.3785301112772916,stop,slc_as_written,model,0,1,2.175817640444519,NVDA,2021-06-03
2021-11-05 15:20:00,2021-11-05 15:50:00,70,76,6,1,299.93,296.09369416575146,3.8363058342485488,-1.0,-1.2790670603969423,1.2790670603969423,stop,slc_as_written,model,0,1,2.117379301668121,NVDA,2021-11-05
2021-12-15 14:35:00,2021-12-15 15:05:00,61,67,6,-1,289.49,294.07737330027396,4.587373300273953,-1.0,-1.5846396422238946,1.5846396422238946,stop,slc_as_written,model,1,-1,2.011818509244829,NVDA,2021-12-15
2021-12-20 14:50:00,2021-12-20 15:05:00,64,67,3,-1,275.25,276.7131066402029,1.4631066402029091,-1.0,-0.5315555459411114,0.5315555459411114,stop,slc_as_written,model,0,-1,2.014219878071586,NVDA,2021-12-20
2022-01-31 15:30:00,2022-01-31 15:35:00,72,73,1,-1,242.27,241.65628550756267,0.3068572462186694,2.0,0.2533184019636516,0.1266592009818258,target,slc_as_written,model,0,-1,2.1120540595179738,NVDA,2022-01-31
2022-02-15 15:40:00,2022-02-15 15:55:00,74,77,3,-1,264.8594,265.2,0.7872499984451338,-0.43264528507170585,-0.12859653083862416,0.2972331729382207,eod,slc_as_written,model,0,-1,2.0980478678877,NVDA,2022-02-15
2022-04-25 15:15:00,2022-04-25 15:40:00,69,74,5,-1,195.9786,197.84642827951942,1.867828279519415,-1.0,-0.9530776725210891,0.9530776725210891,stop,slc_as_written,model,0,-1,2.128757865960647,NVDA,2022-04-25
2022-06-15 14:15:00,2022-06-15 14:30:00,57,60,3,-1,162.615,160.61242244148445,1.0012887792577772,2.0,1.2314839089355558,0.6157419544677779,target,slc_as_written,model,0,-1,2.4566884490506,NVDA,2022-06-15
2022-09-01 15:50:00,2022-09-01 15:55:00,76,77,1,-1,138.89,139.55280670081302,0.6628067008130358,-1.0,-0.4772170068493311,0.4772170068493311,stop,slc_as_written,model,1,-1,2.013372306630556,NVDA,2022-09-01
2023-02-06 15:10:00,2023-02-06 15:25:00,68,71,3,1,210.705,210.08228651749167,0.6227134825083454,-1.0,-0.29553806625772777,0.29553806625772777,stop,slc_as_written,model,0,1,2.598143411274452,NVDA,2023-02-06
2023-03-23 15:20:00,2023-03-23 15:55:00,70,77,7,1,269.785,271.82,3.193543710509232,0.6372231553628787,0.7543043534666375,1.183736571903268,eod,slc_as_written,model,1,1,2.3071385465716885,NVDA,2023-03-23
2023-06-13 14:45:00,2023-06-13 15:55:00,63,77,14,1,406.5,410.23,5.895948543184659,0.6326378143702867,0.9175891758917634,1.4504178458018842,eod,slc_as_written,model,1,1,2.252908790555992,NVDA,2023-06-13
2023-07-25 15:10:00,2023-07-25 15:55:00,68,77,9,-1,459.775,456.62,2.318796868742254,1.3606193981585313,0.6862052090696478,0.5043329604137359,eod,slc_as_written,model,0,-1,2.1455112574531134,NVDA,2023-07-25
2023-07-27 14:10:00,2023-07-27 14:25:00,56,59,3,1,467.65,466.44909492919544,1.200905070804538,-1.0,-0.2567956956708089,0.2567956956708089,stop,slc_as_written,model,0,1,2.0513043751049715,NVDA,2023-07-27
2023-07-28 14:10:00,2023-07-28 15:55:00,56,77,21,1,465.66,467.44,1.8654944441516363,0.9541706251553359,0.38225314607223565,0.4006129889085676,eod,slc_as_written,model,0,1,2.3585528324935665,NVDA,2023-07-28
2023-10-17 15:20:00,2023-10-17 15:55:00,70,77,7,-1,439.055,439.55,2.4638914830609906,-0.20090170504792132,-0.11274213936750624,0.5611805999387298,eod,slc_as_written,model,0,-1,2.2327620971417077,NVDA,2023-10-17
2023-12-28 15:50:00,2023-12-28 15:55:00,76,77,1,1,495.37,494.9084050835445,0.46159491645551043,-1.0,-0.09318184719613833,0.09318184719613833,stop,slc_as_written,model,0,1,2.46199554199839,NVDA,2023-12-28
2024-07-09 13:10:00,2024-07-09 15:55:00,44,77,33,1,130.1801,131.41,1.6889639687746865,0.7281978909782529,0.9447680559470966,1.2974056470802269,eod,slc_as_written,model,1,1,2.1605547068471216,NVDA,2024-07-09
2025-01-02 15:50:00,2025-01-02 15:55:00,76,77,1,-1,138.4,138.28,0.5921292163543228,0.2026584682627753,0.08670520231214202,0.42783902915774763,eod,slc_as_written,model,0,-1,2.162350901506857,NVDA,2025-01-02
2025-02-11 12:40:00,2025-02-11 15:55:00,38,77,39,1,132.06,132.87,1.1751697648170136,0.6892621170577239,0.6133575647433002,0.8898756359359485,eod,slc_as_written,model,1,1,2.013853186814868,NVDA,2025-02-11
2025-03-03 14:40:00,2025-03-03 14:50:00,62,64,2,-1,117.32,115.67427750023734,0.8228612498813277,2.0,1.4027638081850116,0.7013819040925058,target,slc_as_written,model,0,-1,2.281211415520687,NVDA,2025-03-03
2025-08-27 15:30:00,2025-08-27 15:55:00,72,77,5,1,181.54,181.6,0.5635494664751093,0.10646802733270326,0.03305056736807441,0.310427160116288,eod,slc_as_written,model,1,1,2.2668383025545595,NVDA,2025-08-27
2025-10-29 14:55:00,2025-10-29 15:55:00,65,77,12,1,206.595,207.05,1.7946905655604155,0.2535255986359592,0.2202376630605835,0.8686999034634988,eod,slc_as_written,model,1,1,2.4138786267331747,NVDA,2025-10-29
2025-11-04 14:05:00,2025-11-04 14:35:00,55,61,6,1,199.895,199.05946437359586,0.8355356264041518,-1.0,-0.4179872565117445,0.4179872565117445,stop,slc_as_written,model,0,1,2.241581460200128,NVDA,2025-11-04
2026-02-03 14:25:00,2026-02-03 14:30:00,59,60,1,1,178.69,177.9497922683191,0.740207731680897,-1.0,-0.4142412735356747,0.4142412735356747,stop,slc_as_written,model,0,1,2.227214234874591,NVDA,2026-02-03
2026-02-04 15:30:00,2026-02-04 15:55:00,72,77,5,-1,175.47,174.2,0.6686787525625277,1.8992677651758545,0.7237704450903347,0.3810786758776587,eod,slc_as_written,model,1,-1,2.463715427958716,NVDA,2026-02-04
2026-02-10 15:25:00,2026-02-10 15:50:00,71,76,5,1,189.1,188.52279507999685,0.5772049200031404,-1.0,-0.3052379270244,0.3052379270244,stop,slc_as_written,model,0,1,2.2482934876683123,NVDA,2026-02-10
2026-07-27 15:50:00,2026-07-27 15:55:00,76,77,1,-1,197.09,196.52,1.002767513417865,0.5684268710074051,0.2892079760515466,0.5087866017646075,eod,slc_as_written,model,0,-1,2.0685620269892624,NVDA,2026-07-27
2021-10-07 15:25:00,2021-10-07 15:55:00,71,77,6,-1,796.66,793.57,8.885494363140879,0.347757803191904,0.387869354555258,1.1153433538951218,eod,slc_as_written,model,2,-1,2.030626040164465,TSLA,2021-10-07
2022-01-19 15:00:00,2022-01-19 15:25:00,66,71,5,1,1004.4097,1000.846117744634,3.5635822553661,-1.0,-0.3547936917939064,0.3547936917939064,stop,slc_as_written,model,0,1,2.364946473959292,TSLA,2022-01-19
2022-02-14 15:30:00,2022-02-14 15:40:00,72,74,2,-1,878.1444,874.0121447107086,2.0661276446456895,2.0,0.47056671878695333,0.23528335939347667,target,slc_as_written,model,1,-1,2.1645979927432046,TSLA,2022-02-14
2022-02-17 11:35:00,2022-02-17 13:00:00,25,42,17,1,893.81,885.763302490988,8.046697509011892,-1.0,-0.9002693535552178,0.9002693535552178,stop,slc_as_written,model,0,1,2.112215563385221,TSLA,2022-02-17
2022-04-26 14:55:00,2022-04-26 15:15:00,65,69,4,-1,897.17,883.4831017665307,6.843449116734632,2.0,1.5255635201209654,0.7627817600604827,target,slc_as_written,model,0,-1,2.3221667508478054,TSLA,2022-04-26
2022-07-19 15:50:00,2022-07-19 15:55:00,76,77,1,1,735.74,736.5,2.961280604484614,0.25664572241111966,0.10329736048060334,0.4024900922179865,eod,slc_as_written,model,1,1,2.0200293424798343,TSLA,2022-07-19
2022-09-14 14:55:00,2022-09-14 15:15:00,65,69,4,1,300.345,299.2462598189675,1.0987401810325537,-1.0,-0.3658260270797095,0.3658260270797095,stop,slc_as_written,model,2,1,2.0126186957911223,TSLA,2022-09-14
2022-11-15 14:35:00,2022-11-15 15:55:00,61,77,16,1,194.14,194.46,2.341957874943546,0.13663781207325745,0.16482950448131328,1.2063242376344627,eod,slc_as_written,model,2,1,2.1628228230237303,TSLA,2022-11-15
2022-12-08 14:20:00,2022-12-08 14:50:00,58,64,6,-1,172.893,173.9657352337202,1.0727352337202092,-1.0,-0.6204619236870256,0.6204619236870256,stop,slc_as_written,model,0,-1,2.1552537006928714,TSLA,2022-12-08
2023-03-23 15:15:00,2023-03-23 15:50:00,69,76,7,1,190.03,193.3353918237154,1.6526959118577054,2.0,1.7394052642821716,0.8697026321410858,target,slc_as_written,model,2,1,2.2667004796050993,TSLA,2023-03-23
2023-08-03 15:25:00,2023-08-03 15:55:00,71,77,6,-1,259.5988,259.3,0.8418279393049488,0.35494189019988376,0.11510068613567224,0.32428036620544815,eod,slc_as_written,model,1,-1,2.0938940537106325,TSLA,2023-08-03
2023-08-30 14:05:00,2023-08-30 15:25:00,55,71,16,1,255.69,254.6627244578445,1.0272755421555075,-1.0,-0.4017660221969993,0.4017660221969993,stop,slc_as_written,model,0,1,2.0574876955748564,TSLA,2023-08-30
2023-12-13 14:00:00,2023-12-13 14:35:00,54,61,7,-1,233.5801,234.66076417519662,1.080664175196631,-1.0,-0.46265250130324936,0.46265250130324936,stop,slc_as_written,model,0,-1,2.146991137283591,TSLA,2023-12-13
2024-01-31 15:00:00,2024-01-31 15:05:00,66,67,1,1,189.9,189.45680020912994,0.443199790870068,-1.0,-0.23338588250135225,0.23338588250135225,stop,slc_as_written,model,1,1,2.177300714920281,TSLA,2024-01-31
2024-04-26 15:15:00,2024-04-26 15:55:00,69,77,8,1,167.27,168.29,0.9655750729676811,1.056365298313912,0.6097925509654939,0.5772553793075154,eod,slc_as_written,model,1,1,2.4056224508671935,TSLA,2024-04-26
2024-10-23 15:35:00,2024-10-23 15:45:00,73,75,2,-1,214.12,214.51082360382108,0.39082360382107595,-1.0,-0.1825255015043321,0.1825255015043321,stop,slc_as_written,model,0,-1,2.137235646393277,TSLA,2024-10-23
2024-12-18 14:25:00,2024-12-18 14:45:00,59,63,4,1,469.21,465.91424572716807,3.295754272831914,-1.0,-0.7024049514784242,0.7024049514784242,stop,slc_as_written,model,2,1,2.09772088131273,TSLA,2024-12-18
2025-01-06 15:50:00,2025-01-06 15:55:00,76,77,1,-1,409.475,409.53944059984104,0.06444059984102068,-1.0,-0.015737370985046874,0.015737370985046874,stop,slc_as_written,model,0,-1,2.4947680020107414,TSLA,2025-01-06
2025-03-20 13:10:00,2025-03-20 14:25:00,44,59,15,-1,235.35,232.70540256961104,1.3222987151944778,2.0,1.123687032245148,0.561843516122574,target,slc_as_written,model,0,-1,2.42725697502457,TSLA,2025-03-20
2025-03-27 12:30:00,2025-03-27 13:20:00,36,46,10,1,279.1184,276.28865441498834,2.829745585011665,-1.0,-1.0138154937158084,1.0138154937158084,stop,slc_as_written,model,0,1,2.2448026144533255,TSLA,2025-03-27
2025-05-28 15:10:00,2025-05-28 15:45:00,68,75,7,1,359.67,357.086870441361,2.5831295586390297,-1.0,-0.7181943333163816,0.7181943333163816,stop,slc_as_written,model,2,1,2.007974799120019,TSLA,2025-05-28
2025-10-29 14:55:00,2025-10-29 15:55:00,65,77,12,1,459.39,461.47,5.527059067296591,0.37633033674406086,0.4527743311783106,1.2031300348933567,eod,slc_as_written,model,1,1,2.082151766370345,TSLA,2025-10-29
2025-11-21 15:30:00,2025-11-21 15:50:00,72,76,4,1,396.16,392.7106407682141,3.449359231785934,-1.0,-0.8706985136777902,0.8706985136777902,stop,slc_as_written,model,0,1,2.0013588912424596,TSLA,2025-11-21
2021-02-02 15:45:00,2021-02-02 15:55:00,75,77,2,-1,89.01,88.86,0.2743239335522958,0.5467988084656508,0.16852039096731342,0.30819451022614963,eod,slc_as_written,model,0,-1,2.869951771001589,AMD,2021-02-02
2021-03-09 14:35:00,2021-03-09 14:55:00,61,65,4,-1,78.62,78.93467241136803,0.31467241136802215,-1.0,-0.4002447359043782,0.4002447359043782,stop,slc_as_written,model,0,-1,2.154041573766852,AMD,2021-03-09
2021-04-26 15:30:00,2021-04-26 15:55:00,72,77,5,1,85.21,85.46,0.2933882389256155,0.8521132302899982,0.2933927942729727,0.34431198090085147,eod,slc_as_written,model,0,1,2.1361138914440696,AMD,2021-04-26
2022-01-31 15:30:00,2022-01-31 15:35:00,72,73,1,-1,113.33,113.34370090978405,0.013700909784049031,-1.0,-0.012089393615149591,0.012089393615149591,stop,slc_as_written,model,0,-1,2.023935096068929,AMD,2022-01-31
2022-03-01 15:15:00,2022-03-01 15:25:00,69,71,2,1,114.25,113.34249184502428,0.9075081549757158,-1.0,-0.7943178599349809,0.7943178599349809,stop,slc_as_written,model,0,1,2.252690856565161,AMD,2022-03-01
2022-04-19 14:35:00,2022-04-19 15:10:00,61,68,7,-1,96.2501,96.51605904125184,0.2659590412518327,-1.0,-0.27632079473354587,0.27632079473354587,stop,slc_as_written,model,0,-1,2.178528863037998,AMD,2022-04-19
2022-04-25 15:20:00,2022-04-25 15:50:00,70,76,6,-1,89.57,90.44583121073603,0.8758312107360382,-1.0,-0.9778175848342505,0.9778175848342505,stop,slc_as_written,model,0,-1,2.4146526786804814,AMD,2022-04-25
2022-06-15 14:15:00,2022-06-15 14:30:00,57,60,3,-1,87.9851,87.15168207656642,0.41670896171679317,2.0,0.9472262047023715,0.47361310235118576,target,slc_as_written,model,0,-1,2.286588051054938,AMD,2022-06-15
2022-11-23 14:20:00,2022-11-23 15:55:00,58,77,19,-1,76.37,76.38,0.8538346217282253,-0.011711869893200342,-0.013094146916316492,1.1180235979157067,eod,slc_as_written,model,1,-1,2.3246500976389908,AMD,2022-11-23
2023-03-23 15:15:00,2023-03-23 15:50:00,69,76,7,1,99.34,100.57439225347875,0.6171961267393726,2.0,1.2425933697188898,0.6212966848594449,target,slc_as_written,model,2,1,2.070266481273755,AMD,2023-03-23
2023-07-25 15:10:00,2023-07-25 15:25:00,68,71,3,-1,113.9,113.47914257441232,0.210428712793842,2.0,0.36949730077935383,0.18474865038967692,target,slc_as_written,model,2,-1,2.1268156028513823,AMD,2023-07-25
2023-12-20 15:20:00,2023-12-20 15:55:00,70,77,7,1,136.205,135.43025763224637,0.774742367753646,-1.0,-0.5688061141321141,0.5688061141321141,stop,slc_as_written,model,3,1,2.0840172799647885,AMD,2023-12-20
2024-06-05 15:50:00,2024-06-05 15:55:00,76,77,1,-1,165.55,165.9368846918257,0.38688469182568497,-1.0,-0.233696582196125,0.233696582196125,stop,slc_as_written,model,0,-1,2.3587218583862195,AMD,2024-06-05
2024-06-12 14:55:00,2024-06-12 15:55:00,65,77,12,-1,159.82,160.19,0.9894906705942219,-0.37392975092711817,-0.2315104492554152,0.6191281883332636,eod,slc_as_written,model,2,-1,2.35721427819827,AMD,2024-06-12
2024-11-15 15:50:00,2024-11-15 15:55:00,76,77,1,-1,134.75,134.96,0.3370191241453142,-0.6231100402167719,-0.15584415584416175,0.2501069566941107,eod,slc_as_written,model,0,-1,2.0620677179123033,AMD,2024-11-15
2024-12-19 14:00:00,2024-12-19 14:40:00,54,62,8,1,119.53,118.9327091443455,0.5972908556545065,-1.0,-0.4996995362289856,0.4996995362289856,stop,slc_as_written,model,0,1,2.195014159793914,AMD,2024-12-19
2025-04-29 15:35:00,2025-04-29 15:55:00,73,77,4,1,96.2999,96.04,0.3843574572535715,-0.676193462869446,-0.26988605387958614,0.3991254998744251,eod,slc_as_written,model,0,1,2.9074018058398083,AMD,2025-04-29
2025-08-27 15:10:00,2025-08-27 15:30:00,68,72,4,1,166.14,167.0521898743653,0.45609493718265526,2.0,0.5490489192038706,0.2745244596019353,target,slc_as_written,model,0,1,2.0618236670882344,AMD,2025-08-27
2025-09-23 14:15:00,2025-09-23 15:55:00,57,77,20,1,160.05,160.919,0.9760077652776715,0.8903617685385645,0.542955326460481,0.6098142863340652,eod,slc_as_written,model,2,1,2.411826578534173,AMD,2025-09-23
2025-10-10 15:10:00,2025-10-10 15:55:00,68,77,9,1,217.03,214.61,4.139740717306665,-0.5845776741241058,-1.1150532184490567,1.907450913379102,eod,slc_as_written,model,2,1,2.1520817430048744,AMD,2025-10-10
2026-01-27 14:40:00,2026-01-27 15:55:00,62,77,15,1,250.61,252.04,0.8846812798638553,1.616401332941105,0.5706077171700963,0.35301116470366517,eod,slc_as_written,model,0,1,2.3474517103420136,AMD,2026-01-27
2026-06-04 15:40:00,2026-06-04 15:55:00,74,77,3,1,525.88,522.4969053066995,3.3830946933004498,-1.0,-0.6433206612345876,0.6433206612345876,stop,slc_as_written,model,0,1,2.675194751617237,AMD,2026-06-04
2026-06-09 14:55:00,2026-06-09 15:15:00,65,69,4,-1,468.3901,462.3396860048644,3.025206997567807,2.0,1.2917467715768574,0.6458733857884287,target,slc_as_written,model,1,-1,2.124389754230494,AMD,2026-06-09
2021-02-26 15:45:00,2021-02-26 15:50:00,75,76,1,-1,264.08,262.3542869520796,0.862856523960204,2.0,0.653481160224329,0.3267405801121645,target,slc_as_written,model,0,-1,2.6441859421426286,META,2021-02-26
2021-09-22 14:50:00,2021-09-22 15:15:00,64,69,5,-1,343.8,346.0180828296258,2.218082829625814,-1.0,-0.6451666171104753,0.6451666171104753,stop,slc_as_written,model,1,-1,2.2353746224416975,META,2021-09-22
2021-12-06 15:35:00,2021-12-06 15:55:00,73,77,4,-1,318.32,317.88,1.7080927348199566,0.25759725513168724,0.13822568484543785,0.5365961092045604,eod,slc_as_written,model,1,-1,2.193941848536687,META,2021-12-06
2021-12-13 15:40:00,2021-12-13 15:55:00,74,77,3,-1,336.53,334.54,1.3258954321000829,1.5008725060980077,0.5913291534187004,0.3939902630077803,eod,slc_as_written,model,1,-1,2.2127108795974477,META,2021-12-13
2022-03-01 15:15:00,2022-03-01 15:20:00,69,70,1,1,205.04,204.39202961040587,0.6479703895941213,-1.0,-0.3160214541524197,0.3160214541524197,stop,slc_as_written,model,0,1,2.5876660619174205,META,2022-03-01
2023-01-04 14:20:00,2023-01-04 15:55:00,58,77,19,1,127.47,127.36,1.471265744795403,-0.07476555502574841,-0.08629481446614845,1.1542054952501788,eod,slc_as_written,model,2,1,2.353515637141823,META,2023-01-04
2023-03-23 15:05:00,2023-03-23 15:55:00,67,77,10,1,203.86,204.24,1.828069034146523,0.2078696115419992,0.18640243304228168,0.8967276729846575,eod,slc_as_written,model,2,1,2.3599967078907285,META,2023-03-23
2023-04-24 14:00:00,2023-04-24 14:15:00,54,57,3,-1,213.035,213.53767069911513,0.5026706991151286,-1.0,-0.23595686113320752,0.23595686113320752,stop,slc_as_written,model,0,-1,2.2577023000999503,META,2023-04-24
2023-05-03 13:25:00,2023-05-03 15:55:00,47,77,30,1,237.2518,237.06,4.017254251474071,-0.04774405302567606,-0.08084237927805,1.6932450044526832,eod,slc_as_written,model,1,1,2.6577772121372556,META,2023-05-03
2023-07-25 15:10:00,2023-07-25 15:55:00,68,77,9,-1,295.23,294.41,0.9160185813037742,0.8951783476191965,0.2777495511973692,0.3102728656653369,eod,slc_as_written,model,0,-1,2.198998181919579,META,2023-07-25
2023-08-31 15:25:00,2023-08-31 15:55:00,71,77,6,1,297.45,296.7474566186636,0.7025433813363975,-1.0,-0.2361887313284241,0.2361887313284241,stop,slc_as_written,model,1,1,2.0631446910138,META,2023-08-31
2023-09-05 15:45:00,2023-09-05 15:55:00,75,77,2,1,300.24,300.15,0.8408961899314704,-0.10702866902913005,-0.02997601918466288,0.280074670240964,eod,slc_as_written,model,0,1,2.4555814207249664,META,2023-09-05
2023-11-09 13:00:00,2023-11-09 13:05:00,42,43,1,1,321.18,321.12637159492755,0.05362840507245892,-1.0,-0.016697305271953084,0.016697305271953084,stop,slc_as_written,model,1,1,2.2630417676216212,META,2023-11-09
2023-12-19 15:45:00,2023-12-19 15:55:00,75,77,2,1,350.33,350.41,0.515972865146864,0.15504691313034477,0.022835612137139534,0.14728195277220452,eod,slc_as_written,model,0,1,2.12728866377567,META,2023-12-19
2024-02-09 13:45:00,2024-02-09 15:55:00,51,77,26,1,468.845,468.01,1.591318163787946,-0.5247222202330782,-0.1780972389595786,0.3394124206908351,eod,slc_as_written,model,0,1,2.075827604234653,META,2024-02-09
2024-04-30 15:35:00,2024-04-30 15:55:00,73,77,4,-1,433.8237,430.60916601602736,1.6072669919863074,2.0,0.7409770337518709,0.3704885168759354,target,slc_as_written,model,0,-1,2.055319069735614,META,2024-04-30
2024-06-13 12:45:00,2024-06-13 15:55:00,39,77,38,1,502.6,504.0,1.4560342297664874,0.9615158568246732,0.27855153203342164,0.2897004038532605,eod,slc_as_written,model,0,1,2.0908876546440696,META,2024-06-13
2024-07-31 15:15:00,2024-07-31 15:55:00,69,77,8,-1,472.46,476.29169225103135,3.8316922510313702,-1.0,-0.8110088157794036,0.8110088157794036,stop,slc_as_written,model,0,-1,2.6631130642816734,META,2024-07-31
2024-12-06 14:55:00,2024-12-06 15:55:00,65,77,12,1,623.0797,623.72,2.3449160314497703,0.2730588180610255,0.10276373953444877,0.37634287097618013,eod,slc_as_written,model,0,1,2.0674012593564255,META,2024-12-06
2025-08-27 14:30:00,2025-08-27 15:10:00,60,68,8,-1,748.2821,746.3618522444864,0.9601238777568142,2.0,0.25662083263967267,0.12831041631983633,target,slc_as_written,model,0,-1,2.4722218045048474,META,2025-08-27
2025-09-17 14:30:00,2025-09-17 15:00:00,60,66,6,1,769.04,775.1079333644768,3.033966682238429,2.0,0.7890270160819798,0.3945135080409899,target,slc_as_written,model,2,1,2.036521728213918,META,2025-09-17
2026-06-12 15:50:00,2026-06-12 15:55:00,76,77,1,-1,565.96,567.4101723329368,1.450172332936745,-1.0,-0.25623230138821557,0.25623230138821557,stop,slc_as_written,model,0,-1,2.050780674943148,META,2026-06-12
2026-06-16 15:45:00,2026-06-16 15:55:00,75,77,2,1,597.78,600.18,1.9383685236173278,1.238154649519982,0.4014854963364411,0.32426118699476864,eod,slc_as_written,model,0,1,2.213291899644634,META,2026-06-16
2021-02-02 14:45:00,2021-02-02 15:10:00,63,68,5,-1,3417.11,3402.982819210259,7.063590394870516,2.0,0.41342481774777606,0.20671240887388803,target,slc_as_written,model,1,-1,2.0789679237239658,AMZN,2021-02-02
2021-03-01 15:50:00,2021-03-01 15:55:00,76,77,1,-1,3147.995,3143.9375270895807,2.0287364552095823,2.0,0.12889070377872788,0.06444535188936394,target,slc_as_written,model,0,-1,2.184049082986936,AMZN,2021-03-01
2021-04-07 15:50:00,2021-04-07 15:55:00,76,77,1,1,3279.69,3279.39,4.914940637634572,-0.06103837708700461,-0.009147205985937143,0.14985991473689808,eod,slc_as_written,model,1,1,2.2495229155814966,AMZN,2021-04-07
2021-04-14 14:45:00,2021-04-14 15:10:00,63,68,5,1,3339.37,3328.108201577445,11.261798422554875,-1.0,-0.33724320523197115,0.33724320523197115,stop,slc_as_written,model,1,1,2.028342264314996,AMZN,2021-04-14
2021-05-12 14:50:00,2021-05-12 15:55:00,64,77,13,-1,3159.975,3152.62,12.404264468317251,0.5929412436171468,0.23275500597314908,0.39254312038282746,eod,slc_as_written,model,1,-1,2.2224492748753812,AMZN,2021-05-12
2021-06-07 14:55:00,2021-06-07 15:00:00,65,66,1,-1,3192.293,3193.9349580463113,1.6419580463111743,-1.0,-0.051435067091622676,0.051435067091622676,stop,slc_as_written,model,0,-1,2.4066761335658176,AMZN,2021-06-07
2021-11-03 14:20:00,2021-11-03 14:55:00,58,65,7,-1,3352.795,3369.7727115043826,16.97771150438257,-1.0,-0.5063748754213295,0.5063748754213295,stop,slc_as_written,model,3,-1,2.1672875101189946,AMZN,2021-11-03
2021-11-16 15:45:00,2021-11-16 15:50:00,75,76,1,1,3540.75,3538.4198676933297,2.3301323066702935,-1.0,-0.06580900393053148,0.06580900393053148,stop,slc_as_written,model,0,1,2.1105890490143002,AMZN,2021-11-16
2021-12-15 14:35:00,2021-12-15 14:55:00,61,65,4,-1,3366.83,3382.776807217078,15.946807217078003,-1.0,-0.4736445623057298,0.4736445623057298,stop,slc_as_written,model,3,-1,2.2440503297417393,AMZN,2021-12-15
2022-02-02 15:00:00,2022-02-02 15:55:00,66,77,11,1,3003.44,3012.36,24.468536521841088,0.36454979610398475,0.2969927816104225,0.8146837134033337,eod,slc_as_written,model,0,1,2.306833371823968,AMZN,2022-02-02
2022-02-09 15:40:00,2022-02-09 15:55:00,74,77,3,1,3218.3,3224.29,15.124800917243647,0.3960382707034932,0.18612310847341085,0.4699624310115168,eod,slc_as_written,model,0,1,2.2515258889434477,AMZN,2022-02-09
2022-02-15 15:50:00,2022-02-15 15:55:00,76,77,1,-1,3129.49,3130.6491904530726,1.1591904530728243,-1.0,-0.037040874170322466,0.037040874170322466,stop,slc_as_written,model,1,-1,2.2302528935663455,AMZN,2022-02-15
2022-02-28 14:05:00,2022-02-28 14:10:00,55,56,1,1,3018.075,3017.212236162699,0.8627638373009177,-1.0,-0.0285865605493872,0.0285865605493872,stop,slc_as_written,model,0,1,2.4829004287462433,AMZN,2022-02-28
2022-03-01 15:15:00,2022-03-01 15:25:00,69,71,2,1,3031.89,3018.683859321603,13.206140678396878,-1.0,-0.43557453200468615,0.43557453200468615,stop,slc_as_written,model,1,1,2.8373154123818263,AMZN,2022-03-01
2022-04-04 14:20:00,2022-04-04 14:25:00,58,59,1,-1,3340.58,3344.200407194712,3.620407194712243,-1.0,-0.10837660510187581,0.10837660510187581,stop,slc_as_written,model,0,-1,2.394971641264103,AMZN,2022-04-04
2022-04-06 14:35:00,2022-04-06 15:00:00,61,66,5,1,3168.16,3209.4208184342215,20.63040921711081,2.0,1.3023590486030256,0.6511795243015128,target,slc_as_written,model,1,1,2.679869193178137,AMZN,2022-04-06
2022-04-11 13:35:00,2022-04-11 15:35:00,49,73,24,-1,3042.5,3010.985602768914,15.757198615543075,2.0,1.035805989518033,0.5179029947590165,target,slc_as_written,model,2,-1,2.108049214617107,AMZN,2022-04-11
2022-04-25 15:10:00,2022-04-25 15:20:00,68,70,2,-1,2891.59,2911.3758702286577,19.785870228657586,-1.0,-0.6842557288086342,0.6842557288086342,stop,slc_as_written,model,0,-1,2.0911408330108805,AMZN,2022-04-25
2022-05-23 15:05:00,2022-05-23 15:55:00,67,77,10,-1,2147.91,2151.14,17.678033904233416,-0.18271262616067954,-0.15037874026379217,0.8230342008852054,eod,slc_as_written,model,2,-1,2.218664119013693,AMZN,2022-05-23
2022-06-16 15:15:00,2022-06-16 15:55:00,69,77,8,1,103.1199,103.67,1.2139702899668379,0.45314123792521116,0.5334566848881743,1.1772415314278213,eod,slc_as_written,model,1,1,2.452107443352846,AMZN,2022-06-16
2022-12-01 14:20:00,2022-12-01 15:55:00,58,77,19,1,95.54,95.48,0.6472268164824015,-0.09270320461394804,-0.06280092108017822,0.6774406703814125,eod,slc_as_written,model,0,1,2.152993292769055,AMZN,2022-12-01
2023-01-13 15:45:00,2023-01-13 15:55:00,75,77,2,1,98.1,98.12,0.3782738039939204,0.05287175529694271,0.02038735983691155,0.385600207944873,eod,slc_as_written,model,1,1,2.182066557104085,AMZN,2023-01-13
2023-06-23 15:30:00,2023-06-23 15:50:00,72,76,4,1,129.495,129.04982847431526,0.44517152568474216,-1.0,-0.3437750690642435,0.3437750690642435,stop,slc_as_written,model,0,1,2.1855194455000007,AMZN,2023-06-23
2023-07-20 15:50:00,2023-07-20 15:55:00,76,77,1,1,130.06,129.97,0.3515201200222009,-0.2560308638786289,-0.06919883130862942,0.2702753498556058,eod,slc_as_written,model,2,1,2.996920412539871,AMZN,2023-07-20
2023-10-13 12:50:00,2023-10-13 13:05:00,40,43,3,1,130.26,129.73924488955322,0.5207551104467711,-1.0,-0.39978129160661074,0.39978129160661074,stop,slc_as_written,model,0,1,2.0632952938761986,AMZN,2023-10-13
2024-02-14 13:30:00,2024-02-14 13:45:00,48,51,3,-1,169.93,170.22138162124824,0.2913816212482345,-1.0,-0.1714715596117428,0.1714715596117428,stop,slc_as_written,model,0,-1,2.0357069824421172,AMZN,2024-02-14
2024-06-17 14:40:00,2024-06-17 15:20:00,62,70,8,-1,184.23,184.98769119197186,0.7576911919718725,-1.0,-0.4112745980415093,0.4112745980415093,stop,slc_as_written,model,3,-1,2.8112155075818466,AMZN,2024-06-17
2024-07-11 15:35:00,2024-07-11 15:40:00,73,74,1,-1,194.855,194.65793144969686,0.09853427515156454,2.0,0.10113599871860056,0.05056799935930028,target,slc_as_written,model,1,-1,2.2511712531046792,AMZN,2024-07-11
2024-11-12 13:15:00,2024-11-12 13:55:00,45,53,8,-1,208.35,208.82910134805007,0.4791013480500794,-1.0,-0.2299502510439546,0.2299502510439546,stop,slc_as_written,model,1,-1,2.1248439766845766,AMZN,2024-11-12
2025-01-08 14:05:00,2025-01-08 14:25:00,55,59,4,-1,222.86,223.30347774568133,0.4434777456813208,-1.0,-0.1989938731406806,0.1989938731406806,stop,slc_as_written,model,2,-1,2.5740522743468968,AMZN,2025-01-08
2025-04-01 15:30:00,2025-04-01 15:50:00,72,76,4,-1,191.79,192.31297683224722,0.5229768322472239,-1.0,-0.272682012746871,0.272682012746871,stop,slc_as_written,model,0,-1,2.088651083706211,AMZN,2025-04-01
2025-04-22 12:00:00,2025-04-22 12:05:00,30,31,1,-1,174.03,174.28758147229703,0.25758147229703354,-1.0,-0.14800980997358704,0.14800980997358704,stop,slc_as_written,model,0,-1,2.240976945732388,AMZN,2025-04-22
2025-05-06 12:20:00,2025-05-06 12:50:00,34,40,6,1,186.2601,185.98639125620318,0.2737087437968171,-1.0,-0.14694974597179808,0.14694974597179808,stop,slc_as_written,model,0,1,2.74953640811787,AMZN,2025-05-06
2025-08-07 15:45:00,2025-08-07 15:50:00,75,76,1,-1,221.76,222.17042402855233,0.4104240285523417,-1.0,-0.18507577045109205,0.18507577045109205,stop,slc_as_written,model,0,-1,2.0440784995576693,AMZN,2025-08-07
2025-10-29 14:35:00,2025-10-29 14:40:00,61,62,1,1,228.67,228.46284512977965,0.20715487022033585,-1.0,-0.09059118827145488,0.09059118827145488,stop,slc_as_written,model,1,1,2.4162964761312677,AMZN,2025-10-29
2025-12-04 14:25:00,2025-12-04 14:35:00,59,61,2,-1,228.31,229.06219272644952,0.7521927264495218,-1.0,-0.32946113899939633,0.32946113899939633,stop,slc_as_written,model,0,-1,2.0239130492561066,AMZN,2025-12-04
2026-02-23 12:55:00,2026-02-23 15:55:00,41,77,36,1,204.05,205.26,1.070787863741515,1.1300090717988096,0.5929919137466206,0.52476739217913,eod,slc_as_written,model,0,1,2.0033199361201923,AMZN,2026-02-23
2026-07-14 15:00:00,2026-07-14 15:05:00,66,67,1,-1,247.105,247.6516028897931,0.546602889793121,-1.0,-0.22120268298622894,0.22120268298622894,stop,slc_as_written,model,0,-1,2.3239877407701077,AMZN,2026-07-14
2026-07-29 13:50:00,2026-07-29 14:00:00,52,54,2,-1,230.316,230.88582834808318,0.5698283480831776,-1.0,-0.2474115337550051,0.2474115337550051,stop,slc_as_written,model,1,-1,2.23554076952215,AMZN,2026-07-29
2026-08-03 15:20:00,2026-08-03 15:35:00,70,73,3,-1,284.4,284.8026926742388,0.4026926742388355,-1.0,-0.1415937673132333,0.1415937673132333,stop,slc_as_written,model,1,-1,2.2090731462666744,AMZN,2026-08-03
