draw_mean_R,draw_win_rate
-0.12680574885592083,0.3488254182862937
-0.1665683293451427,0.3339530167314517
-0.15463840946369567,0.3402061855670103
-0.16420162038287683,0.3361500760520534
-0.1644355159470674,0.3363190806151766
-0.18142304144975982,0.33479803954706777
-0.17632500247337013,0.3346290349839446
-0.18215485346274402,0.33378401216832854
-0.1750338666935588,0.3327699847895893
-0.1788437884942398,0.3282068615852628
-0.18258713070014873,0.3327699847895893
-0.17164387194207406,0.3324319756633429
-0.1495697610933252,0.34138921750887274
-0.17392774422106735,0.32955889809024846
-0.1852472037958451,0.32905188440087885
-0.15149183406642389,0.342403244887612
-0.1773723856439652,0.34189623119824236
-0.15256792425658455,0.34595234071319925
-0.17008344805004835,0.3429102585769816
-0.17821945172282327,0.33057292546898764
-0.1815767639272336,0.3320939665370965
-0.16299185078173553,0.3391921581882711
-0.18585356555936342,0.3309109345952341
-0.1773567693440448,0.3309109345952341
-0.1831777277549536,0.32989690721649484
-0.17471392074917186,0.3332769984789589
-0.16649278482530605,0.33817813080953185
-0.159716461945557,0.33733310799391586
-0.16263909448492117,0.33361500760520535
-0.18859211158436642,0.32465776575967553
-0.17087712447479214,0.3288828798377556
-0.1850278974820694,0.32634781139090757
-0.162745879669793,0.33446003042082134
-0.17103204267225453,0.33175595741085007
-0.1875136945065214,0.3312489437214805
-0.13963907767131287,0.34189623119824236
-0.15964641105805255,0.3408822038195031
-0.14701185221769206,0.3398681764407639
-0.15961224077561922,0.3356430623626838
-0.17891102203722287,0.3309109345952341
-0.18710471969754486,0.32719283420652356
-0.19714747223440346,0.32398174750718267
-0.17213245533492327,0.3364880851782998
-0.16278439172174092,0.34274125401385835
-0.17706805332011644,0.32972790265337165
-0.15590374849481214,0.33479803954706777
-0.17952790308389183,0.33429102585769815
-0.1638933881357271,0.33446003042082134
-0.18596719213411245,0.3326009802264661
-0.19004276327490383,0.3273618387696468
-0.12268364745889797,0.34950143653878657
-0.18421575877021504,0.32668582051715395
-0.1618796942240213,0.3353050532364374
-0.1601507998135688,0.3378401216832854
-0.17948925433681656,0.32955889809024846
-0.17232124200018345,0.33344600304208216
-0.19580353658791735,0.3248267703227987
-0.18167471081056005,0.32922088896400203
-0.17815535207281574,0.3359810714889302
-0.15130389080732543,0.33834713537265504
-0.15589502298524774,0.33361500760520535
-0.1844200936254735,0.3332769984789589
-0.12353897294565877,0.3479803954706777
-0.17533820361073485,0.3307419300321109
-0.18089127492557333,0.33040392090586446
-0.17636308840237377,0.33344600304208216
-0.1640054590945154,0.3395301673145175
-0.1653236713671144,0.3371641034307926
-0.15534113185296325,0.3417272266351192
-0.17638831787759798,0.33817813080953185
-0.16529527652314008,0.33429102585769815
-0.17125460960909242,0.335812066925807
-0.1574697125039776,0.3390231536251479
-0.16552947450325847,0.3326009802264661
-0.17817293045766136,0.330065911779618
-0.18868069721382022,0.32651681595403076
-0.16319257803539233,0.3339530167314517
-0.15562494324105838,0.33429102585769815
-0.20844220984977818,0.32212269731282744
-0.14910623178466328,0.34612134527632243
-0.164597865971739,0.33378401216832854
-0.15745262556766856,0.33885414906202466
-0.17505207753265548,0.3339530167314517
-0.1762843385915533,0.3322629711002197
-0.17149911893784586,0.3361500760520534
-0.17730628466169984,0.33344600304208216
-0.18429282566183777,0.328375866148386
-0.16872117901072553,0.3326009802264661
-0.1712323233737463,0.3332769984789589
-0.1869906132671249,0.3326009802264661
-0.17433556741620126,0.33310799391583573
-0.18466816790296015,0.32922088896400203
-0.19982305670513054,0.32465776575967553
-0.17219772946993644,0.3322629711002197
-0.17171254684603,0.3351360486733142
-0.15856785413404473,0.3417272266351192
-0.17472802718109384,0.32972790265337165
-0.16710809389404613,0.3361500760520534
-0.19914331599222998,0.32398174750718267
-0.18691461291723577,0.32753084333277
-0.1776566587142804,0.3309109345952341
-0.1865842665004278,0.32989690721649484
-0.15417787077853104,0.3353050532364374
-0.15865809451835866,0.33868514449890147
-0.16713246684610564,0.3351360486733142
-0.17256578283611193,0.33429102585769815
-0.17131094978048525,0.3339530167314517
-0.14976057108042157,0.3363190806151766
-0.1674002494352182,0.33378401216832854
-0.16450111949191476,0.33834713537265504
-0.16751851265996842,0.33429102585769815
-0.1574164691731636,0.33750211255703905
-0.17561578326553473,0.33344600304208216
-0.1932219418253212,0.32719283420652356
-0.17623347208640802,0.3288828798377556
-0.19134520268682015,0.330065911779618
-0.17828282373798426,0.336657089741423
-0.15112700921525374,0.34189623119824236
-0.15654149241882193,0.335812066925807
-0.1638595267085209,0.3319249619739733
-0.17578854227377436,0.3324319756633429
-0.17893801124502845,0.335812066925807
-0.16304089674736,0.33446003042082134
-0.19007400345905648,0.32989690721649484
-0.16671023243211838,0.3353050532364374
-0.16925242727851064,0.33023491634274127
-0.19314372306930486,0.3282068615852628
-0.1703873176811787,0.3356430623626838
-0.17100289356012383,0.34122021294574956
-0.1702311336755308,0.33361500760520535
-0.17235683953775457,0.3312489437214805
-0.1938953808700821,0.32516477944904515
-0.15729974386602075,0.3400371810038871
-0.191001885036778,0.32634781139090757
-0.17896647447286043,0.3339530167314517
-0.16884418463663994,0.33412202129457497
-0.17574721239130056,0.33496704411019096
-0.15348923328176886,0.3364880851782998
-0.17533251727298502,0.33175595741085007
-0.21035838561986014,0.3244887611965523
-0.18821234638720752,0.32584079770153795
-0.15794191266055643,0.33868514449890147
-0.17344121005873203,0.33750211255703905
-0.1586559532143734,0.33750211255703905
-0.17163510179057354,0.3353050532364374
-0.1689270559698831,0.3346290349839446
-0.16964325138274916,0.3400371810038871
-0.165130916525704,0.33378401216832854
-0.16918246977510742,0.3361500760520534
-0.17754366484622883,0.335812066925807
-0.19002694545605997,0.32753084333277
-0.1836222640903218,0.3307419300321109
-0.16085634598335238,0.34324826770322797
-0.1613340600009217,0.3353050532364374
-0.17135758001003976,0.33361500760520535
-0.18878848573496054,0.3288828798377556
-0.17881480337479586,0.32854487071150923
-0.1611055282675315,0.3353050532364374
-0.1855062810052405,0.3314179482846037
-0.16625162007487526,0.3353050532364374
-0.17540995890094194,0.3273618387696468
-0.17070215793458182,0.33361500760520535
-0.170168267821566,0.336657089741423
-0.1515830498769493,0.3434172722663512
-0.18459668075634966,0.330065911779618
-0.1531155854863037,0.33817813080953185
-0.15670516989575217,0.3393611627513943
-0.18853183610345725,0.32533378401216834
-0.17009001731937395,0.3390231536251479
-0.18489250027059817,0.33361500760520535
-0.17345160851055483,0.32600980226466114
-0.18290577284893983,0.330065911779618
-0.16940566622575032,0.3332769984789589
-0.15887176062428113,0.3378401216832854
-0.17253074268666357,0.3324319756633429
-0.1601318865845337,0.33293898935271254
-0.169226126176994,0.3378401216832854
-0.1664275435927266,0.33496704411019096
-0.17241352377113556,0.3405441946932567
-0.17501104991923436,0.3322629711002197
-0.16893079432520514,0.3361500760520534
-0.16665421165445896,0.3309109345952341
-0.1976204641701941,0.3268548250802772
-0.16675480149821592,0.3364880851782998
-0.16832527540581407,0.3354740577995606
-0.17063686679057233,0.3339530167314517
-0.16463905227173292,0.34223424032448874
-0.17802842074408143,0.33446003042082134
-0.168486138032699,0.3405441946932567
-0.17671097629967392,0.32955889809024846
-0.15620169048846946,0.3430792631401048
-0.1510549330925799,0.3391921581882711
-0.14815456720788434,0.342403244887612
-0.1828427520515977,0.32905188440087885
-0.17243292028647378,0.3309109345952341
-0.17487370868010704,0.3356430623626838
-0.14575116363325963,0.3400371810038871
-0.17344046028269114,0.3287138752746324
-0.16590860212362118,0.33817813080953185
-0.15144547072811582,0.3398681764407639
