strategy,symbol,sessions,trades,trades_per_session,win_rate,expectancy_pct,expectancy_bps,gross_bps,cost_bps,payoff_ratio,profit_factor,t_stat,p_value,kelly,suggested_size,stdev_pct,trades_needed,avg_bars_held,bonferroni_t_bar,clears_bar
ADX trend,SPY,382,419,1.0968586387434556,0.3317422434367542,0.0020048101479704897,0.20048101479704897,1.7904810147970482,1.59,2.075341714935261,1.0302589227714332,0.10068141268695213,0.919803366914878,0.009743339953001084,0.002435834988250271,0.4075969849752138,324065.0,10.083532219570406,3.5248461468124797,False
ADX trend,QQQ,382,367,0.9607329842931938,0.35149863760217986,-0.023910989893434865,-2.3910989893434866,-0.27109898934348514,2.12,1.4235323151217583,0.7715784397088522,-0.8473531149031004,0.39679832929883974,0.0,0.0,0.540587697223584,,9.88283378746594,3.5248461468124797,False
ADX trend,IWM,382,373,0.9764397905759162,0.3190348525469169,-0.006743574478545984,-0.6743574478545984,1.425642552145401,2.1,2.00816762304381,0.9408344375677694,-0.28156405442990456,0.778277805850843,0.0,0.0,0.46255924345077587,,10.088471849865952,3.5248461468124797,False
ADX trend,AAPL,382,360,0.9424083769633508,0.31666666666666665,-0.03247082758003127,-3.2470827580031267,0.7529172419968735,4.0,1.6894538625639766,0.7829176436272086,-1.2900535111987308,0.1970320794120699,0.0,0.0,0.47756982995891023,,10.51388888888889,3.5248461468124797,False
ADX trend,NVDA,382,324,0.8481675392670157,0.28703703703703703,-0.05448348029944184,-5.448348029944184,-1.4483480299441824,4.0,1.9139256033095584,0.7705414766570949,-1.045994323863645,0.2955636530454169,0.0,0.0,0.9375793185640618,,10.969135802469136,3.5248461468124797,False
ADX trend,AMD,382,340,0.8900523560209425,0.3264705882352941,-0.020398609384228064,-2.0398609384228066,1.9601390615771968,4.0,1.9028609341552913,0.9223474396997263,-0.3131561867041038,0.7541620033895842,0.0,0.0,1.2010996050513474,,10.75,3.5248461468124797,False
ADX trend,TSLA,382,374,0.9790575916230366,0.37433155080213903,0.049207198789152445,4.920719878915245,8.920719878915245,4.0,2.0484004823892112,1.2255387501473913,0.8851859030803719,0.37605637411508885,0.0688891070139524,0.0172222767534881,1.0750531964539378,3743.0,11.037433155080214,3.5248461468124797,False
ADX trend,MSFT,382,346,0.9057591623036649,0.2947976878612717,-0.030616632520678685,-3.0616632520678686,0.9383367479321326,4.0,1.8711142719472844,0.7821871136828812,-1.0632571556269252,0.2876653490470962,0.0,0.0,0.5356204583523679,,11.15028901734104,3.5248461468124797,False
ADX trend,ALL,3056,2903,0.949934554973822,0.3262142611091974,-0.013406202673395925,-1.3406202673395924,1.8297379827465259,,1.8903481052784157,0.9152145479032002,-0.9598708805993756,0.337120203294202,0.0,0.0,0.7525172883318911,,10.539097485359973,3.5248461468124797,False
Adaptive channel,SPY,382,294,0.7696335078534031,0.2585034013605442,0.00326805785509122,0.326805785509122,1.9168057855091223,1.59,3.1789783414540977,1.1082676786720709,0.2048431616769664,0.8376946638238603,0.025253432661390574,0.006313358165347643,0.27355328293771636,54932.0,1.4625850340136055,3.5248461468124797,False
Adaptive channel,QQQ,382,281,0.7356020942408377,0.2597864768683274,-0.012877998941633132,-1.2877998941633133,0.8322001058366869,2.12,2.030681039951827,0.71269094190617,-1.1875891500351374,0.23499531453966216,0.0,0.0,0.1817754899279239,,1.508896797153025,3.5248461468124797,False
Adaptive channel,IWM,382,303,0.7931937172774869,0.33003300330033003,-0.01360749517550387,-1.360749517550387,0.7392504824496127,2.1,1.4867826044232373,0.7324052238538116,-1.0017764093226167,0.31645159333093753,0.0,0.0,0.23644422053994432,,1.6072607260726073,3.5248461468124797,False
Adaptive channel,AAPL,382,221,0.5785340314136126,0.23529411764705882,-0.04243626021633172,-4.243626021633172,-0.24362602163317196,4.0,1.6369150083725865,0.5036661564223343,-3.2258666404747016,0.0012559186156944069,0.0,0.0,0.19556306322143885,,1.502262443438914,3.5248461468124797,False
Adaptive channel,NVDA,382,217,0.5680628272251309,0.35023041474654376,-0.012098710652532933,-1.2098710652532934,2.790128934746706,4.0,1.6146953277665967,0.870332233406109,-0.6174462941613712,0.5369403947980751,0.0,0.0,0.2886488084052673,,1.599078341013825,3.5248461468124797,False
Adaptive channel,AMD,382,223,0.5837696335078534,0.33183856502242154,0.031013200273615364,3.1013200273615364,7.101320027361535,4.0,2.617446643174457,1.2999399435899988,0.8123488147995076,0.4165915077017712,0.07656633751782277,0.019141584379455692,0.5701071188871812,2650.0,1.5919282511210762,3.5248461468124797,False
Adaptive channel,TSLA,382,225,0.5890052356020943,0.3333333333333333,-0.014645503313479327,-1.4645503313479327,2.535449668652068,4.0,1.7582060200264025,0.8791030100132013,-0.5832631305209819,0.5597161784256506,0.0,0.0,0.37664398486145556,,1.6133333333333333,3.5248461468124797,False
Adaptive channel,MSFT,382,249,0.6518324607329843,0.20481927710843373,-0.04559732328712298,-4.559732328712298,-0.559732328712298,4.0,1.4746142540278369,0.37982488361323063,-4.6669073528470575,3.057671164707898e-06,0.0,0.0,0.15417353951965898,,1.4497991967871486,3.5248461468124797,False
Adaptive channel,ALL,3056,2013,0.6587041884816754,0.2866368604073522,-0.013173294353601078,-1.3173294353601077,1.782263212429262,,2.0324636690548137,0.8166654157692392,-1.9477523133121606,0.051444607233025685,0.0,0.0,0.3034467949309854,,1.5394932935916543,3.5248461468124797,False
Bollinger reversion,SPY,382,355,0.9293193717277487,0.6225352112676056,-0.012207595310942254,-1.2207595310942254,0.3692404689057743,1.59,0.5325025129938024,0.8782317565047039,-0.6723604535856823,0.5013542523834205,0.0,0.0,0.34209138611590695,,11.76056338028169,3.5248461468124797,False
Bollinger reversion,QQQ,382,357,0.9345549738219895,0.5966386554621849,-0.010292421478648246,-1.0292421478648246,1.0907578521351755,2.12,0.6173741218748117,0.9131992219398256,-0.5480268467812408,0.5836734688634524,0.0,0.0,0.3548541071718423,,11.456582633053221,3.5248461468124797,False
Bollinger reversion,IWM,382,314,0.8219895287958116,0.5222929936305732,-0.04858589417391514,-4.858589417391514,-2.7585894173915135,2.1,0.6131793914961055,0.670409468035742,-2.3553750513297853,0.018504018895976193,0.0,0.0,0.36552320521821274,,12.331210191082803,3.5248461468124797,False
Bollinger reversion,AAPL,382,353,0.9240837696335078,0.5807365439093485,-0.035839216476373816,-3.5839216476373816,0.4160783523626187,4.0,0.5624395886012665,0.779054835562565,-1.264502996122625,0.20604954600913894,0.0,0.0,0.5325078280761958,,11.736543909348441,3.5248461468124797,False
Bollinger reversion,NVDA,382,350,0.9162303664921466,0.5942857142857143,0.001211323939387776,0.12113239393877759,4.121132393938779,4.0,0.686854994775462,1.0060974571358878,0.04005108585815161,0.9680523983139282,0.0036016706370010088,0.0009004176592502522,0.5658222578082623,1710628.0,11.154285714285715,3.5248461468124797,False
Bollinger reversion,AMD,382,349,0.9136125654450262,0.6160458452722063,-0.006404077065543995,-0.6404077065543995,3.3595922934456004,4.0,0.6083947664831627,0.9761557820438805,-0.13293106714034447,0.8942478969074414,0.0,0.0,0.9000005436965036,,11.48137535816619,3.5248461468124797,False
Bollinger reversion,TSLA,382,345,0.9031413612565445,0.5681159420289855,-0.042012109385192016,-4.201210938519202,-0.20121093851920113,4.0,0.6534177414267258,0.8595293779841493,-0.8736204546013898,0.3823249831316389,0.0,0.0,0.8932257639108846,,11.924637681159421,3.5248461468124797,False
Bollinger reversion,MSFT,382,369,0.9659685863874345,0.5338753387533876,-0.03733529609685987,-3.733529609685987,0.26647039031401343,4.0,0.6408131279653492,0.7339545709835685,-1.9934351707042073,0.046213815841329,0.0,0.0,0.35977473889720246,,11.997289972899729,3.5248461468124797,False
Bollinger reversion,ALL,3056,2792,0.9136125654450262,0.5798710601719198,-0.02363798943579975,-2.3637989435799747,0.8757032054171607,,0.6288310920453271,0.8679262898733031,-2.147118771940055,0.031783827200363435,0.0,0.0,0.5817175579361759,,11.723495702005732,3.5248461468124797,False
Buy and hold,SPY,382,382,1.0,0.5314136125654451,-0.0012667073096508513,-0.12667073096508513,1.4633292690349144,1.59,0.8766040383221539,0.9941375406670238,-0.03284057178068327,0.973801724046756,0.0,0.0,0.7538713664011389,,59.74869109947644,3.5248461468124797,False
Buy and hold,QQQ,382,382,1.0,0.5366492146596858,-0.001496514047438602,-0.1496514047438602,1.9703485952561377,2.12,0.8586295747945253,0.9944579821066536,-0.031936562737139906,0.9745226406539935,0.0,0.0,0.915849910115297,,59.738219895287955,3.5248461468124797,False
Buy and hold,IWM,382,382,1.0,0.5104712041884817,0.014235490221548675,1.4235490221548674,3.5235490221548713,2.1,1.0028095559194232,1.0457104994881683,0.2896987200021866,0.772046735646083,0.022313913582395317,0.005578478395598829,0.9604118998413093,35686.0,59.746073298429316,3.5248461468124797,False
Buy and hold,AAPL,382,382,1.0,0.4816753926701571,-0.06618210520206855,-6.618210520206855,-2.618210520206853,4.0,0.89752762223179,0.8340660731850976,-1.1215529883862,0.26205254973611325,0.0,0.0,1.1533270079057385,,59.74869109947644,3.5248461468124797,False
Buy and hold,NVDA,382,382,1.0,0.518324607329843,0.045799049723774396,4.57990497237744,8.579904972377438,4.0,1.0202377955439295,1.0978645843353152,0.5888287914155818,0.5559761298384123,0.04620389706605915,0.011550974266514788,1.5201943402846965,8638.0,59.74869109947644,3.5248461468124797,False
Buy and hold,AMD,382,382,1.0,0.49214659685863876,-0.00020930219800697577,-0.020930219800697578,3.9790697801993034,4.0,1.0315927536180756,0.9996878230938051,-0.002041398684321655,0.9983712006386214,0.0,0.0,2.003907358648082,,59.730366492146594,3.5248461468124797,False
Buy and hold,TSLA,382,382,1.0,0.5340314136125655,0.09075106294766383,9.075106294766384,13.075106294766384,4.0,1.0014453252107265,1.1477238558594844,0.8823760462196162,0.3775734848786485,0.06873533138322924,0.01718383284580731,2.0101556741559086,3847.0,59.74869109947644,3.5248461468124797,False
Buy and hold,MSFT,382,382,1.0,0.49476439790575916,-0.04240851874265303,-4.240851874265303,-0.2408518742653036,4.0,0.8915580390545134,0.8730801522347308,-0.922214063384808,0.35641692888565024,0.0,0.0,0.8987792642907242,,59.725130890052355,3.5248461468124797,False
Buy and hold,ALL,3056,3056,1.0,0.512434554973822,0.0049028069241461095,0.4902806924146109,3.7165306924146115,,0.9628350544106445,1.0119461041658184,0.19915031605607486,0.8421451629055983,0.0060493306379475476,0.0015123326594868869,1.3609446595853392,604099.0,59.74181937172775,3.5248461468124797,False
Buy the dip,SPY,382,1,0.002617801047120419,0.0,-0.012865497708953533,-1.2865497708953533,0.30345022910464703,1.59,0.0,0.0,,,0.0,0.0,0.0,,10.0,3.5248461468124797,False
Buy the dip,QQQ,382,1,0.002617801047120419,1.0,0.05107174174896519,5.107174174896519,7.227174174896519,2.12,0.0,,,,0.0,0.0,0.0,,10.0,3.5248461468124797,False
Buy the dip,IWM,382,1,0.002617801047120419,1.0,0.516573562698047,51.6573562698047,53.7573562698047,2.1,0.0,,,,0.0,0.0,0.0,,20.0,3.5248461468124797,False
Buy the dip,AAPL,382,1,0.002617801047120419,0.0,-1.9596527932339132,-195.96527932339131,-191.96527932339131,4.0,0.0,0.0,,,0.0,0.0,0.0,,20.0,3.5248461468124797,False
Buy the dip,NVDA,382,5,0.013089005235602094,0.8,1.2747236613347404,127.47236613347404,131.47236613347403,4.0,184.13687821872708,736.5475128749083,1.75739731257972,0.07885011107972106,0.7989138514678064,0.1997284628669516,1.6219262080740209,13.0,8.6,3.5248461468124797,False
Buy the dip,AMD,382,26,0.06806282722513089,0.5,0.03560702084508573,3.5607020845085726,7.560702084508578,4.0,1.0885192883466597,1.0885192883466595,0.16792405033525992,0.8666430293566796,0.0406604133221703,0.010165103330542574,1.0812084019383246,7229.0,7.5,3.5248461468124797,False
Buy the dip,TSLA,382,12,0.031413612565445025,0.4166666666666667,-0.07699977294141404,-7.699977294141404,-3.6999772941414077,4.0,1.1999032550488555,0.8570737536063253,-0.2028256276001808,0.8392713263160947,0.0,0.0,1.3150953406015984,,10.083333333333334,3.5248461468124797,False
Buy the dip,ALL,2674,47,0.017576664173522813,0.5106382978723404,0.10575596993304484,10.575596993304485,14.443894865644912,,1.2103053844040532,1.262927357639012,0.5852972522209547,0.5583478621454447,0.10630918520907795,0.026577296302269487,1.238731941829875,1076.0,8.914893617021276,3.5248461468124797,False
Day of week,SPY,382,72,0.18848167539267016,0.5416666666666666,0.06283176968479921,6.283176968479921,7.873176968479919,1.59,1.2237126086684489,1.4462058102445305,1.1122988147586719,0.2660096933228995,0.16712338739780552,0.04178084684945138,0.47931836116587734,457.0,60.0,3.5248461468124797,False
Day of week,QQQ,382,72,0.18848167539267016,0.5694444444444444,0.09100005415519881,9.100005415519881,11.220005415519882,2.12,1.1671237624543527,1.5436152987299503,1.3405001471579252,0.18008279651375814,0.20054136029325098,0.050135340073312745,0.5760246026193393,315.0,60.0,3.5248461468124797,False
Day of week,IWM,382,72,0.18848167539267016,0.5138888888888888,0.07070307684929539,7.0703076849295385,9.17030768492954,2.1,1.2635096564266728,1.3357102082224828,0.8826721883085026,0.377413412895788,0.12915806499801308,0.03228951624950327,0.6796809835374591,725.0,60.0,3.5248461468124797,False
Day of week,AAPL,382,72,0.18848167539267016,0.4722222222222222,-0.03661382415928681,-3.661382415928681,0.33861758407132003,4.0,1.0000584052457706,0.8947890994304263,-0.3274699164277261,0.7433124929504993,0.0,0.0,0.9487240952315402,,60.0,3.5248461468124797,False
Day of week,NVDA,382,72,0.18848167539267016,0.5694444444444444,0.19526530893565003,19.526530893565003,23.526530893565003,4.0,1.2224786819951876,1.6168266439291192,1.4088818058192005,0.1588701202943894,0.21724561930595376,0.05431140482648844,1.1760256127256965,285.0,60.0,3.5248461468124797,False
Day of week,AMD,382,72,0.18848167539267016,0.5277777777777778,-0.02301599069095692,-2.3015990690956922,1.6984009309043067,4.0,0.8579072023536586,0.9588374614540888,-0.12715565196859283,0.898817204986414,0.0,0.0,1.5358904940211626,,60.0,3.5248461468124797,False
Day of week,TSLA,382,72,0.18848167539267016,0.5694444444444444,0.30549597835518205,30.549597835518206,34.549597835518206,4.0,1.2645733186147665,1.6725001955872718,1.526320730242157,0.12693000839003288,0.22896948010849522,0.057242370027123804,1.698345101183779,243.0,60.0,3.5248461468124797,False
Day of week,MSFT,382,72,0.18848167539267016,0.5416666666666666,0.03351924263488241,3.351924263488241,7.351924263488238,4.0,0.946397629842098,1.1184699261770248,0.3605395153458502,0.7184437117431153,0.05737410413161026,0.014343526032902565,0.7888738767941119,4343.0,59.97222222222222,3.5248461468124797,False
Day of week,ALL,3056,576,0.18848167539267016,0.5381944444444444,0.0873982019705955,8.73982019705955,11.96607019705955,,1.1000037620318197,1.2819592715408423,1.9611737556834394,0.04985875723371791,0.11837264792390034,0.029593161980975086,1.0695415646959467,1175.0,59.99652777777778,3.5248461468124797,False
Donchian breakout,SPY,382,380,0.9947643979057592,0.4105263157894737,0.01108963832852348,1.108963832852348,2.6989638328523484,1.59,1.6119935289981344,1.1226383505522723,0.5463133861366163,0.5848505362597405,0.04484638370135391,0.011211595925338477,0.3957011740488444,9982.0,18.392105263157895,3.5248461468124797,False
Donchian breakout,QQQ,382,374,0.9790575916230366,0.3877005347593583,0.005995271914188224,0.5995271914188224,2.7195271914188237,2.12,1.6618005118061598,1.0522317651174373,0.19953827932803045,0.8418417027733021,0.01924507883032367,0.004811269707580917,0.5810566333308957,73644.0,18.79144385026738,3.5248461468124797,False
Donchian breakout,IWM,382,372,0.9738219895287958,0.41935483870967744,0.003492997810847661,0.3492997810847661,2.449299781084767,2.1,1.4181788981799515,1.024240315352187,0.13773413420297423,0.8904505412967241,0.009924715305990373,0.002481178826497593,0.489134392017696,153737.0,17.932795698924732,3.5248461468124797,False
Donchian breakout,AAPL,382,344,0.900523560209424,0.33430232558139533,-0.035098004537258025,-3.5098004537258025,0.4901995462741973,4.0,1.6219218903084371,0.8145022593251977,-1.2757114386752888,0.202057543532558,0.0,0.0,0.5102807643861773,,16.549418604651162,3.5248461468124797,False
Donchian breakout,NVDA,382,346,0.9057591623036649,0.35260115606936415,-0.04052119782169358,-4.052119782169358,-0.05211978216935657,4.0,1.557784229963238,0.8484360538192637,-0.7541711094369603,0.4507464829831922,0.0,0.0,0.9994255149435715,,17.208092485549134,3.5248461468124797,False
Donchian breakout,AMD,382,351,0.918848167539267,0.3903133903133903,-0.06273868405411306,-6.2738684054113065,-2.2738684054113083,4.0,1.2862856297873635,0.8234632302844338,-1.0216780346988792,0.30693331051324746,0.0,0.0,1.150468962922049,,17.08262108262108,3.5248461468124797,False
Donchian breakout,TSLA,382,365,0.9554973821989529,0.3698630136986301,-0.041778897796705086,-4.177889779670509,-0.17788977967051006,4.0,1.4983659800168112,0.879475683922911,-0.6994776655264856,0.4842535660616438,0.0,0.0,1.1411153793841795,,16.161643835616438,3.5248461468124797,False
Donchian breakout,MSFT,382,367,0.9607329842931938,0.30517711171662126,-0.0536096986384261,-5.36096986384261,-1.3609698638426104,4.0,1.566483180939635,0.6880239853538789,-2.0527176058531476,0.040099973528749944,0.0,0.0,0.5003192245766044,,16.318801089918257,3.5248461468124797,False
Donchian breakout,ALL,3056,2899,0.9486256544502618,0.371852362883753,-0.02596884917552104,-2.5968849175521043,0.6008660310508622,,1.4782763973457644,0.8751136498290687,-1.8050050304623024,0.07107389485163984,0.0,0.0,0.7746372821792412,,17.32286995515695,3.5248461468124797,False
Ensemble vote,SPY,382,580,1.5183246073298429,0.2655172413793103,-0.010868370143297047,-1.0868370143297046,0.5031629856702955,1.59,1.9876672872619567,0.7185463902308482,-1.2465106922574452,0.21257696627227363,0.0,0.0,0.20998216511215345,,1.4982758620689656,3.5248461468124797,False
Ensemble vote,QQQ,382,569,1.4895287958115184,0.28295254833040423,-0.02335999159091616,-2.335999159091616,-0.21599915909161585,2.12,1.3723830243711557,0.5415531052052844,-3.541044157677704,0.0003985468711336093,0.0,0.0,0.15736113260501483,,1.5131810193321618,3.5248461468124797,False
Ensemble vote,IWM,382,611,1.5994764397905759,0.31260229132569556,-0.016391805124326763,-1.6391805124326764,0.46081948756732394,2.1,1.496268326017943,0.6804458339748265,-2.073300152772987,0.03814435450186959,0.0,0.0,0.1954272891073098,,1.618657937806874,3.5248461468124797,False
Ensemble vote,AAPL,382,528,1.382198952879581,0.26136363636363635,-0.04041075188199463,-4.041075188199463,-0.04107518819946369,4.0,1.4467704492915188,0.5119341589800759,-4.827894260464497,1.3798432156875151e-06,0.0,0.0,0.19233403488624715,,1.5643939393939394,3.5248461468124797,False
Ensemble vote,NVDA,382,500,1.3089005235602094,0.298,-0.039397765922121804,-3.9397765922121804,0.06022340778782036,4.0,1.4527373263244394,0.6166890644511153,-3.4593654123748396,0.0005414497962319409,0.0,0.0,0.25465966228474096,,1.56,3.5248461468124797,False
Ensemble vote,AMD,382,527,1.3795811518324608,0.3206831119544592,-0.028798545377150764,-2.8798545377150764,1.1201454622849236,4.0,1.6274196359781576,0.7682511689394096,-1.4939952041075513,0.13517687279468316,0.0,0.0,0.44251363423143847,,1.5901328273244781,3.5248461468124797,False
Ensemble vote,TSLA,382,540,1.4136125654450262,0.2796296296296296,-0.06265207145423843,-6.265207145423843,-2.265207145423843,4.0,1.369868882389088,0.5317485893078466,-4.488049743098441,7.187814808462534e-06,0.0,0.0,0.32439537425466575,,1.5240740740740741,3.5248461468124797,False
Ensemble vote,MSFT,382,559,1.463350785340314,0.23613595706618962,-0.04397023855025635,-4.397023855025635,-0.397023855025634,4.0,1.3494790443913178,0.41716916594766734,-6.740127328239283,1.582467490379713e-11,0.0,0.0,0.1542398608776158,,1.5742397137745976,3.5248461468124797,False
Ensemble vote,ALL,3056,4414,1.4443717277486912,0.2820570910738559,-0.032676700981581736,-3.2676700981581734,-0.08969547196877663,,1.5191624377309072,0.5968309356184852,-8.485666389187509,0.0,0.0,0.0,0.2558399813587999,,1.5555052106932488,3.5248461468124797,False
Keltner breakout,SPY,382,162,0.42408376963350786,0.4074074074074074,0.04592084224837682,4.5920842248376825,6.182084224837682,1.59,2.2600914364036253,1.5538128625274925,0.9348849915439731,0.3498475725259085,0.14520890382139467,0.03630222595534867,0.6251858853397347,1454.0,15.37037037037037,3.5248461468124797,False
Keltner breakout,QQQ,382,135,0.35340314136125656,0.362962962962963,0.030801842425542496,3.0801842425542496,5.200184242554252,2.12,2.1969600256100725,1.2517562936615532,0.4420686082772663,0.6584395595870798,0.07300000068278284,0.01825000017069571,0.8095690613150872,5416.0,14.133333333333333,3.5248461468124797,False
Keltner breakout,IWM,382,136,0.35602094240837695,0.4264705882352941,0.06359467421628061,6.359467421628061,8.459467421628059,2.1,1.969689764334036,1.4646411068124885,0.9407702167302674,0.346822626736778,0.13529305248837936,0.03382326312209484,0.7883274353907609,1205.0,13.816176470588236,3.5248461468124797,False
Keltner breakout,AAPL,382,106,0.2774869109947644,0.36792452830188677,-0.04076673205988436,-4.0766732059884365,-0.07667320598843654,4.0,1.3713550139169628,0.7982514260113663,-0.7770154746404397,0.43714964055857664,0.0,0.0,0.5401683866585921,,12.066037735849056,3.5248461468124797,False
Keltner breakout,NVDA,382,91,0.23821989528795812,0.3626373626373626,0.10277987611926054,10.277987611926054,14.277987611926054,4.0,2.454851762085214,1.3967260025657253,0.6809631714465394,0.4958947941780658,0.10300350318947271,0.025750875797368178,1.439809920096939,1539.0,13.307692307692308,3.5248461468124797,False
Keltner breakout,AMD,382,99,0.2591623036649215,0.41414141414141414,0.06019772832324062,6.019772832324062,10.019772832324062,4.0,1.6789410990807798,1.1868376734881376,0.37174475756520015,0.7100828975891038,0.06519612584074452,0.01629903146018613,1.6112125915716953,5617.0,13.333333333333334,3.5248461468124797,False
Keltner breakout,TSLA,382,121,0.31675392670157065,0.4380165289256198,0.08478399240927534,8.478399240927533,12.478399240927537,4.0,1.5965159685821486,1.2443433284537335,0.6512680104839531,0.5148734946015396,0.08601035915741351,0.021502589789353377,1.432012476413515,2237.0,13.239669421487603,3.5248461468124797,False
Keltner breakout,MSFT,382,106,0.2774869109947644,0.36792452830188677,-0.0201647281436162,-2.0164728143616197,1.983527185638382,4.0,1.512399935139494,0.8803522010513471,-0.32276270221153647,0.7468749617442978,0.0,0.0,0.6432235863614704,,13.19811320754717,3.5248461468124797,False
Keltner breakout,ALL,3056,956,0.31282722513089006,0.39539748953974896,0.0411704738450881,4.11704738450881,7.172884204592493,,1.8538824785602106,1.212400652068788,1.245484756223171,0.2129536154481393,0.06926974549320813,0.017317436373302034,1.0220600078678648,4832.0,13.690376569037657,3.5248461468124797,False
MACD trend,SPY,382,730,1.9109947643979057,0.33424657534246577,-0.010095557372854357,-1.0095557372854356,0.5804442627145644,1.59,1.7350597377721368,0.8710999506510316,-0.8128938583368834,0.41627891608452616,0.0,0.0,0.335550498956648,,9.763013698630138,3.5248461468124797,False
MACD trend,QQQ,382,734,1.9214659685863875,0.3201634877384196,-0.018615403808412576,-1.8615403808412576,0.25845961915874205,2.12,1.7302402197496285,0.8148425884592437,-1.2833001038540286,0.19938695632284986,0.0,0.0,0.3929997390352937,,9.559945504087194,3.5248461468124797,False
MACD trend,IWM,382,721,1.887434554973822,0.361997226074896,-0.004014446178891718,-0.4014446178891718,1.6985553821108297,2.1,1.6968664380167022,0.9627872615703462,-0.24347332207950884,0.8076387492943189,0.0,0.0,0.4427329963199417,,10.21359223300971,3.5248461468124797,False
MACD trend,AAPL,382,734,1.9214659685863875,0.31607629427792916,-0.03811496507447567,-3.811496507447567,0.1885034925524331,4.0,1.6304467721435745,0.7535132492775085,-2.397337701047273,0.016514695338417873,0.0,0.0,0.4307391442093139,,10.039509536784742,3.5248461468124797,False
MACD trend,NVDA,382,734,1.9214659685863875,0.33242506811989103,-0.037772458315740644,-3.7772458315740645,0.2227541684259351,4.0,1.6142786629427508,0.8038448852204718,-1.5824473665579635,0.11354747882475946,0.0,0.0,0.6466868152929612,,9.739782016348775,3.5248461468124797,False
MACD trend,AMD,382,718,1.8795811518324608,0.3384401114206128,-0.050200633291812374,-5.020063329181237,-1.0200633291812375,4.0,1.5840625211560653,0.8103730371387871,-1.5727136358166398,0.11578514101328508,0.0,0.0,0.855306486731412,,10.096100278551532,3.5248461468124797,False
MACD trend,TSLA,382,717,1.8769633507853403,0.3668061366806137,-0.022648376335717577,-2.2648376335717577,1.7351623664282438,4.0,1.5709083928394387,0.9100196196404677,-0.714377858232874,0.4749935597005073,0.0,0.0,0.8489237138207345,,10.299860529986052,3.5248461468124797,False
MACD trend,MSFT,382,708,1.8534031413612566,0.3305084745762712,-0.02996759048562927,-2.996759048562927,1.0032409514370726,4.0,1.5502668993291924,0.765321633846057,-2.146217979146834,0.03185559181118114,0.0,0.0,0.3715306312766814,,10.225988700564972,3.5248461468124797,False
MACD trend,ALL,3056,5796,1.8965968586387434,0.33747412008281574,-0.026419814068498016,-2.6419814068498018,0.5800475786574443,,1.6380359417959582,0.8343745578523163,-3.495930859067433,0.00047241109126150427,0.0,0.0,0.5753486660805781,,9.989648033126294,3.5248461468124797,False
RSI mean reversion,SPY,382,172,0.450261780104712,0.5523255813953488,-0.06011883252989856,-6.011883252989856,-4.421883252989858,1.59,0.5555346111766666,0.685399844958225,-1.391893215500222,0.1639547366259273,0.0,0.0,0.5664594727203112,,30.47093023255814,3.5248461468124797,False
RSI mean reversion,QQQ,382,182,0.47643979057591623,0.6208791208791209,-0.01564617550857868,-1.5646175508578681,0.5553824491421316,2.12,0.5679721903640045,0.9301573552338044,-0.29660244191749713,0.7667700463449183,0.0,0.0,0.7116544499428535,,31.32967032967033,3.5248461468124797,False
RSI mean reversion,IWM,382,188,0.49214659685863876,0.526595744680851,-0.051172849472624016,-5.117284947262402,-3.0172849472624015,2.1,0.7180640874354588,0.7987454455742744,-0.9876114492613359,0.32334297685134095,0.0,0.0,0.7104481851947266,,32.952127659574465,3.5248461468124797,False
RSI mean reversion,AAPL,382,176,0.4607329842931937,0.4943181818181818,-0.08618466295286917,-8.618466295286916,-4.618466295286916,4.0,0.7443667548182559,0.7276394120133512,-1.3003397326673607,0.19348455586470825,0.0,0.0,0.8792846439032304,,36.11931818181818,3.5248461468124797,False
RSI mean reversion,NVDA,382,185,0.48429319371727747,0.5945945945945946,0.08435837408100712,8.435837408100712,12.435837408100712,4.0,0.8488703360488412,1.245009826204967,1.046807038049346,0.2951885836924748,0.11701234417410206,0.029253086043525514,1.0960930673200182,1324.0,34.016216216216215,3.5248461468124797,False
RSI mean reversion,AMD,382,183,0.4790575916230366,0.546448087431694,0.03873510291063078,3.873510291063078,7.8735102910630825,4.0,0.8864552311497539,1.068018350782836,0.2935122704640132,0.769130621828594,0.03480136616406937,0.008700341541017342,1.7852703699494563,16654.0,36.978142076502735,3.5248461468124797,False
RSI mean reversion,TSLA,382,186,0.4869109947643979,0.510752688172043,-0.22377672915381877,-22.377672915381876,-18.37767291538188,4.0,0.6296735289542443,0.6573514862709144,-1.8597982195062541,0.06291407938223226,0.0,0.0,1.6409886081981535,,37.33870967741935,3.5248461468124797,False
RSI mean reversion,MSFT,382,175,0.4581151832460733,0.49142857142857144,-0.12607686458310227,-12.607686458310226,-8.607686458310226,4.0,0.6042337352810547,0.583866306001918,-2.482766250989249,0.013036660224706731,0.0,0.0,0.6717668842822934,,36.04,3.5248461468124797,False
RSI mean reversion,ALL,3056,1447,0.4734947643979058,0.5425017277125086,-0.054573696893768904,-5.457369689376891,-2.227155453025818,,0.7151318010733697,0.8480037218166091,-1.8785360805360176,0.06030786603578875,0.0,0.0,1.1050911455077894,,34.420870767104354,3.5248461468124797,False
SMA crossover,SPY,382,302,0.7905759162303665,0.40728476821192056,-0.019555158375275602,-1.95551583752756,-0.3655158375275603,1.59,1.126641057772046,0.7741723469606798,-1.2564473379216017,0.20895382784362226,0.0,0.0,0.2704708828210787,,15.625827814569536,3.5248461468124797,False
SMA crossover,QQQ,382,305,0.7984293193717278,0.4065573770491803,-0.028988051346793615,-2.8988051346793617,-0.7788051346793606,2.12,1.0665630397324077,0.7306840714188871,-1.5534369189045387,0.1203187885920205,0.0,0.0,0.3258932154132529,,15.845901639344262,3.5248461468124797,False
SMA crossover,IWM,382,302,0.7905759162303665,0.44370860927152317,-0.02498036431955202,-2.498036431955202,-0.39803643195520266,2.1,1.0159772011639343,0.8103627675950428,-1.1582242716559348,0.24677252581027354,0.0,0.0,0.3748086262764746,,15.66225165562914,3.5248461468124797,False
SMA crossover,AAPL,382,302,0.7905759162303665,0.3973509933774834,-0.04422148945025865,-4.4221489450258655,-0.42214894502586475,4.0,1.0998377987352164,0.725167779385857,-1.6829085120073166,0.09239280353861234,0.0,0.0,0.45664250162938996,,14.109271523178808,3.5248461468124797,False
SMA crossover,NVDA,382,305,0.7984293193717278,0.4131147540983607,-0.058702207776770786,-5.870220777677079,-1.8702207776770767,4.0,1.0472857062317482,0.7371955250569848,-1.639623068116698,0.10108356367794569,0.0,0.0,0.6252595519896423,,15.20655737704918,3.5248461468124797,False
SMA crossover,AMD,382,286,0.7486910994764397,0.4230769230769231,-0.07109120772393557,-7.109120772393557,-3.109120772393556,4.0,1.0468931086922624,0.7677216130409924,-1.4271299931309798,0.15354242866028756,0.0,0.0,0.8424330086638426,,15.979020979020978,3.5248461468124797,False
SMA crossover,TSLA,382,281,0.7356020942408377,0.49466192170818507,-0.002222972466610263,-0.22229724666102632,3.777702753338974,4.0,1.0134361548209176,0.9920255318317435,-0.04132592318739043,0.9670360670043441,0.0,0.0,0.9017054185279576,,15.88967971530249,3.5248461468124797,False
SMA crossover,MSFT,382,296,0.774869109947644,0.3783783783783784,-0.0600063223560452,-6.00063223560452,-2.00063223560452,4.0,0.9747625158350879,0.593333705290923,-3.232613837999689,0.0012266325219929541,0.0,0.0,0.31936626448714855,,14.837837837837839,3.5248461468124797,False
SMA crossover,ALL,3056,2379,0.7784685863874345,0.41992433795712486,-0.038784682131170915,-3.8784682131170913,-0.666622899960304,,1.0814962361754064,0.7829092318400225,-3.3926390451364203,0.0006922278943446436,0.0,0.0,0.55759619496434,,15.387978142076502,3.5248461468124797,False
Sell in May,SPY,382,162,0.42408376963350786,0.5493827160493827,0.02949759702013728,2.9497597020137283,4.539759702013724,1.59,0.9102808438043845,1.1097944534053454,0.3653820834991382,0.7148262134119299,0.054351663800355,0.01358791595008875,1.027535647818743,9514.0,59.60493827160494,3.5248461468124797,False
Sell in May,QQQ,382,162,0.42408376963350786,0.5617283950617284,0.027197798044040586,2.7197798044040584,4.839779804404058,2.12,0.8441887038866925,1.0819883387843525,0.2848549582869068,0.7757552649798971,0.042565318227787974,0.010641329556946993,1.2152551453797575,15653.0,59.58641975308642,3.5248461468124797,False
Sell in May,IWM,382,162,0.42408376963350786,0.5123456790123457,0.0855895524043195,8.558955240431949,10.658955240431945,2.1,1.1851412955975504,1.2451484498050214,0.8790702303444149,0.37936319779626704,0.10087210805574681,0.025218027013936703,1.2392379068983719,1644.0,59.60493827160494,3.5248461468124797,False
Sell in May,AAPL,382,162,0.42408376963350786,0.4506172839506173,-0.1383947213895864,-13.839472138958639,-9.839472138958639,4.0,0.8759366442935639,0.7184648880160692,-1.2139895406472188,0.2247517182369254,0.0,0.0,1.450982210778264,,59.60493827160494,3.5248461468124797,False
Sell in May,NVDA,382,162,0.42408376963350786,0.5370370370370371,0.0943845364661847,9.43845364661847,13.438453646618473,4.0,1.0130982611001507,1.1751939828761748,0.6353119066817086,0.5252250095745146,0.08005968277702785,0.020014920694256963,1.8909121823539952,3147.0,59.60493827160494,3.5248461468124797,False
Sell in May,AMD,382,162,0.42408376963350786,0.5246913580246914,0.004190718897213176,0.4190718897213176,4.419071889721321,4.0,0.91072995252682,1.0053512462958403,0.021612567819086048,0.9827570082040804,0.0027928076843133365,0.0006982019210783341,2.467968820330783,2719058.0,59.592592592592595,3.5248461468124797,False
Sell in May,TSLA,382,162,0.42408376963350786,0.5123456790123457,0.12513657211300444,12.513657211300444,16.51365721130045,4.0,1.1354568804811582,1.1929483681004573,0.6775456564571939,0.4980598124074742,0.08286717624348044,0.02071679406087011,2.350732414414693,2767.0,59.60493827160494,3.5248461468124797,False
Sell in May,MSFT,382,162,0.42408376963350786,0.5370370370370371,-0.024708984811894895,-2.4708984811894896,1.5291015188105073,4.0,0.8059192369456322,0.9348663148569333,-0.2817917116068361,0.7781032266838288,0.0,0.0,1.1160513952229523,,59.592592592592595,3.5248461468124797,False
Sell in May,ALL,3056,1296,0.42408376963350786,0.5231481481481481,0.025361633592927296,2.5361633592927295,5.762413359292731,,0.9602894484947566,1.0535214337855097,0.5439646975026685,0.5864657662294597,0.0265771896737923,0.006644297418448075,1.6784523215146765,34339.0,59.59953703703704,3.5248461468124797,False
Stochastic reversion,SPY,382,433,1.1335078534031413,0.5011547344110855,-0.029222578675355913,-2.9222578675355915,-1.3322578675355912,1.59,0.7458863978563303,0.7493395756241837,-1.6240615433827086,0.10436267443508651,0.0,0.0,0.37442083031890294,,19.374133949191688,3.5248461468124797,False
Stochastic reversion,QQQ,382,451,1.1806282722513088,0.5077605321507761,-0.024332127687365687,-2.4332127687365688,-0.3132127687365687,2.12,0.8034255824427048,0.828758821528736,-1.0674742144344889,0.2857577514534353,0.0,0.0,0.484073116849141,,18.11308203991131,3.5248461468124797,False
Stochastic reversion,IWM,382,464,1.2146596858638743,0.5237068965517241,-0.01024585701215239,-1.024585701215239,1.0754142987847606,2.1,0.8439114119098036,0.9279206927334038,-0.47871905481615656,0.6321385082160615,0.0,0.0,0.46102721874703345,,18.521551724137932,3.5248461468124797,False
Stochastic reversion,AAPL,382,478,1.2513089005235603,0.5125523012552301,-0.06578645552108005,-6.5786455521080045,-2.5786455521080036,4.0,0.6331126576479712,0.6657193181276951,-2.3439668032558427,0.019079869534070593,0.0,0.0,0.6136192556896827,,19.797071129707113,3.5248461468124797,False
Stochastic reversion,NVDA,382,444,1.162303664921466,0.49324324324324326,-0.06876439828333958,-6.876439828333957,-2.8764398283339583,4.0,0.7629021597342889,0.7425581021413745,-1.691361374607774,0.09076780463810374,0.0,0.0,0.8566801887675046,,19.14189189189189,3.5248461468124797,False
Stochastic reversion,AMD,382,483,1.2643979057591623,0.5341614906832298,-0.021888669596710864,-2.1888669596710866,1.8111330403289119,4.0,0.8097334709493029,0.9284943800218675,-0.500956236367784,0.6164019231524769,0.0,0.0,0.9602695190076203,,18.05175983436853,3.5248461468124797,False
Stochastic reversion,TSLA,382,482,1.2617801047120418,0.5373443983402489,-0.06795211720287067,-6.795211720287067,-2.7952117202870665,4.0,0.6792051909190238,0.7888526656862204,-1.5263470918092035,0.126923446568749,0.0,0.0,0.9774019660531622,,18.6701244813278,3.5248461468124797,False
Stochastic reversion,MSFT,382,481,1.2591623036649215,0.5051975051975052,-0.018922051721345323,-1.8922051721345323,2.1077948278654683,4.0,0.8613304020072712,0.879425578520029,-0.8276344335858054,0.4078775614141019,0.0,0.0,0.5014206462844595,,18.546777546777548,3.5248461468124797,False
Stochastic reversion,ALL,3056,3716,1.2159685863874345,0.5148008611410119,-0.03842443949647764,-3.8424439496477643,-0.5886791487866226,,0.7680977846551321,0.8149589917056393,-3.3689719146317523,0.0007544911633163842,0.0,0.0,0.6952612153372143,,18.770990312163615,3.5248461468124797,False
Turn of month,AAPL,382,2,0.005235602094240838,0.5,0.12184273636267215,12.184273636267214,16.184273636267214,4.0,3.787989052011433,3.787989052011433,0.5822881008552431,0.5603726391125006,0.36800384237264394,0.09200096059316099,0.2959216408297808,47.0,1.0,3.5248461468124797,False
Turn of month,AMD,382,1,0.002617801047120419,0.0,-0.05450852375769446,-5.450852375769446,-1.450852375769446,4.0,0.0,0.0,,,0.0,0.0,0.0,,1.0,3.5248461468124797,False
Turn of month,TSLA,382,2,0.005235602094240838,1.0,0.13347419256104168,13.347419256104168,17.347419256104168,4.0,0.0,,3.0956035427761366,0.001964127831551199,0.0,0.0,0.060977127961722895,2.0,1.0,3.5248461468124797,False
Turn of month,MSFT,382,1,0.002617801047120419,0.0,-0.10752332623998218,-10.752332623998218,-6.752332623998218,4.0,0.0,0.0,,,0.0,0.0,0.0,,1.0,3.5248461468124797,False
Turn of month,ALL,1528,6,0.003926701570680628,0.5,0.05810033464162517,5.810033464162517,9.810033464162517,,2.397553574740676,2.3975535747406758,0.8192403388287653,0.4126493041478261,0.29145408667079276,0.07286352166769819,0.17371724390475532,71.0,1.0,3.5248461468124797,False
Turtle breakout,SPY,382,380,0.9947643979057592,0.4105263157894737,0.01108963832852348,1.108963832852348,2.6989638328523484,1.59,1.6119935289981344,1.1226383505522723,0.5463133861366163,0.5848505362597405,0.04484638370135391,0.011211595925338477,0.3957011740488444,9982.0,18.392105263157895,3.5248461468124797,False
Turtle breakout,QQQ,382,374,0.9790575916230366,0.3877005347593583,0.005995271914188224,0.5995271914188224,2.7195271914188237,2.12,1.6618005118061598,1.0522317651174373,0.19953827932803045,0.8418417027733021,0.01924507883032367,0.004811269707580917,0.5810566333308957,73644.0,18.79144385026738,3.5248461468124797,False
Turtle breakout,IWM,382,372,0.9738219895287958,0.41935483870967744,0.003492997810847661,0.3492997810847661,2.449299781084767,2.1,1.4181788981799515,1.024240315352187,0.13773413420297423,0.8904505412967241,0.009924715305990373,0.002481178826497593,0.489134392017696,153737.0,17.932795698924732,3.5248461468124797,False
Turtle breakout,AAPL,382,344,0.900523560209424,0.33430232558139533,-0.035098004537258025,-3.5098004537258025,0.4901995462741973,4.0,1.6219218903084371,0.8145022593251977,-1.2757114386752888,0.202057543532558,0.0,0.0,0.5102807643861773,,16.549418604651162,3.5248461468124797,False
Turtle breakout,NVDA,382,346,0.9057591623036649,0.35260115606936415,-0.04052119782169358,-4.052119782169358,-0.05211978216935657,4.0,1.557784229963238,0.8484360538192637,-0.7541711094369603,0.4507464829831922,0.0,0.0,0.9994255149435715,,17.208092485549134,3.5248461468124797,False
Turtle breakout,AMD,382,351,0.918848167539267,0.3903133903133903,-0.06273868405411306,-6.2738684054113065,-2.2738684054113083,4.0,1.2862856297873635,0.8234632302844338,-1.0216780346988792,0.30693331051324746,0.0,0.0,1.150468962922049,,17.08262108262108,3.5248461468124797,False
Turtle breakout,TSLA,382,365,0.9554973821989529,0.3698630136986301,-0.041778897796705086,-4.177889779670509,-0.17788977967051006,4.0,1.4983659800168112,0.879475683922911,-0.6994776655264856,0.4842535660616438,0.0,0.0,1.1411153793841795,,16.161643835616438,3.5248461468124797,False
Turtle breakout,MSFT,382,367,0.9607329842931938,0.30517711171662126,-0.0536096986384261,-5.36096986384261,-1.3609698638426104,4.0,1.566483180939635,0.6880239853538789,-2.0527176058531476,0.040099973528749944,0.0,0.0,0.5003192245766044,,16.318801089918257,3.5248461468124797,False
Turtle breakout,ALL,3056,2899,0.9486256544502618,0.371852362883753,-0.02596884917552104,-2.5968849175521043,0.6008660310508622,,1.4782763973457644,0.8751136498290687,-1.8050050304623024,0.07107389485163984,0.0,0.0,0.7746372821792412,,17.32286995515695,3.5248461468124797,False
VWAP reversion,AAPL,382,1,0.002617801047120419,1.0,1.0987980606607342,109.87980606607341,113.87980606607341,4.0,0.0,,,,0.0,0.0,0.0,,14.0,3.5248461468124797,False
VWAP reversion,NVDA,382,1,0.002617801047120419,0.0,-0.38339229968782346,-38.33922996878235,-34.33922996878234,4.0,0.0,0.0,,,0.0,0.0,0.0,,4.0,3.5248461468124797,False
VWAP reversion,AMD,382,7,0.01832460732984293,0.5714285714285714,0.1619218043682825,16.19218043682825,20.192180436828252,4.0,0.9651477171749083,1.2868636228998778,0.25093553562253296,0.8018639497439246,0.12738107388497932,0.03184526847124483,1.7072306046033703,872.0,10.285714285714286,3.5248461468124797,False
VWAP reversion,TSLA,382,6,0.015706806282722512,0.6666666666666666,-0.283696936331345,-28.369693633134503,-24.369693633134496,4.0,0.3548459868956281,0.7096919737912561,-0.2556908721229023,0.7981895439268882,0.0,0.0,2.717784682077426,,18.166666666666668,3.5248461468124797,False
VWAP reversion,ALL,1528,15,0.00981675392670157,0.6,0.009778451570854567,0.9778451570854567,4.977845157085454,,0.6762553146959067,1.01438297204386,0.01886211288607314,0.9849511036970107,0.008507421224676182,0.0021268553061690454,2.0078227881659094,330542.0,13.266666666666667,3.5248461468124797,False
Volatility breakout,SPY,382,623,1.630890052356021,0.3595505617977528,-0.0030222657896027327,-0.3022265789602733,1.2877734210397265,1.59,1.7173024412892623,0.9640996161623928,-0.22662834354033345,0.8207127507090395,0.0,0.0,0.3328606478011138,,12.820224719101123,3.5248461468124797,False
Volatility breakout,QQQ,382,658,1.7225130890052356,0.34498480243161095,-0.02143964375898354,-2.143964375898354,-0.02396437589835448,2.12,1.5325823868820936,0.8071837629286199,-1.4148337350912081,0.15711725046725689,0.0,0.0,0.388709455499428,,11.914893617021276,3.5248461468124797,False
Volatility breakout,IWM,382,609,1.594240837696335,0.3579638752052545,0.0006612536354539065,0.06612536354539066,2.166125363545391,2.1,1.8037693208210808,1.0056821277212165,0.03564334391684438,0.9715667468155766,0.0020225043305747703,0.0005056260826436926,0.45782370747376966,3758171.0,12.149425287356323,3.5248461468124797,False
Volatility breakout,AAPL,382,540,1.4136125654450262,0.34629629629629627,-0.02536079406818369,-2.536079406818369,1.463920593181631,4.0,1.5889649411321958,0.8417463002598317,-1.2389190330167867,0.21537548434101206,0.0,0.0,0.4756820928006863,,11.62962962962963,3.5248461468124797,False
Volatility breakout,NVDA,382,520,1.361256544502618,0.36730769230769234,-0.009252813866787356,-0.9252813866787356,3.0747186133212647,4.0,1.644715421045307,0.9548347885095856,-0.253266963564367,0.8000619232786712,0.0,0.0,0.833099653855665,,12.173076923076923,3.5248461468124797,False
Volatility breakout,AMD,382,535,1.4005235602094241,0.36822429906542054,-0.023294895117167928,-2.3294895117167926,1.670510488283208,4.0,1.573471705470017,0.9170826212354832,-0.551450585792269,0.5813248317447968,0.0,0.0,0.9770820795008517,,12.246728971962616,3.5248461468124797,False
Volatility breakout,TSLA,382,549,1.4371727748691099,0.3679417122040073,0.021616903117077344,2.1616903117077344,6.161690311707735,4.0,1.863883769556595,1.0850274393384214,0.4996372951783675,0.617330492188807,0.028833502711762493,0.007208375677940623,1.013735837137536,17242.0,11.979963570127504,3.5248461468124797,False
Volatility breakout,MSFT,382,557,1.4581151832460733,0.3177737881508079,-0.032594476397489865,-3.2594476397489864,0.7405523602510143,4.0,1.6686869492088516,0.777256815815702,-1.6887690250483451,0.09126370195682254,0.0,0.0,0.45551360399947627,,12.287253141831238,3.5248461468124797,False
Volatility breakout,ALL,3056,4591,1.5022905759162304,0.35351775212372033,-0.011510337214920955,-1.1510337214920956,2.0004430809474605,,1.7017155315893095,0.9305540120517013,-1.1912595422962775,0.233551711236355,0.0,0.0,0.6546893875733595,,12.156175125245044,3.5248461468124797,False
Z-score mean reversion,SPY,382,353,0.9240837696335078,0.6373937677053825,-0.009720956276881746,-0.9720956276881746,0.6179043723118257,1.59,0.5060686307089007,0.8895737649179896,-0.67702437268727,0.49839049060950535,0.0,0.0,0.26976899809851645,,8.770538243626062,3.5248461468124797,False
Z-score mean reversion,QQQ,382,347,0.9083769633507853,0.6138328530259366,-0.012963408069020734,-1.2963408069020734,0.8236591930979267,2.12,0.5526826498480026,0.8785179434151086,-0.764258875350784,0.4447129873914326,0.0,0.0,0.31596824554108727,,8.668587896253602,3.5248461468124797,False
Z-score mean reversion,IWM,382,323,0.8455497382198953,0.544891640866873,-0.04853820955609035,-4.853820955609035,-2.7538209556090347,2.1,0.5298809742124309,0.6344153160638627,-2.6433159455774455,0.008209838742583297,0.0,0.0,0.330016715527143,,9.380804953560371,3.5248461468124797,False
Z-score mean reversion,AAPL,382,354,0.9267015706806283,0.6016949152542372,-0.022046891991109832,-2.2046891991109834,1.7953108008890173,4.0,0.5457665806730893,0.8244558984636029,-1.1315259441361185,0.2578337900044696,0.0,0.0,0.366593271313355,,8.403954802259888,3.5248461468124797,False
Z-score mean reversion,NVDA,382,344,0.900523560209424,0.5872093023255814,-0.02909346223660632,-2.909346223660632,1.090653776339368,4.0,0.5982908560672897,0.8510898093351587,-1.0087736309030588,0.3130832100553047,0.0,0.0,0.5349102340311382,,8.555232558139535,3.5248461468124797,False
Z-score mean reversion,AMD,382,346,0.9057591623036649,0.6358381502890174,0.0009990529437413772,0.09990529437413773,4.099905294374138,4.0,0.5752107399214265,1.004336212561221,0.02607532353345356,0.9791972593366576,0.0027452254929208886,0.0006863063732302221,0.7126837352248172,3989632.0,8.176300578034683,3.5248461468124797,False
Z-score mean reversion,TSLA,382,338,0.8848167539267016,0.5828402366863905,-0.06551869097665232,-6.551869097665232,-2.551869097665232,4.0,0.5438976337353909,0.7599137152189503,-1.4576161698967334,0.1449463700982654,0.0,0.0,0.826381116416136,,9.023668639053254,3.5248461468124797,False
Z-score mean reversion,MSFT,382,366,0.9581151832460733,0.5437158469945356,-0.046477274700981806,-4.6477274700981805,-0.6477274700981805,4.0,0.5405037666041325,0.644073350624086,-2.7210681524188924,0.006507134446501084,0.0,0.0,0.3267696986866971,,9.259562841530055,3.5248461468124797,False
Z-score mean reversion,ALL,3056,2771,0.9067408376963351,0.5936485023457235,-0.028953706387111297,-2.8953706387111295,0.3407210249481995,,0.5603640368898964,0.818649059221918,-3.0617967405174835,0.002200127964623988,0.0,0.0,0.4977898906606505,,8.77661494045471,3.5248461468124797,False
